transaction_amount,transaction_frequency,transaction_hour,pin_attempts,device_change_count,new_recipient,location_change,upi_id_age_days,avg_transaction_amount,state,merchant_category,dob_year,is_fraud
541.22,6,14,1,0,0,1,354,337.18,Tamil Nadu,Education,1981,0
5653.6,9,10,1,0,0,1,588,321.41,Kerala,Fuel,1996,0
1648.9,9,21,1,0,0,1,709,1337.15,Telangana,Clothing,1992,0
543.82,3,17,1,0,0,1,290,2391.06,West Bengal,Utilities,1996,0
1714.66,2,9,1,0,0,1,11,1003.31,Maharashtra,Food,1992,0
472.23,1,21,1,0,0,1,707,19.67,Kerala,Clothing,1987,0
20776.1,12,2,3,1,0,1,8,3269.15,Delhi,Healthcare,1994,1
132.11,4,17,1,1,0,1,493,665.75,Kerala,Electronics,1990,0
557.17,1,18,1,1,0,0,304,1201.1,Uttar Pradesh,Electronics,1999,0
5918.82,20,0,4,0,1,1,22,2216.18,Maharashtra,Electronics,1992,1
322.08,8,7,1,1,0,0,44,656.85,West Bengal,Clothing,1984,0
776.99,3,8,1,1,0,0,478,362.1,Kerala,Clothing,1994,0
2128.45,4,19,1,1,0,0,526,1668.83,Delhi,Clothing,1971,0
2724.5,1,8,1,0,0,1,163,1104.2,Maharashtra,Electronics,1992,0
1263.91,2,7,1,0,0,0,320,422.51,Maharashtra,Fuel,1999,0
2084.66,6,7,1,0,0,0,262,2457.74,Karnataka,Entertainment,1986,0
8229.28,19,5,4,0,1,1,53,210.55,Tamil Nadu,Fuel,1981,1
333.09,6,17,1,0,0,0,267,1022.33,Tamil Nadu,Food,1974,0
98.02,3,7,1,0,0,1,160,139.09,Telangana,Healthcare,1984,0
618.43,8,21,1,0,0,0,498,957.91,Karnataka,Education,1998,0
73.28,6,7,1,1,0,0,147,2023.32,West Bengal,Education,1979,0
1821.36,6,17,1,1,0,1,294,411.74,Maharashtra,Food,1991,0
2483.75,8,6,1,1,0,1,29,1159.4,Karnataka,Education,1994,0
4682.51,3,14,1,0,0,0,395,449.17,Tamil Nadu,Fuel,1982,0
958.71,7,8,1,0,0,0,100,2405.57,Rajasthan,Electronics,1970,0
56.76,5,21,1,1,0,1,265,379.97,Delhi,Utilities,1999,0
416.78,2,12,1,0,0,0,271,618.91,Kerala,Healthcare,1993,0
1704.96,7,21,1,0,0,0,25,150.71,Uttar Pradesh,Electronics,1970,0
1114.15,5,21,1,0,0,1,604,256.65,Maharashtra,Utilities,1978,0
428.73,9,7,1,0,0,0,265,1247.46,Delhi,Food,1971,0
14366.28,5,23,1,1,0,0,12,4291.48,West Bengal,Grocery,1986,1
747.84,6,19,1,1,0,0,608,100.82,Gujarat,Entertainment,1999,0
196.87,6,15,1,0,0,1,501,609.55,Gujarat,Clothing,1979,0
2148.38,3,9,1,1,0,1,521,207.51,Uttar Pradesh,Clothing,1975,0
757.43,3,16,1,0,0,0,411,1279.53,Gujarat,Utilities,1991,0
454.66,2,10,1,0,0,0,379,855.66,Gujarat,Fuel,1977,0
2428.76,2,10,1,0,0,0,80,64.23,Gujarat,Healthcare,1988,0
1510.05,10,0,2,0,0,2,24,9871.69,Uttar Pradesh,Healthcare,1979,1
2214.57,9,13,1,1,0,0,91,942.67,West Bengal,Fuel,1992,0
143.11,3,16,1,0,0,1,131,206.82,Karnataka,Education,1986,0
1801.78,8,13,1,0,0,0,53,1669.62,Gujarat,Education,1982,0
3207.78,24,2,1,2,0,1,34,789.89,Gujarat,Education,1987,1
8713.92,2,15,1,1,0,0,221,1013.07,Rajasthan,Healthcare,1995,0
100.54,7,16,1,0,0,0,214,25.1,Rajasthan,Utilities,1994,0
2048.34,8,18,1,1,0,0,64,1747.27,Karnataka,Entertainment,1976,0
1484.74,12,0,1,2,1,0,18,1398.62,Kerala,Entertainment,1996,1
204.17,8,11,1,0,0,0,401,22.1,Kerala,Electronics,1981,0
2781.24,2,19,1,0,0,0,135,1724.9,Maharashtra,Education,1972,0
28.22,6,17,1,1,0,1,287,189.87,Maharashtra,Healthcare,1972,0
10.0,1,6,1,1,0,1,214,3415.8,Delhi,Healthcare,1975,0
483.16,2,10,1,1,0,0,75,984.48,Tamil Nadu,Grocery,1998,0
1858.12,4,13,1,0,0,0,480,456.02,Kerala,Utilities,1979,0
1549.41,2,8,1,1,0,0,313,1918.46,Tamil Nadu,Education,1977,0
10.0,6,18,1,1,0,0,170,1629.69,Rajasthan,Utilities,1998,0
1088.8,9,16,1,1,0,1,531,2893.58,Karnataka,Grocery,1987,0
506.89,3,7,1,0,0,1,88,859.11,Karnataka,Utilities,1984,0
173.32,9,11,1,1,0,0,312,961.49,Delhi,Food,1995,0
830.68,1,21,1,0,0,0,266,194.96,Uttar Pradesh,Healthcare,1980,0
1015.8,6,16,1,0,0,1,596,254.53,Kerala,Travel,1976,0
1294.47,3,14,1,1,0,0,553,2137.93,Delhi,Clothing,1998,0
1577.42,5,16,1,0,0,0,532,1919.57,Maharashtra,Utilities,1988,0
571.45,8,11,1,1,0,1,183,197.37,Rajasthan,Food,1970,0
753.66,2,19,1,1,0,0,450,462.84,Gujarat,Utilities,1990,0
1901.09,10,0,2,0,0,1,32,12339.34,Gujarat,Utilities,1977,1
495.0,4,18,1,0,0,1,61,247.04,Rajasthan,Entertainment,1990,0
82.4,3,8,1,0,0,0,171,426.38,Maharashtra,Food,1980,0
655.86,3,11,1,1,0,1,673,1158.75,Kerala,Entertainment,1975,0
522.8,9,12,1,1,0,1,628,699.68,Maharashtra,Utilities,1981,0
447.06,3,18,1,1,0,0,564,530.17,Rajasthan,Grocery,1978,0
619.35,5,15,1,0,0,0,65,419.25,Uttar Pradesh,Entertainment,1998,0
229.96,1,16,1,0,0,1,379,629.6,Telangana,Fuel,1994,0
1021.42,19,0,1,0,1,2,50,13786.59,Gujarat,Food,1981,1
183.32,8,17,1,0,0,0,640,505.23,Rajasthan,Electronics,1975,0
1899.87,9,11,1,1,0,0,15,564.15,Tamil Nadu,Utilities,1989,0
92.74,7,15,1,1,0,1,223,2080.25,Maharashtra,Electronics,1980,0
796.85,1,21,1,0,0,0,474,3716.76,Karnataka,Grocery,1979,0
198.33,7,20,1,0,0,1,1,1184.3,Uttar Pradesh,Entertainment,1985,0
5588.71,4,17,1,1,0,0,345,2698.72,Maharashtra,Food,1994,0
1044.76,6,15,1,1,0,0,285,2324.86,Tamil Nadu,Utilities,1981,0
1051.02,3,18,1,1,0,0,123,1212.98,Karnataka,Entertainment,1978,0
1271.42,3,17,1,0,0,1,359,579.03,Telangana,Education,1973,0
1835.71,7,11,1,1,0,0,562,1350.47,Tamil Nadu,Electronics,1995,0
1452.97,2,18,1,0,0,1,662,924.3,Delhi,Healthcare,1989,0
1240.71,4,19,1,1,0,1,294,2015.72,Telangana,Grocery,1970,0
1103.94,4,20,1,0,0,0,143,957.72,Maharashtra,Education,1976,0
559.55,6,12,1,1,0,1,241,2576.71,Uttar Pradesh,Grocery,1988,0
1066.01,6,18,1,1,0,0,642,2723.04,Tamil Nadu,Travel,1989,0
1654.7,1,21,1,1,0,1,355,159.39,Tamil Nadu,Grocery,1977,0
1255.5,3,13,1,0,0,1,438,1048.14,West Bengal,Healthcare,1982,0
440.59,7,7,1,1,0,0,708,280.94,West Bengal,Grocery,1996,0
2230.68,7,21,1,1,0,1,45,1170.15,Tamil Nadu,Healthcare,1985,0
614.27,4,6,1,0,0,1,616,292.15,Uttar Pradesh,Entertainment,1992,0
418.03,3,13,1,0,0,0,386,1976.57,Rajasthan,Utilities,1981,0
2183.92,5,14,1,1,0,1,300,2337.5,Telangana,Education,1970,0
18.22,2,19,1,1,0,1,233,153.64,Rajasthan,Fuel,1984,0
2639.53,6,14,1,1,0,1,354,65.39,Tamil Nadu,Travel,1980,0
86.06,4,7,1,1,0,0,436,3142.75,Tamil Nadu,Electronics,1996,0
1781.79,6,11,1,1,0,0,215,601.27,Tamil Nadu,Food,1976,0
1983.23,4,21,1,1,0,0,30,67.49,West Bengal,Fuel,1971,0
5056.75,9,14,1,1,0,0,95,187.41,Uttar Pradesh,Grocery,1981,0
2992.46,27,2,3,1,1,0,30,10583.92,Telangana,Fuel,1980,1
606.79,6,16,1,1,0,1,394,91.43,Uttar Pradesh,Food,1994,0
1890.81,6,18,1,1,0,1,526,736.01,West Bengal,Travel,1987,0
589.54,4,15,1,0,0,1,702,384.27,Tamil Nadu,Entertainment,1983,0
1214.05,9,10,1,1,0,1,576,112.48,Telangana,Clothing,1998,0
190.98,6,20,1,0,0,1,365,270.35,Kerala,Food,1995,0
47.56,5,17,1,1,0,1,229,10.0,Delhi,Travel,1979,0
887.62,1,10,1,1,0,1,42,3267.37,Maharashtra,Clothing,1999,0
335.53,8,17,1,1,0,1,37,48.05,Kerala,Grocery,1979,0
1210.44,4,19,1,1,0,0,690,3842.52,Delhi,Grocery,1996,0
316.29,6,16,1,1,0,1,134,10.0,Delhi,Education,1989,0
13.97,5,8,1,1,0,1,586,901.82,Delhi,Healthcare,1981,0
2059.49,4,15,1,1,0,1,638,3272.59,Rajasthan,Fuel,1983,0
513.23,4,9,1,1,0,1,264,2433.19,Delhi,Utilities,1973,0
527.78,2,18,1,1,0,1,728,1369.8,Maharashtra,Utilities,1994,0
3136.7,9,16,1,1,0,1,394,340.23,West Bengal,Healthcare,1985,0
816.11,3,18,1,0,0,0,221,1055.88,Karnataka,Electronics,1990,0
12413.34,18,23,2,1,0,0,9,107.95,Delhi,Electronics,1992,1
645.84,3,20,1,1,0,1,426,1968.6,Kerala,Grocery,1990,0
2377.09,4,18,1,1,0,1,441,286.27,Delhi,Food,1972,0
347.81,3,11,1,1,0,1,56,294.11,Rajasthan,Healthcare,1990,0
304.28,7,15,1,0,0,1,504,357.59,Kerala,Travel,1975,0
244.71,9,8,1,0,0,0,467,1162.68,Telangana,Electronics,1972,0
539.27,2,11,1,1,0,0,642,1391.68,Tamil Nadu,Electronics,1977,0
516.27,8,15,1,0,0,0,17,2682.36,Uttar Pradesh,Food,1991,0
1197.15,8,15,1,0,0,1,421,773.91,Tamil Nadu,Healthcare,1972,0
499.17,7,14,1,1,0,1,73,10.0,Uttar Pradesh,Healthcare,1992,0
558.56,6,18,1,1,0,0,429,708.0,Tamil Nadu,Fuel,1997,0
3267.99,1,15,1,1,0,0,583,145.97,Rajasthan,Fuel,1997,0
4540.77,1,17,1,1,0,1,81,562.23,Rajasthan,Clothing,1990,0
1402.93,2,19,1,1,0,0,134,2662.99,West Bengal,Utilities,1997,0
387.03,6,7,1,1,0,0,413,538.42,Gujarat,Grocery,1991,0
3128.63,24,4,1,2,0,2,18,6138.67,Telangana,Fuel,1986,1
381.11,1,18,1,0,0,1,489,560.26,Tamil Nadu,Clothing,1984,0
24.32,4,10,1,1,0,1,146,403.82,Karnataka,Electronics,1981,0
312.65,3,20,1,1,0,0,133,1189.08,Uttar Pradesh,Electronics,1997,0
1524.15,7,22,3,0,0,0,11,6725.7,Karnataka,Clothing,1986,1
57.76,6,16,1,0,0,0,174,1922.34,Uttar Pradesh,Travel,1979,0
149.23,6,16,1,0,0,0,719,1314.29,West Bengal,Travel,1983,0
33.83,7,11,1,0,0,1,630,146.34,Tamil Nadu,Electronics,1988,0
854.75,14,5,2,0,0,0,6,204.48,Gujarat,Education,1980,1
819.4,4,18,1,1,0,0,512,2209.94,Telangana,Healthcare,1996,0
1365.66,2,9,1,0,0,1,467,609.89,Rajasthan,Healthcare,1994,0
1189.65,1,22,4,0,1,2,53,7994.56,Gujarat,Utilities,1989,1
2678.54,5,7,1,1,0,0,117,2394.0,Rajasthan,Fuel,1980,0
199.21,6,21,1,0,0,0,189,920.89,Tamil Nadu,Entertainment,1987,0
2039.14,3,10,1,0,0,0,313,596.4,Karnataka,Electronics,1999,0
1734.46,7,14,1,0,0,1,127,1235.58,Karnataka,Food,1974,0
1218.1,5,19,1,0,0,1,419,932.76,Telangana,Healthcare,1998,0
550.54,3,9,1,1,0,1,565,161.0,Gujarat,Grocery,1990,0
1043.58,3,20,1,0,0,1,135,1689.38,Karnataka,Education,1973,0
217.37,9,7,1,1,0,1,137,1293.03,Rajasthan,Clothing,1992,0
505.11,4,11,1,1,0,0,93,1873.7,Uttar Pradesh,Electronics,1985,0
1807.86,2,18,1,0,0,0,84,4996.2,Telangana,Utilities,1999,0
1579.49,1,8,1,1,0,1,678,950.12,Kerala,Grocery,1999,0
3595.33,1,12,1,1,0,1,696,143.92,Rajasthan,Clothing,1974,0
177.26,6,15,1,1,0,0,699,1353.85,Tamil Nadu,Food,1986,0
6321.03,15,1,3,2,1,0,20,1884.18,Telangana,Food,1975,1
33.24,5,20,1,1,0,1,150,1550.29,Uttar Pradesh,Food,1998,0
771.38,6,6,1,1,0,1,708,603.59,Uttar Pradesh,Utilities,1976,0
3426.6,13,1,1,1,0,1,21,412.35,Maharashtra,Grocery,1982,1
1123.76,2,19,1,0,0,1,434,467.94,Gujarat,Food,1973,0
311.22,6,8,1,0,0,0,39,3748.48,Gujarat,Fuel,1983,0
1998.21,12,0,3,2,0,0,20,219.79,West Bengal,Food,1991,1
1270.91,5,13,1,1,0,1,381,139.26,Rajasthan,Utilities,1996,0
5339.25,19,23,4,0,0,0,25,467.99,Maharashtra,Fuel,1989,1
738.54,3,12,1,1,0,0,578,1876.4,Maharashtra,Electronics,1981,0
582.87,2,12,1,0,0,1,296,1678.42,West Bengal,Electronics,1976,0
1223.78,5,19,1,0,0,0,80,138.36,Delhi,Education,1993,0
545.91,5,10,1,1,0,0,268,144.44,Karnataka,Fuel,1987,0
3226.61,3,16,1,1,0,1,379,792.78,Karnataka,Utilities,1987,0
3679.83,5,8,1,0,0,0,385,120.59,Gujarat,Fuel,1987,0
137.71,8,6,1,1,0,0,117,311.79,Delhi,Healthcare,1975,0
2318.24,3,14,1,1,0,0,215,1245.59,Maharashtra,Electronics,1986,0
1470.07,23,22,3,0,0,0,3,1426.94,Uttar Pradesh,Travel,1997,1
3550.72,3,4,4,1,0,0,37,1287.44,Telangana,Fuel,1979,1
486.29,4,20,1,0,0,1,504,174.3,Maharashtra,Grocery,1999,0
1375.2,8,6,1,1,0,1,659,5036.55,Karnataka,Clothing,1975,0
2562.86,5,20,1,1,0,1,678,593.96,Gujarat,Education,1994,0
117.04,5,14,1,1,0,0,447,274.17,Kerala,Fuel,1979,0
209.83,2,10,1,0,0,0,557,2134.76,Kerala,Grocery,1996,0
951.08,4,14,1,1,0,0,72,924.1,Rajasthan,Utilities,1984,0
751.5,2,8,1,0,0,0,337,501.86,Maharashtra,Education,1994,0
1237.18,8,17,1,1,0,0,722,184.68,Uttar Pradesh,Entertainment,1996,0
4459.13,5,11,1,1,0,0,530,2316.51,Karnataka,Travel,1971,0
590.85,5,21,1,1,0,0,33,649.62,Rajasthan,Utilities,1976,0
382.14,29,0,3,1,0,2,42,19879.72,Kerala,Grocery,1989,1
2657.87,1,6,1,0,0,1,272,699.04,Telangana,Entertainment,1977,0
957.5,7,8,1,0,0,0,584,3233.47,Delhi,Education,1990,0
8421.55,22,23,4,2,0,2,46,2465.44,Gujarat,Food,1985,1
1391.52,9,8,1,1,0,0,404,764.52,Maharashtra,Clothing,1988,0
198.87,3,11,1,0,0,0,207,176.84,Telangana,Food,1994,0
225.17,3,16,1,0,0,0,47,1137.28,Telangana,Clothing,1987,0
52.79,3,17,1,0,0,1,212,2085.81,West Bengal,Clothing,1979,0
1141.14,6,16,1,0,0,0,447,483.35,Gujarat,Utilities,1994,0
482.79,5,20,1,1,0,0,123,118.98,Gujarat,Food,1979,0
184.91,3,14,1,0,0,1,260,613.91,Karnataka,Healthcare,1973,0
522.95,8,12,1,1,0,0,521,1315.86,Uttar Pradesh,Food,1973,0
766.16,6,19,1,1,0,1,267,10.4,Uttar Pradesh,Education,1979,0
599.18,9,8,1,1,0,0,223,728.37,Rajasthan,Food,1990,0
1674.94,5,18,1,1,0,0,702,1087.78,Kerala,Grocery,1986,0
1028.68,9,14,1,1,0,0,584,3037.64,Maharashtra,Healthcare,1977,0
2355.52,5,2,4,2,1,2,20,4300.32,Tamil Nadu,Education,1987,1
4523.06,6,12,1,0,0,0,326,1025.85,Tamil Nadu,Utilities,1988,0
1085.3,9,13,1,1,0,1,417,1137.91,Kerala,Education,1972,0
15648.66,20,1,1,1,0,0,18,5326.17,Gujarat,Clothing,1974,1
694.23,1,8,1,0,0,1,508,1213.87,Telangana,Fuel,1981,0
4867.25,10,1,3,2,0,0,54,62.91,Telangana,Education,1983,1
104.34,4,14,1,1,0,0,20,189.79,Tamil Nadu,Fuel,1990,0
5130.31,6,3,2,2,1,2,57,10901.26,Tamil Nadu,Healthcare,1971,1
1135.19,4,15,1,0,0,0,296,548.37,Delhi,Healthcare,1988,0
924.64,5,12,1,1,0,0,541,10.0,Telangana,Fuel,1992,0
342.36,2,9,1,0,0,1,51,378.63,Gujarat,Travel,1978,0
1841.03,3,10,1,0,0,1,82,859.3,Tamil Nadu,Electronics,1986,0
106.13,3,12,1,1,0,0,444,237.94,Rajasthan,Education,1976,0
916.27,5,21,1,1,0,1,414,1398.49,West Bengal,Electronics,1971,0
4343.14,8,16,1,1,0,1,556,262.79,Karnataka,Travel,1976,0
1942.95,3,12,1,1,0,1,8,3946.27,Tamil Nadu,Travel,1980,0
1089.59,5,11,1,0,0,0,156,10.0,Maharashtra,Food,1970,0
2083.36,8,6,1,0,0,0,17,637.24,Rajasthan,Grocery,1988,0
2106.98,6,19,1,1,0,0,429,640.75,Telangana,Clothing,1973,0
201.05,3,12,1,0,0,0,533,1367.46,Karnataka,Utilities,1981,0
10.0,7,18,1,1,0,1,529,1283.96,Kerala,Fuel,1997,0
71.2,7,8,1,0,0,1,563,415.82,Rajasthan,Electronics,1982,0
825.95,4,10,1,1,0,1,372,523.21,Delhi,Entertainment,1978,0
299.3,7,18,1,1,0,0,463,213.97,Kerala,Grocery,1993,0
155.01,2,11,1,0,0,1,50,641.13,Telangana,Entertainment,1983,0
407.64,2,13,1,1,0,0,30,248.62,Gujarat,Entertainment,1987,0
3314.71,7,20,1,0,0,0,727,1080.46,Delhi,Utilities,1980,0
1745.46,3,11,1,1,0,0,372,1677.23,Tamil Nadu,Healthcare,1982,0
94.98,4,17,1,1,0,0,613,195.35,Telangana,Electronics,1994,0
848.92,18,0,3,1,1,1,54,9447.65,Gujarat,Clothing,1985,1
440.08,2,16,1,1,0,1,454,1311.15,Karnataka,Fuel,1990,0
2147.08,3,16,1,1,0,1,400,98.89,Delhi,Fuel,1970,0
11.19,6,10,1,0,0,0,123,280.62,Karnataka,Entertainment,1999,0
3540.15,8,8,1,0,0,0,206,819.66,Uttar Pradesh,Electronics,1996,0
811.32,1,21,1,0,0,1,504,1804.66,Maharashtra,Grocery,1997,0
497.06,6,8,1,1,0,0,597,189.44,Rajasthan,Healthcare,1974,0
118.65,8,21,1,1,0,1,145,79.7,Kerala,Utilities,1971,0
1662.23,5,14,1,0,0,0,69,4431.88,Tamil Nadu,Education,1992,0
1045.15,8,7,1,1,0,1,215,369.07,Kerala,Food,1992,0
760.28,3,10,1,1,0,1,4,131.9,Kerala,Healthcare,1971,0
6569.97,13,0,2,1,0,1,50,4781.55,Tamil Nadu,Entertainment,1998,1
122.32,9,13,1,0,0,1,171,194.36,Rajasthan,Food,1983,0
490.18,5,11,1,0,0,1,118,1907.57,Rajasthan,Electronics,1979,0
1882.49,8,15,1,0,0,1,487,435.97,Uttar Pradesh,Fuel,1984,0
1267.06,7,16,1,0,0,0,685,1052.34,Karnataka,Fuel,1991,0
982.12,8,19,1,0,0,1,98,438.65,Uttar Pradesh,Education,1971,0
646.59,8,8,1,1,0,0,69,921.86,Karnataka,Utilities,1985,0
98.75,2,12,1,1,0,1,441,191.1,Telangana,Utilities,1999,0
432.47,1,16,1,0,0,1,726,783.53,Gujarat,Fuel,1999,0
6459.78,13,2,3,2,1,2,56,3565.79,Kerala,Travel,1992,1
179.57,8,7,1,0,0,1,319,1313.93,Gujarat,Grocery,1990,0
821.42,9,18,1,1,0,0,384,846.24,Uttar Pradesh,Travel,1973,0
3180.03,3,7,1,1,0,0,482,59.85,Karnataka,Fuel,1992,0
214.13,4,21,1,0,0,0,651,824.33,Rajasthan,Grocery,1995,0
2645.75,3,10,1,1,0,1,632,326.32,Uttar Pradesh,Clothing,1987,0
122.02,9,14,1,0,0,1,722,1122.84,Telangana,Electronics,1971,0
1438.76,4,14,1,1,0,0,390,114.17,Kerala,Clothing,1988,0
1684.31,1,14,1,0,0,1,398,747.13,Telangana,Utilities,1995,0
2966.83,3,19,1,0,0,1,496,124.66,Tamil Nadu,Electronics,1986,0
781.58,2,15,1,1,0,0,323,937.28,Rajasthan,Grocery,1983,0
373.7,5,9,1,1,0,1,111,673.52,Maharashtra,Grocery,1974,0
57.2,5,10,1,0,0,1,654,1736.43,Karnataka,Travel,1999,0
368.6,9,6,1,1,0,0,405,1577.15,Maharashtra,Education,1979,0
138.8,4,9,1,1,0,1,425,53.25,Gujarat,Healthcare,1978,0
1220.47,1,16,1,0,0,0,638,31.62,Rajasthan,Food,1983,0
460.87,4,10,1,0,0,1,337,437.05,Karnataka,Entertainment,1995,0
842.95,4,12,1,1,0,1,81,513.58,Karnataka,Healthcare,1992,0
3417.0,2,15,1,1,0,0,549,216.01,Uttar Pradesh,Entertainment,1993,0
834.32,6,17,1,1,0,0,401,134.01,West Bengal,Utilities,1981,0
480.45,1,19,1,0,0,1,525,3327.73,Delhi,Healthcare,1985,0
890.88,3,15,1,1,0,0,610,2117.32,Uttar Pradesh,Entertainment,1987,0
329.08,3,17,1,1,0,0,544,1339.71,Kerala,Healthcare,1992,0
2139.15,1,23,4,0,1,1,15,3649.57,Gujarat,Fuel,1973,1
962.45,6,19,1,0,0,1,521,2794.79,Gujarat,Clothing,1982,0
38.94,5,14,1,1,0,0,683,1947.31,Uttar Pradesh,Fuel,1995,0
605.18,4,13,1,1,0,0,110,2182.76,Telangana,Food,1980,0
2586.68,5,19,1,1,0,1,549,95.4,Delhi,Healthcare,1975,0
48.54,8,12,1,1,0,0,259,87.55,Gujarat,Utilities,1987,0
3914.79,4,15,1,1,0,0,590,699.1,Kerala,Grocery,1995,0
1930.66,15,2,3,2,1,0,21,401.08,Rajasthan,Education,1995,1
1294.32,8,10,1,0,0,1,612,219.87,Gujarat,Education,1993,0
730.98,8,12,1,0,0,1,189,1148.8,Telangana,Healthcare,1984,0
45.72,1,18,1,1,0,0,243,17.98,West Bengal,Electronics,1982,0
43.03,3,20,1,1,0,1,157,1755.4,Kerala,Clothing,1978,0
670.53,2,12,1,0,0,1,349,1032.3,Uttar Pradesh,Fuel,1976,0
445.41,1,9,1,0,0,1,494,1246.03,Kerala,Electronics,1996,0
2176.17,9,14,1,1,0,1,22,1966.05,Kerala,Clothing,1997,0
431.89,3,7,1,0,0,0,282,667.04,Uttar Pradesh,Healthcare,1992,0
388.53,8,20,1,1,0,0,376,42.49,Kerala,Healthcare,1981,0
16.94,5,11,1,0,0,1,406,1624.11,Gujarat,Electronics,1993,0
483.27,9,17,1,0,0,0,693,1124.31,Telangana,Utilities,1976,0
688.2,4,19,1,1,0,0,685,1575.36,Rajasthan,Education,1998,0
1824.33,5,10,1,1,0,1,385,1128.08,Uttar Pradesh,Electronics,1970,0
1296.28,6,13,1,0,0,0,393,1221.27,Maharashtra,Fuel,1987,0
139.05,4,11,1,1,0,1,450,2714.52,Delhi,Education,1991,0
1247.8,5,20,1,1,0,0,643,45.98,West Bengal,Entertainment,1973,0
487.63,5,21,1,1,0,1,36,3102.66,Tamil Nadu,Electronics,1997,0
1245.77,2,19,1,1,0,1,53,1207.78,Kerala,Fuel,1996,0
869.12,4,7,1,1,0,0,334,1337.19,Tamil Nadu,Healthcare,1975,0
63.97,7,11,1,0,0,1,540,171.49,Gujarat,Electronics,1973,0
3499.7,7,18,1,1,0,0,510,385.71,Karnataka,Entertainment,1985,0
1630.09,5,17,1,1,0,1,443,2917.15,Tamil Nadu,Utilities,1988,0
1095.27,11,22,1,2,0,0,9,1848.55,Karnataka,Healthcare,1979,1
548.38,2,21,1,0,0,0,268,314.48,Maharashtra,Utilities,1978,0
350.41,5,16,1,1,0,0,463,1155.53,Uttar Pradesh,Utilities,1975,0
287.0,9,16,1,1,0,1,262,205.82,Uttar Pradesh,Entertainment,1974,0
42.01,5,8,1,0,0,0,679,973.1,Delhi,Healthcare,1979,0
813.35,7,20,1,0,0,0,504,719.0,Delhi,Clothing,1975,0
1273.16,4,7,1,1,0,1,663,70.15,Kerala,Fuel,1975,0
4870.59,1,21,1,0,0,1,499,324.91,West Bengal,Utilities,1997,0
1972.73,7,14,1,0,0,1,314,1946.61,Maharashtra,Food,1980,0
762.38,6,9,1,0,0,1,306,25.22,Gujarat,Grocery,1983,0
3043.18,10,3,1,2,0,2,47,3251.94,Uttar Pradesh,Grocery,1996,1
3105.13,5,11,1,1,0,0,611,343.44,Karnataka,Food,1980,0
1848.22,9,13,1,0,0,1,682,1137.45,West Bengal,Electronics,1993,0
960.09,1,8,1,1,0,0,250,708.54,Maharashtra,Education,1971,0
1285.45,7,21,1,1,0,1,306,410.29,Delhi,Healthcare,1993,0
1129.16,4,20,1,0,0,0,53,1531.66,West Bengal,Clothing,1989,0
612.77,5,10,1,1,0,0,313,111.84,West Bengal,Travel,1974,0
746.1,8,7,1,0,0,0,34,749.34,Tamil Nadu,Utilities,1974,0
337.66,2,18,1,1,0,0,73,371.53,West Bengal,Entertainment,1971,0
1389.58,6,10,1,0,0,0,127,170.18,Gujarat,Food,1972,0
3575.53,9,19,1,1,0,0,239,3247.28,Maharashtra,Food,1976,0
2161.24,4,12,1,0,0,1,275,33.91,Uttar Pradesh,Food,1991,0
1107.77,1,8,1,1,0,0,542,1281.73,West Bengal,Education,1983,0
314.3,8,21,1,1,0,1,183,10.0,Rajasthan,Travel,1989,0
298.91,3,10,1,0,0,0,605,362.65,Kerala,Entertainment,1984,0
871.13,7,19,1,0,0,0,25,2831.02,Uttar Pradesh,Fuel,1981,0
1047.32,6,21,1,0,0,0,344,3451.78,Karnataka,Fuel,1987,0
1916.88,7,20,1,0,0,1,31,99.91,Tamil Nadu,Healthcare,1987,0
451.79,9,19,1,1,0,1,401,1450.65,West Bengal,Fuel,1974,0
407.15,3,19,1,1,0,1,259,77.37,West Bengal,Clothing,1980,0
2533.98,7,18,1,1,0,1,603,503.35,Karnataka,Education,1974,0
1445.11,2,20,1,0,0,1,707,742.8,Rajasthan,Food,1999,0
26.28,3,13,1,1,0,0,636,371.08,Uttar Pradesh,Electronics,1993,0
2597.16,7,8,1,1,0,0,277,2017.09,Kerala,Entertainment,1986,0
2173.59,9,19,1,1,0,1,206,3748.42,Tamil Nadu,Education,1977,0
910.19,6,16,1,0,0,1,415,224.92,Delhi,Grocery,1989,0
288.46,4,15,1,1,0,1,701,29.85,West Bengal,Education,1981,0
132.23,1,7,1,1,0,1,579,882.96,Delhi,Utilities,1986,0
49.04,4,9,1,1,0,0,147,148.17,Tamil Nadu,Entertainment,1975,0
1090.45,1,14,1,1,0,0,408,187.32,Karnataka,Travel,1995,0
435.63,2,18,1,0,0,0,313,452.36,West Bengal,Electronics,1979,0
1442.0,9,18,1,0,0,1,203,1970.33,Uttar Pradesh,Education,1990,0
2826.63,2,7,1,1,0,0,301,478.52,West Bengal,Utilities,1983,0
777.23,5,11,1,1,0,0,102,870.12,Uttar Pradesh,Entertainment,1978,0
49.25,1,14,1,0,0,0,60,1265.32,Rajasthan,Healthcare,1979,0
1652.99,2,16,1,0,0,0,64,1011.97,Rajasthan,Entertainment,1997,0
2158.53,8,11,1,1,0,1,291,104.85,Kerala,Fuel,1985,0
1108.72,2,10,1,1,0,1,533,39.28,Kerala,Education,1996,0
958.37,17,23,3,1,1,1,43,3180.66,Delhi,Utilities,1971,1
1849.02,3,20,1,1,0,0,690,931.04,Karnataka,Electronics,1986,0
816.51,7,8,1,1,0,1,660,2938.33,Uttar Pradesh,Utilities,1994,0
1384.11,7,18,1,0,0,1,157,2210.13,Telangana,Clothing,1974,0
48.82,8,14,1,1,0,0,296,2543.51,Delhi,Entertainment,1999,0
4189.28,1,14,1,0,0,1,488,993.59,Maharashtra,Utilities,1988,0
3758.59,3,13,1,1,0,1,218,1698.74,Maharashtra,Clothing,1973,0
875.69,9,11,1,0,0,0,10,287.94,Tamil Nadu,Electronics,1975,0
462.74,7,18,1,1,0,1,634,30.29,Tamil Nadu,Travel,1978,0
126.96,4,17,1,1,0,1,408,552.5,Rajasthan,Food,1996,0
96.44,9,17,1,0,0,0,579,196.1,Telangana,Education,1991,0
2431.59,2,14,1,1,0,1,401,1622.71,Delhi,Entertainment,1987,0
489.23,9,19,1,1,0,1,19,1352.37,Kerala,Fuel,1993,0
1068.49,2,12,1,0,0,0,503,1602.33,Uttar Pradesh,Food,1971,0
241.4,6,14,1,1,0,1,572,132.2,Telangana,Education,1989,0
1248.95,6,16,1,0,0,0,252,421.9,Gujarat,Entertainment,1992,0
1425.11,6,6,1,0,0,0,92,1250.42,Maharashtra,Food,1993,0
4705.28,5,8,1,1,0,0,355,1393.09,Telangana,Grocery,1985,0
3306.55,7,7,1,1,0,1,113,871.15,Delhi,Travel,1973,0
906.38,1,8,1,1,0,1,674,267.88,Gujarat,Fuel,1974,0
445.54,5,7,1,0,0,0,484,151.89,Tamil Nadu,Healthcare,1979,0
1021.57,8,12,1,1,0,0,609,199.68,Kerala,Entertainment,1979,0
191.54,5,20,1,0,0,1,351,713.93,West Bengal,Entertainment,1986,0
1259.9,9,15,1,0,0,0,53,270.58,West Bengal,Food,1999,0
259.93,1,9,1,0,0,1,57,415.7,Telangana,Healthcare,1982,0
2508.28,5,6,1,0,0,1,186,688.48,Telangana,Travel,1980,0
861.41,7,4,1,0,1,2,17,3048.4,Gujarat,Food,1993,1
2157.3,6,15,1,1,0,0,330,182.9,Tamil Nadu,Travel,1975,0
2098.52,6,19,1,1,0,0,81,1785.57,Uttar Pradesh,Electronics,1983,0
527.18,7,16,1,0,0,0,354,678.38,Kerala,Electronics,1991,0
506.08,5,12,1,0,0,1,477,1972.82,Delhi,Education,1971,0
114.98,1,21,1,1,0,1,614,565.3,Gujarat,Grocery,1982,0
1180.95,1,11,1,0,0,1,516,314.36,Gujarat,Healthcare,1990,0
10.0,5,13,1,0,0,0,581,1332.21,Uttar Pradesh,Fuel,1982,0
517.44,9,13,1,1,0,1,478,303.08,Kerala,Utilities,1973,0
75.64,5,10,1,1,0,0,365,1385.26,Telangana,Electronics,1994,0
1317.33,3,14,1,0,0,0,684,113.38,Karnataka,Fuel,1971,0
3513.11,2,15,1,0,0,0,72,117.58,West Bengal,Entertainment,1988,0
493.08,1,14,1,0,0,1,178,996.55,Karnataka,Fuel,1970,0
720.11,3,17,1,1,0,0,68,459.18,Gujarat,Clothing,1987,0
187.58,8,8,1,1,0,1,73,1482.65,Maharashtra,Travel,1994,0
854.02,4,13,1,1,0,1,725,1073.08,Telangana,Travel,1972,0
1201.59,9,13,1,1,0,0,655,3246.96,Delhi,Fuel,1990,0
1421.68,3,16,1,0,0,1,237,471.06,Delhi,Healthcare,1973,0
2111.36,7,6,1,0,0,0,94,573.14,Kerala,Food,1973,0
1285.1,2,13,1,0,0,0,52,730.21,Maharashtra,Entertainment,1979,0
1570.79,6,21,1,1,0,0,381,851.33,Kerala,Healthcare,1996,0
6157.93,6,3,3,1,1,2,15,2888.59,Uttar Pradesh,Travel,1989,1
538.91,1,11,1,1,0,0,378,143.88,Rajasthan,Education,1976,0
651.82,2,16,1,0,0,1,515,1126.68,Delhi,Clothing,1983,0
234.35,1,12,1,0,0,0,393,568.44,Uttar Pradesh,Grocery,1991,0
2081.04,3,6,1,0,0,0,703,178.0,Telangana,Utilities,1970,0
1737.15,1,19,1,0,0,1,618,1438.4,Maharashtra,Clothing,1994,0
3976.35,1,11,1,1,0,1,659,254.06,Uttar Pradesh,Electronics,1985,0
883.81,2,14,1,1,0,0,671,1903.53,West Bengal,Travel,1995,0
134.4,3,12,1,0,0,1,74,888.56,West Bengal,Entertainment,1988,0
2193.03,2,18,1,1,0,1,721,213.99,Kerala,Grocery,1980,0
482.14,19,23,4,0,1,2,9,1746.8,Telangana,Food,1978,1
3850.16,6,18,1,0,0,1,633,88.4,Uttar Pradesh,Electronics,1995,0
141.1,6,13,1,0,0,0,393,873.04,Kerala,Electronics,1972,0
247.53,4,15,1,1,0,1,546,486.35,West Bengal,Clothing,1978,0
1739.14,6,19,1,1,0,1,443,256.39,Tamil Nadu,Utilities,1992,0
524.95,6,10,1,1,0,0,635,75.47,West Bengal,Fuel,1989,0
2029.97,4,12,1,1,0,1,252,2679.32,Rajasthan,Fuel,1994,0
1510.9,26,0,3,2,1,1,22,2303.04,Delhi,Clothing,1990,1
719.87,2,20,1,0,0,1,180,2159.29,Tamil Nadu,Utilities,1996,0
3222.37,7,8,1,1,0,0,260,1420.5,West Bengal,Entertainment,1978,0
492.88,6,6,1,0,0,1,701,1522.06,Kerala,Clothing,1995,0
3047.04,2,7,1,0,0,1,282,22.85,Delhi,Clothing,1999,0
501.51,8,10,1,0,0,0,326,301.37,Maharashtra,Entertainment,1970,0
413.44,7,15,1,1,0,1,368,258.08,Tamil Nadu,Food,1986,0
403.12,9,12,1,1,0,0,202,499.45,Telangana,Electronics,1979,0
1114.32,8,14,1,1,0,1,143,372.11,Tamil Nadu,Entertainment,1979,0
1146.96,7,9,1,0,0,0,83,1818.34,West Bengal,Clothing,1997,0
914.72,8,13,1,0,0,0,60,203.53,Uttar Pradesh,Clothing,1998,0
5895.28,25,4,4,1,0,0,23,16212.92,Gujarat,Electronics,1983,1
399.14,2,19,1,0,0,0,416,1072.31,Delhi,Food,1980,0
209.34,8,14,1,0,0,0,426,931.57,West Bengal,Entertainment,1976,0
167.68,3,16,1,1,0,0,630,1550.4,Tamil Nadu,Grocery,1973,0
105.29,3,15,1,1,0,0,547,1088.03,Uttar Pradesh,Grocery,1999,0
13042.15,10,0,2,1,0,0,15,6764.12,Tamil Nadu,Travel,1994,1
10.0,4,21,1,1,0,0,423,2157.36,Maharashtra,Fuel,1989,0
1928.73,4,20,1,1,0,1,228,344.2,Rajasthan,Clothing,1996,0
571.43,4,17,1,1,0,0,166,700.74,Uttar Pradesh,Electronics,1993,0
157.12,4,12,1,0,0,0,194,592.41,Gujarat,Fuel,1977,0
5103.46,1,21,1,1,0,1,481,556.46,Uttar Pradesh,Food,1995,0
121.33,5,14,1,0,0,0,431,384.9,Gujarat,Fuel,1993,0
417.24,9,21,1,0,0,0,118,60.53,Delhi,Education,1974,0
1013.57,6,17,1,1,0,0,253,1511.7,Kerala,Food,1997,0
2743.94,1,20,1,0,0,0,717,973.39,Telangana,Fuel,1991,0
1317.48,4,14,1,1,0,1,506,1843.41,Rajasthan,Fuel,1995,0
3259.44,1,12,1,0,0,1,511,1349.68,Gujarat,Clothing,1999,0
1819.77,2,23,3,2,1,2,42,5923.74,Tamil Nadu,Healthcare,1990,1
1929.84,7,13,1,1,0,0,198,993.98,Kerala,Utilities,1975,0
1459.38,2,10,1,0,0,1,6,2528.05,Uttar Pradesh,Fuel,1994,0
1726.65,3,7,1,0,0,1,348,829.29,Uttar Pradesh,Clothing,1992,0
3644.92,14,1,1,1,1,0,48,758.54,Uttar Pradesh,Clothing,1971,1
2167.07,5,16,1,1,0,0,193,2160.7,Rajasthan,Entertainment,1982,0
721.17,14,4,2,0,0,1,37,62.53,Maharashtra,Entertainment,1973,1
1508.69,6,14,1,1,0,1,401,1310.96,Tamil Nadu,Food,1999,0
356.17,5,8,1,0,0,1,495,2676.39,Delhi,Travel,1992,0
2014.01,5,14,1,1,0,1,190,2328.12,Tamil Nadu,Healthcare,1978,0
105.17,2,12,1,0,0,0,518,184.31,Karnataka,Food,1973,0
15412.06,21,1,4,1,0,0,42,2386.19,Karnataka,Healthcare,1992,1
1214.32,2,16,1,0,0,1,379,660.45,Gujarat,Entertainment,1988,0
1623.06,7,19,1,0,0,1,383,3060.87,Uttar Pradesh,Grocery,1970,0
1787.82,18,0,3,1,1,2,26,1800.78,Kerala,Food,1982,1
12767.1,16,0,2,2,0,0,18,4253.6,Telangana,Entertainment,1999,1
177.27,8,15,1,0,0,1,82,230.19,Delhi,Utilities,1998,0
2393.36,7,14,1,1,0,1,2,136.88,West Bengal,Healthcare,1970,0
3850.16,8,7,1,1,0,0,1,73.8,Gujarat,Healthcare,1994,0
1282.85,2,10,1,0,0,0,138,2386.98,Uttar Pradesh,Clothing,1978,0
296.87,8,10,1,0,0,1,598,696.78,Karnataka,Entertainment,1993,0
578.91,1,7,1,0,0,1,59,1101.88,Tamil Nadu,Entertainment,1986,0
2940.01,1,10,1,1,0,0,435,52.66,Kerala,Entertainment,1974,0
694.81,4,19,1,1,0,1,219,1966.06,Telangana,Travel,1979,0
140.35,9,10,1,1,0,1,654,43.0,Delhi,Healthcare,1998,0
7521.52,29,5,4,0,1,1,47,2679.37,Tamil Nadu,Clothing,1997,1
369.03,3,12,1,1,0,1,71,173.6,West Bengal,Education,1987,0
305.23,22,0,1,1,0,0,44,1335.77,Gujarat,Entertainment,1973,1
210.56,7,21,1,0,0,1,536,54.84,Delhi,Clothing,1976,0
1316.78,6,20,1,0,0,1,232,746.09,Rajasthan,Clothing,1991,0
1128.34,1,21,1,0,0,0,599,852.75,Telangana,Clothing,1990,0
473.89,8,19,1,0,0,1,405,633.04,Karnataka,Entertainment,1988,0
175.44,4,12,1,1,0,1,126,2602.75,Karnataka,Grocery,1972,0
86.04,7,7,1,1,0,1,436,1045.82,Telangana,Healthcare,1977,0
201.7,5,19,1,1,0,0,172,229.9,West Bengal,Entertainment,1973,0
51.12,4,9,1,0,0,0,561,212.96,Telangana,Travel,1978,0
147.76,9,13,1,0,0,1,88,878.48,West Bengal,Education,1982,0
1398.97,1,23,3,1,1,2,48,628.84,Gujarat,Travel,1989,1
4417.14,1,18,1,1,0,0,50,2241.18,Karnataka,Healthcare,1987,0
1008.15,7,18,1,1,0,1,158,151.19,Uttar Pradesh,Food,1973,0
224.12,2,20,1,0,0,1,109,201.27,Tamil Nadu,Fuel,1999,0
628.14,1,14,1,0,0,1,685,566.44,Gujarat,Grocery,1991,0
1305.66,6,11,1,1,0,0,726,2048.28,Delhi,Clothing,1978,0
7877.78,9,1,4,0,1,1,36,5176.81,Gujarat,Clothing,1996,1
1270.98,28,3,3,2,0,2,22,4885.97,Delhi,Food,1978,1
556.72,3,20,1,1,0,0,204,1039.29,Kerala,Entertainment,1999,0
7773.27,3,5,1,2,1,2,31,2572.27,Rajasthan,Grocery,1976,1
636.74,3,18,1,1,0,0,82,1330.43,Maharashtra,Entertainment,1978,0
226.34,9,18,1,0,0,0,723,384.71,Kerala,Travel,1973,0
1040.81,2,18,1,1,0,0,236,3157.13,Maharashtra,Clothing,1979,0
3898.97,7,6,1,0,0,1,26,3915.69,Gujarat,Utilities,1974,0
1184.35,2,15,1,0,0,1,703,885.49,Uttar Pradesh,Food,1993,0
616.13,5,20,1,1,0,0,434,2114.87,Karnataka,Food,1973,0
2041.35,6,8,1,0,0,0,350,298.92,Maharashtra,Clothing,1994,0
483.13,7,18,1,0,0,0,611,1334.16,Delhi,Healthcare,1979,0
618.52,6,9,1,0,0,1,280,79.76,West Bengal,Travel,1980,0
2269.16,4,12,1,0,0,0,173,1340.11,Rajasthan,Education,1999,0
433.37,6,10,1,0,0,1,720,377.91,Uttar Pradesh,Grocery,1973,0
2462.9,7,14,1,1,0,1,68,844.62,Telangana,Fuel,1980,0
71.77,6,7,1,1,0,1,623,352.49,Uttar Pradesh,Grocery,1976,0
119.92,3,14,1,0,0,1,485,1510.84,Delhi,Fuel,1983,0
8880.98,22,22,2,0,0,2,56,2939.35,West Bengal,Food,1990,1
758.28,9,18,1,1,0,1,724,543.75,West Bengal,Education,1990,0
173.21,6,15,1,0,0,1,223,96.27,Tamil Nadu,Travel,1977,0
465.66,28,5,4,2,0,2,43,2764.71,Uttar Pradesh,Clothing,1977,1
234.02,1,16,1,1,0,0,359,265.19,Kerala,Food,1986,0
362.08,9,11,1,1,0,0,620,201.63,Rajasthan,Utilities,1989,0
743.77,7,7,1,0,0,0,517,100.15,West Bengal,Utilities,1996,0
47.28,9,18,1,0,0,0,618,433.79,Karnataka,Travel,1972,0
2731.99,6,16,1,1,0,1,566,77.07,Telangana,Fuel,1990,0
548.21,6,17,1,0,0,0,599,767.81,Tamil Nadu,Clothing,1970,0
477.83,1,10,1,1,0,0,214,1229.0,Uttar Pradesh,Healthcare,1998,0
1989.46,4,8,1,1,0,1,484,648.0,West Bengal,Clothing,1981,0
1251.65,2,8,1,0,0,0,669,783.6,Rajasthan,Electronics,1997,0
18.22,6,18,1,0,0,0,339,510.45,Kerala,Healthcare,1983,0
13.64,1,9,1,1,0,1,629,693.79,Tamil Nadu,Travel,1975,0
2067.05,6,18,1,1,0,0,364,671.18,Karnataka,Utilities,1994,0
446.05,9,8,1,1,0,1,224,330.38,Delhi,Fuel,1983,0
1764.75,21,5,1,0,0,1,18,18221.49,Gujarat,Travel,1983,1
3049.33,6,16,1,1,0,1,692,328.3,Delhi,Fuel,1971,0
626.64,7,7,1,0,0,0,565,850.86,Rajasthan,Utilities,1978,0
1127.26,7,13,1,0,0,1,108,1124.9,Maharashtra,Clothing,1978,0
392.98,1,8,1,0,0,0,133,824.92,Kerala,Electronics,1976,0
1397.13,1,20,1,1,0,0,436,506.05,Rajasthan,Travel,1975,0
15529.22,2,3,4,0,0,0,9,2311.41,Delhi,Education,1985,1
2334.53,8,13,1,1,0,1,623,2444.47,Uttar Pradesh,Fuel,1972,0
696.41,2,6,1,1,0,1,358,256.01,Gujarat,Healthcare,1983,0
556.96,8,19,1,0,0,0,544,555.66,Gujarat,Travel,1987,0
1470.42,7,20,1,0,0,0,635,2197.56,Tamil Nadu,Education,1981,0
1792.25,4,17,1,0,0,1,193,479.22,West Bengal,Healthcare,1989,0
993.11,5,6,1,1,0,0,463,241.01,Maharashtra,Healthcare,1992,0
423.92,5,14,1,0,0,1,535,573.83,Karnataka,Healthcare,1993,0
155.96,8,8,1,0,0,0,361,2698.09,Maharashtra,Travel,1995,0
21959.95,14,2,4,1,0,2,48,4583.81,Karnataka,Travel,1992,1
5314.91,24,22,4,2,0,2,59,8040.08,Uttar Pradesh,Entertainment,1974,1
53.01,4,8,1,1,0,0,658,304.05,Telangana,Healthcare,1982,0
2153.96,3,14,1,0,0,0,125,1053.65,West Bengal,Fuel,1986,0
742.1,9,11,1,1,0,1,266,355.4,Kerala,Entertainment,1984,0
149.23,1,14,1,0,0,0,11,597.26,Tamil Nadu,Food,1982,0
615.11,5,7,1,1,0,1,9,366.4,Karnataka,Electronics,1991,0
1425.95,2,21,1,0,0,1,679,686.88,Karnataka,Entertainment,1998,0
246.38,5,16,1,1,0,0,437,875.55,Delhi,Electronics,1991,0
2757.5,1,16,1,0,0,1,688,760.63,Telangana,Electronics,1977,0
906.39,2,6,1,0,0,0,373,673.18,West Bengal,Clothing,1973,0
2218.37,1,11,1,1,0,0,197,166.69,Karnataka,Utilities,1983,0
472.73,6,7,1,1,0,1,117,33.35,Karnataka,Fuel,1998,0
1716.2,2,19,1,0,0,1,646,195.78,Gujarat,Healthcare,1985,0
2056.92,7,15,1,0,0,0,341,790.09,Tamil Nadu,Food,1982,0
1651.83,4,10,1,1,0,1,415,1405.87,Delhi,Grocery,1996,0
464.39,6,18,1,1,0,1,113,527.48,West Bengal,Fuel,1973,0
1812.21,7,9,1,1,0,0,363,1533.52,Uttar Pradesh,Utilities,1985,0
7469.95,4,17,1,0,0,1,310,1089.31,Tamil Nadu,Food,1989,0
844.18,9,7,1,0,0,1,275,616.08,Karnataka,Grocery,1979,0
443.19,9,10,1,0,0,1,80,279.64,Kerala,Grocery,1994,0
1265.73,4,15,1,1,0,0,529,1014.24,West Bengal,Utilities,1994,0
177.95,1,19,1,1,0,1,717,1475.42,Gujarat,Healthcare,1981,0
560.98,8,15,1,0,0,1,509,3197.17,Tamil Nadu,Electronics,1978,0
2749.04,6,11,1,1,0,1,447,336.2,Uttar Pradesh,Entertainment,1976,0
5609.05,3,21,1,1,0,1,144,671.55,Uttar Pradesh,Clothing,1986,0
2892.16,5,11,1,0,0,0,209,47.52,Karnataka,Fuel,1987,0
2435.37,1,19,1,0,0,1,619,1184.15,Telangana,Education,1983,0
2020.03,5,12,1,0,0,1,497,1291.68,Tamil Nadu,Healthcare,1985,0
364.79,1,8,1,1,0,0,409,2770.53,West Bengal,Food,1989,0
1750.98,6,20,1,0,0,0,36,526.41,Delhi,Entertainment,1994,0
917.52,6,16,1,1,0,0,206,3049.5,Uttar Pradesh,Healthcare,1995,0
3895.49,10,4,4,2,1,1,22,9257.19,West Bengal,Travel,1986,1
395.77,8,16,1,0,0,1,79,1844.74,Rajasthan,Electronics,1994,0
676.98,8,18,1,0,0,1,627,520.48,Uttar Pradesh,Entertainment,1970,0
1301.93,1,18,1,1,0,1,476,24.77,Kerala,Travel,1990,0
1572.73,6,6,1,1,0,1,438,143.73,Uttar Pradesh,Travel,1984,0
364.65,7,10,1,0,0,1,528,369.33,Rajasthan,Grocery,1982,0
3994.63,3,9,1,0,0,0,570,1206.74,Delhi,Grocery,1975,0
303.8,6,18,1,1,0,1,240,602.29,Karnataka,Fuel,1981,0
100.1,8,15,1,0,0,1,652,386.74,Karnataka,Healthcare,1996,0
1437.47,3,11,1,0,0,1,714,4323.73,Gujarat,Food,1975,0
530.4,2,9,1,0,0,1,711,418.27,Kerala,Fuel,1997,0
257.59,3,10,1,1,0,1,309,901.13,Delhi,Entertainment,1981,0
738.84,5,18,1,0,0,1,24,2411.93,Delhi,Grocery,1991,0
217.26,5,9,1,1,0,0,154,91.68,Gujarat,Utilities,1992,0
1476.71,8,10,1,0,0,0,342,445.22,Karnataka,Travel,1984,0
1280.01,1,17,1,1,0,1,475,862.53,Uttar Pradesh,Travel,1988,0
729.17,1,13,1,1,0,1,504,903.92,Karnataka,Grocery,1986,0
445.27,6,15,1,0,0,0,454,242.27,Gujarat,Clothing,1990,0
908.41,8,13,1,0,0,1,469,1560.32,Delhi,Electronics,1989,0
104.51,8,15,1,0,0,1,526,602.14,West Bengal,Grocery,1977,0
10.0,8,19,1,0,0,0,209,1282.55,West Bengal,Healthcare,1976,0
3161.92,6,19,1,1,0,1,372,324.12,Maharashtra,Food,1995,0
1480.21,5,18,1,0,0,1,660,1553.3,Gujarat,Clothing,1981,0
585.32,5,19,1,0,0,0,436,276.14,West Bengal,Travel,1974,0
700.48,9,9,1,0,0,1,640,171.47,Kerala,Entertainment,1999,0
794.7,3,21,1,1,0,0,446,319.7,Gujarat,Fuel,1975,0
2954.32,3,7,1,0,0,1,390,300.84,Delhi,Clothing,1989,0
2226.87,2,13,1,0,0,1,192,146.08,Telangana,Fuel,1993,0
12021.04,29,22,1,1,0,2,12,7247.63,Uttar Pradesh,Food,1999,1
194.45,1,17,1,0,0,1,337,310.01,Delhi,Grocery,1976,0
2851.51,12,5,1,0,0,0,49,2081.69,Delhi,Fuel,1999,1
1474.2,29,4,3,0,1,2,41,4099.18,Gujarat,Healthcare,1974,1
942.43,7,11,1,0,0,0,4,4254.12,Telangana,Healthcare,1999,0
571.23,2,16,1,0,0,0,328,645.71,Maharashtra,Food,1972,0
1228.6,7,10,1,0,0,1,591,661.87,Karnataka,Food,1990,0
529.72,8,11,1,1,0,0,507,1142.97,Delhi,Grocery,1980,0
16999.9,8,22,3,1,1,1,1,1217.98,Maharashtra,Clothing,1998,1
1042.67,9,7,1,0,0,1,357,1712.29,Kerala,Food,1973,0
6331.28,1,16,1,1,0,0,599,127.02,West Bengal,Education,1999,0
4101.2,2,16,1,0,0,1,72,2012.36,Rajasthan,Grocery,1994,0
271.1,1,6,1,1,0,1,223,1592.04,Kerala,Clothing,1982,0
1260.94,4,12,1,0,0,0,417,264.01,Rajasthan,Clothing,1977,0
893.54,7,20,1,1,0,1,33,89.7,Rajasthan,Travel,1976,0
7440.36,20,4,2,1,1,0,26,21672.25,Tamil Nadu,Food,1978,1
3325.62,7,21,1,0,0,0,596,2332.77,Gujarat,Travel,1977,0
562.34,1,19,1,1,0,1,270,230.19,Karnataka,Grocery,1971,0
1778.35,1,9,1,1,0,0,112,1115.85,Uttar Pradesh,Clothing,1981,0
683.38,9,8,1,1,0,0,25,2064.6,Gujarat,Clothing,1982,0
149.37,6,17,1,1,0,1,209,2423.58,Tamil Nadu,Grocery,1985,0
428.33,6,14,1,0,0,0,213,1261.17,Karnataka,Travel,1992,0
1232.22,4,21,1,1,0,1,240,421.01,Rajasthan,Electronics,1990,0
765.66,1,21,1,0,0,1,24,656.9,Karnataka,Fuel,1993,0
16863.6,26,3,1,2,1,1,33,3878.54,Tamil Nadu,Healthcare,1970,1
672.6,8,17,1,1,0,1,244,2391.23,Maharashtra,Utilities,1987,0
80.61,9,15,1,0,0,0,257,3412.58,Maharashtra,Entertainment,1974,0
17225.97,7,3,4,2,1,1,32,210.76,Uttar Pradesh,Entertainment,1972,1
1029.11,7,13,1,1,0,1,513,918.15,Karnataka,Fuel,1993,0
1476.95,9,13,1,1,0,0,342,248.26,Telangana,Travel,1996,0
729.11,3,14,1,1,0,0,44,884.93,Uttar Pradesh,Clothing,1978,0
404.21,8,16,1,1,0,0,423,1468.87,Rajasthan,Electronics,1991,0
112.05,9,9,1,0,0,1,362,625.38,Maharashtra,Food,1983,0
4738.36,3,6,1,0,0,0,138,391.6,Gujarat,Healthcare,1998,0
1702.68,6,9,1,0,0,1,218,986.07,Telangana,Grocery,1984,0
995.9,3,11,1,0,0,0,331,424.43,Telangana,Education,1970,0
2115.77,4,17,1,1,0,1,229,1225.32,Kerala,Clothing,1987,0
3509.35,9,15,1,1,0,1,540,235.58,Rajasthan,Fuel,1987,0
87.63,3,13,1,0,0,0,48,142.59,West Bengal,Healthcare,1985,0
2947.18,7,16,1,1,0,1,43,1311.3,Rajasthan,Clothing,1972,0
330.5,1,21,1,0,0,0,619,155.33,Tamil Nadu,Travel,1997,0
135.84,5,10,1,1,0,1,31,329.13,Delhi,Clothing,1976,0
748.51,8,17,1,0,0,0,181,3988.06,Gujarat,Clothing,1999,0
1003.6,23,4,1,0,0,0,34,2733.57,Telangana,Clothing,1977,1
1596.63,7,16,1,1,0,1,484,583.25,Karnataka,Travel,1995,0
1854.6,4,13,1,1,0,0,494,1929.94,Telangana,Food,1973,0
1822.5,4,21,1,0,0,1,74,2946.75,Delhi,Entertainment,1978,0
3775.68,1,1,1,2,0,2,56,1557.48,Gujarat,Clothing,1970,1
582.05,4,10,1,0,0,0,100,1877.35,Telangana,Entertainment,1975,0
2312.78,5,21,1,0,0,0,275,529.62,Kerala,Clothing,1971,0
853.76,4,18,1,1,0,0,7,256.79,Rajasthan,Food,1983,0
1471.33,2,6,1,1,0,0,566,1292.92,Delhi,Clothing,1973,0
234.79,3,8,1,1,0,1,693,755.34,Telangana,Entertainment,1998,0
5833.1,24,1,4,1,0,2,29,6730.09,West Bengal,Food,1988,1
3144.19,2,6,1,1,0,0,504,519.76,Uttar Pradesh,Entertainment,1995,0
931.87,8,11,1,0,0,0,260,351.56,Tamil Nadu,Fuel,1974,0
1038.77,4,11,1,0,0,0,119,370.24,Gujarat,Food,1986,0
2170.65,4,16,1,0,0,0,255,44.51,Tamil Nadu,Food,1984,0
248.24,2,19,1,1,0,0,535,729.42,Karnataka,Food,1977,0
639.02,9,9,1,1,0,1,269,728.9,Tamil Nadu,Grocery,1974,0
374.84,2,10,1,0,0,0,53,316.73,Gujarat,Travel,1977,0
2464.52,7,15,1,0,0,0,642,293.02,Tamil Nadu,Grocery,1971,0
175.55,9,10,1,1,0,1,547,51.21,Rajasthan,Electronics,1978,0
5589.46,26,2,4,1,0,0,49,2454.82,Tamil Nadu,Clothing,1987,1
1413.68,1,11,1,1,0,1,368,256.21,Uttar Pradesh,Clothing,1977,0
367.69,5,14,1,1,0,0,154,2460.13,West Bengal,Entertainment,1981,0
392.84,9,11,1,0,0,1,652,1275.72,Tamil Nadu,Entertainment,1983,0
539.32,8,12,1,1,0,1,678,1804.21,Telangana,Electronics,1988,0
2779.27,3,15,1,0,0,0,180,950.22,Maharashtra,Grocery,1974,0
1955.21,8,14,1,0,0,0,310,658.89,Rajasthan,Education,1983,0
2143.46,5,6,1,0,0,1,667,749.42,Kerala,Food,1989,0
791.89,9,17,1,1,0,1,146,2518.06,Gujarat,Entertainment,1983,0
315.16,2,8,1,1,0,1,513,995.6,Delhi,Food,1985,0
1246.96,3,14,1,0,0,0,473,40.95,Uttar Pradesh,Fuel,1973,0
2300.15,1,14,1,0,0,0,60,90.86,Karnataka,Electronics,1999,0
44.59,8,11,1,1,0,0,2,588.09,Rajasthan,Grocery,1985,0
154.37,6,18,1,0,0,1,496,225.44,Tamil Nadu,Utilities,1994,0
160.35,8,10,1,1,0,0,109,634.08,Delhi,Entertainment,1974,0
348.74,7,7,1,1,0,0,667,436.23,Telangana,Clothing,1983,0
717.19,6,6,1,0,0,0,713,2390.8,Rajasthan,Food,1985,0
231.01,7,8,1,1,0,1,722,517.51,Tamil Nadu,Entertainment,1972,0
43.53,2,18,1,0,0,1,545,519.95,Kerala,Fuel,1984,0
676.95,1,14,1,0,0,0,353,1729.4,Gujarat,Utilities,1973,0
1959.41,5,16,1,1,0,1,441,398.45,Gujarat,Education,1981,0
396.47,25,22,1,2,1,2,18,714.22,Karnataka,Clothing,1986,1
1709.05,8,18,1,1,0,1,449,5303.8,Karnataka,Education,1997,0
3184.32,6,16,1,0,0,1,681,415.27,Gujarat,Grocery,1986,0
754.19,8,18,1,1,0,1,382,127.33,Rajasthan,Fuel,1972,0
278.88,1,7,1,0,0,1,505,1830.63,Telangana,Education,1979,0
517.57,3,10,1,1,0,1,94,2388.07,Telangana,Entertainment,1976,0
2575.67,12,3,1,1,0,1,48,177.74,Karnataka,Food,1975,1
2726.54,6,14,1,1,0,1,518,1785.14,Rajasthan,Entertainment,1996,0
2577.41,8,11,1,0,0,1,84,272.91,Kerala,Healthcare,1986,0
603.97,9,16,1,0,0,0,555,1545.81,Karnataka,Travel,1995,0
2812.11,3,18,1,1,0,1,446,643.44,Karnataka,Entertainment,1989,0
717.42,7,13,1,0,0,0,35,116.73,Gujarat,Travel,1987,0
3751.97,5,11,1,1,0,1,452,1799.12,Gujarat,Healthcare,1984,0
2442.77,8,19,1,0,0,0,100,1312.78,Karnataka,Education,1987,0
1222.68,6,10,1,0,0,0,520,5285.76,Maharashtra,Travel,1985,0
2006.35,9,12,1,0,0,1,481,536.2,Telangana,Healthcare,1988,0
811.62,6,9,1,0,0,1,292,48.89,Telangana,Education,1989,0
22.29,1,14,1,1,0,0,271,842.53,Karnataka,Utilities,1974,0
1409.59,6,16,1,0,0,1,630,429.24,Delhi,Grocery,1979,0
959.66,8,10,1,0,0,1,190,1679.78,Karnataka,Utilities,1982,0
138.52,8,12,1,0,0,0,345,589.0,Maharashtra,Grocery,1971,0
353.37,7,13,1,0,0,0,287,1279.29,Karnataka,Entertainment,1995,0
2350.68,3,17,1,0,0,0,37,409.2,Tamil Nadu,Electronics,1970,0
486.4,7,9,1,0,0,0,90,1525.64,Gujarat,Healthcare,1983,0
3000.87,7,20,1,1,0,0,526,62.67,Kerala,Clothing,1988,0
407.31,6,8,1,1,0,1,82,424.05,Maharashtra,Education,1988,0
255.63,3,10,1,0,0,1,20,312.16,Delhi,Food,1999,0
1288.71,1,14,1,1,0,1,74,110.11,Tamil Nadu,Entertainment,1999,0
1113.68,3,19,1,0,0,1,666,49.15,Telangana,Travel,1996,0
455.78,2,20,1,1,0,1,17,419.49,Maharashtra,Travel,1998,0
3282.23,7,10,1,1,0,1,716,1513.62,Tamil Nadu,Healthcare,1978,0
1419.51,7,12,1,0,0,1,135,330.74,Karnataka,Utilities,1979,0
1719.17,11,2,2,1,0,1,43,1118.47,Tamil Nadu,Food,1982,1
259.81,7,20,1,0,0,1,489,13.72,West Bengal,Electronics,1990,0
216.45,8,16,1,0,0,1,215,308.23,Uttar Pradesh,Entertainment,1973,0
2547.69,9,19,1,1,0,1,611,171.91,Telangana,Fuel,1984,0
635.48,2,19,1,0,0,0,681,789.13,Maharashtra,Utilities,1997,0
2936.78,7,12,1,0,0,0,688,3225.46,Uttar Pradesh,Clothing,1975,0
1496.07,2,12,1,1,0,1,728,946.38,Delhi,Education,1981,0
273.17,7,19,1,0,0,1,682,822.52,Telangana,Clothing,1982,0
164.79,6,21,1,0,0,1,70,170.32,Maharashtra,Travel,1981,0
753.68,4,20,1,1,0,1,250,1251.06,Uttar Pradesh,Utilities,1997,0
3885.41,18,5,4,1,0,2,59,6405.92,Tamil Nadu,Food,1985,1
596.64,3,15,1,0,0,1,489,728.82,Gujarat,Travel,1990,0
1669.63,9,21,1,1,0,1,595,115.8,West Bengal,Travel,1982,0
1703.29,1,6,1,0,0,0,587,1237.46,Kerala,Travel,1980,0
2481.09,7,7,1,1,0,0,223,3637.13,Kerala,Healthcare,1981,0
1198.14,6,16,1,1,0,1,210,1516.4,Delhi,Utilities,1994,0
172.21,6,13,1,1,0,0,548,276.42,West Bengal,Travel,1980,0
903.37,4,19,1,0,0,1,296,262.7,Kerala,Travel,1996,0
389.14,8,20,1,1,0,0,616,999.85,Uttar Pradesh,Healthcare,1992,0
1022.18,9,18,1,0,0,1,431,444.88,Karnataka,Fuel,1999,0
1680.87,4,9,1,0,0,1,445,511.19,Gujarat,Healthcare,1998,0
2543.64,6,19,1,1,0,0,568,349.11,Rajasthan,Education,1996,0
370.33,7,10,1,1,0,0,684,1236.68,Gujarat,Electronics,1996,0
354.07,8,19,1,0,0,1,102,1008.58,Uttar Pradesh,Utilities,1989,0
2543.4,8,16,1,0,0,1,502,2797.83,West Bengal,Clothing,1982,0
485.43,4,6,1,0,0,1,356,507.68,Kerala,Clothing,1988,0
707.4,8,8,1,0,0,0,421,1475.29,West Bengal,Healthcare,1973,0
585.88,4,13,1,1,0,1,488,554.25,West Bengal,Travel,1981,0
11984.34,25,2,2,2,0,2,53,1874.28,Kerala,Electronics,1973,1
1400.25,20,1,4,1,0,0,48,75.67,West Bengal,Food,1996,1
2052.32,6,16,1,1,0,0,626,501.9,Uttar Pradesh,Fuel,1975,0
1147.65,7,10,1,1,0,0,375,2207.11,Rajasthan,Entertainment,1997,0
46.41,8,7,1,1,0,1,629,1325.58,Uttar Pradesh,Education,1970,0
384.35,6,20,1,1,0,0,244,2697.85,Telangana,Electronics,1992,0
479.02,7,19,1,1,0,1,390,157.83,Karnataka,Travel,1998,0
746.14,1,11,1,0,0,1,295,324.41,Karnataka,Clothing,1986,0
3112.37,4,7,1,1,0,1,274,239.6,Kerala,Food,1980,0
1289.67,6,16,1,0,0,1,195,313.87,Karnataka,Grocery,1990,0
722.75,9,21,1,1,0,0,568,32.78,Gujarat,Clothing,1979,0
114.75,1,13,1,1,0,0,452,728.65,Kerala,Clothing,1983,0
4287.6,4,12,1,1,0,1,487,583.91,Uttar Pradesh,Healthcare,1975,0
481.91,2,7,1,1,0,1,437,72.65,Delhi,Grocery,1981,0
283.1,9,18,1,0,0,1,561,469.37,Kerala,Electronics,1978,0
1799.8,9,21,1,0,0,1,473,843.89,Kerala,Grocery,1984,0
1195.39,2,17,1,1,0,1,702,1210.94,West Bengal,Travel,1978,0
1911.22,9,11,1,0,0,0,568,10.0,Maharashtra,Utilities,1974,0
5035.44,4,21,1,0,0,0,152,244.29,West Bengal,Education,1972,0
651.64,8,9,1,1,0,1,218,2176.44,Karnataka,Travel,1990,0
3105.61,5,14,1,0,0,0,19,1587.01,Tamil Nadu,Grocery,1970,0
2157.14,4,19,1,1,0,1,461,369.92,Maharashtra,Travel,1979,0
666.24,7,11,1,0,0,1,721,2652.07,Tamil Nadu,Utilities,1971,0
155.61,5,10,1,0,0,0,302,427.33,Delhi,Entertainment,1994,0
1795.71,4,21,1,1,0,1,38,5768.38,Kerala,Travel,1987,0
7847.64,14,0,4,0,0,2,29,2696.3,Maharashtra,Utilities,1996,1
784.61,7,18,1,1,0,1,267,527.19,West Bengal,Electronics,1972,0
32.61,5,8,1,1,0,1,253,916.83,Maharashtra,Clothing,1995,0
126.35,1,6,1,0,0,0,294,12.28,Maharashtra,Healthcare,1988,0
3250.88,6,15,1,1,0,1,673,567.33,Rajasthan,Clothing,1999,0
109.12,2,7,1,1,0,0,386,1289.2,Tamil Nadu,Fuel,1997,0
4554.46,5,12,1,0,0,1,125,487.48,Maharashtra,Education,1989,0
1470.14,3,19,1,0,0,1,665,289.81,Tamil Nadu,Entertainment,1977,0
366.06,2,14,1,1,0,0,214,2135.79,Delhi,Electronics,1985,0
168.28,4,18,1,1,0,0,218,558.13,West Bengal,Clothing,1970,0
646.73,5,20,1,0,0,0,247,513.7,Karnataka,Entertainment,1970,0
203.82,8,16,1,0,0,0,663,179.92,Kerala,Travel,1982,0
440.14,4,14,1,1,0,1,182,1513.37,Telangana,Clothing,1974,0
1446.45,1,14,1,1,0,1,363,694.47,Delhi,Fuel,1984,0
94.22,3,14,1,1,0,0,40,197.17,Delhi,Travel,1998,0
3059.82,4,6,1,1,0,1,31,2538.63,Kerala,Grocery,1991,0
338.77,3,9,1,1,0,1,571,245.75,Maharashtra,Clothing,1984,0
117.74,4,19,1,0,0,1,561,924.58,Delhi,Travel,1999,0
76.84,2,19,1,0,0,0,115,1102.23,Kerala,Fuel,1975,0
994.02,7,15,1,1,0,1,191,112.2,West Bengal,Grocery,1997,0
30.21,9,12,1,0,0,0,367,400.29,Maharashtra,Food,1999,0
1050.24,1,6,1,0,0,1,571,561.74,Maharashtra,Grocery,1980,0
612.3,5,20,1,0,0,1,670,382.6,Tamil Nadu,Utilities,1977,0
1505.09,2,11,1,1,0,1,647,434.23,Tamil Nadu,Clothing,1977,0
333.52,6,18,1,1,0,1,597,257.69,Tamil Nadu,Grocery,1994,0
1840.86,1,12,1,1,0,1,630,1446.98,Kerala,Entertainment,1975,0
94.54,7,18,1,0,0,1,514,3453.9,Karnataka,Entertainment,1979,0
3043.27,8,8,1,0,0,1,615,881.41,Gujarat,Clothing,1990,0
7284.09,18,0,1,0,1,2,51,7703.13,Delhi,Food,1976,1
141.34,3,7,1,1,0,0,219,1237.59,Telangana,Grocery,1979,0
924.87,1,11,1,0,0,0,13,560.01,Delhi,Grocery,1980,0
501.83,3,13,1,1,0,1,547,539.39,Gujarat,Electronics,1995,0
628.39,9,19,1,1,0,0,126,7339.36,Gujarat,Clothing,1996,0
432.9,22,22,2,1,1,2,42,1492.24,Tamil Nadu,Utilities,1993,1
608.57,8,21,1,0,0,1,311,1535.32,Uttar Pradesh,Grocery,1978,0
122.22,6,10,1,1,0,0,513,1096.36,Uttar Pradesh,Grocery,1984,0
519.15,6,10,1,0,0,0,457,589.87,Maharashtra,Education,1983,0
887.35,4,7,1,1,0,1,343,1094.93,Uttar Pradesh,Fuel,1976,0
217.83,7,16,1,1,0,0,310,2910.34,Delhi,Travel,1982,0
1314.25,9,11,1,0,0,1,316,112.0,Gujarat,Travel,1980,0
1144.46,7,20,1,0,0,0,493,926.8,Maharashtra,Food,1992,0
1122.99,2,11,1,1,0,1,287,1169.78,Kerala,Food,1990,0
270.21,7,13,1,1,0,0,694,144.83,Delhi,Fuel,1981,0
6135.43,17,0,2,2,1,1,8,2962.22,Tamil Nadu,Fuel,1996,1
4218.03,8,16,1,1,0,0,30,2142.59,Uttar Pradesh,Travel,1984,0
1268.74,3,6,1,0,0,1,401,1161.36,Gujarat,Healthcare,1977,0
64.7,8,16,1,0,0,1,348,161.25,Kerala,Travel,1977,0
680.14,7,8,1,1,0,1,450,925.63,Telangana,Utilities,1973,0
6083.24,6,6,1,1,0,0,216,469.14,Uttar Pradesh,Clothing,1982,0
3311.21,10,1,4,2,0,0,18,6938.94,West Bengal,Healthcare,1991,1
1544.27,1,19,1,0,0,1,339,356.38,Maharashtra,Healthcare,1983,0
429.01,8,7,1,0,0,0,107,1456.56,Uttar Pradesh,Electronics,1971,0
2356.24,3,20,1,1,0,0,660,203.18,Maharashtra,Clothing,1996,0
1840.01,6,11,1,0,0,1,294,800.0,Tamil Nadu,Education,1977,0
9750.32,20,23,3,0,0,0,19,7191.49,Delhi,Clothing,1971,1
2527.76,2,7,1,0,0,1,386,1164.11,Karnataka,Travel,1996,0
1267.38,5,7,1,1,0,1,171,10.0,Tamil Nadu,Fuel,1981,0
1982.94,6,19,1,0,0,1,95,2551.36,Maharashtra,Healthcare,1982,0
765.64,5,16,1,1,0,0,617,58.12,Rajasthan,Food,1984,0
97.34,8,13,1,0,0,0,216,441.14,Telangana,Clothing,1970,0
1329.02,1,11,1,0,0,1,621,2925.93,Rajasthan,Fuel,1995,0
2032.53,8,12,1,0,0,1,672,20.2,Rajasthan,Electronics,1997,0
560.51,2,19,1,1,0,1,128,652.43,Rajasthan,Fuel,1995,0
268.33,4,20,1,0,0,1,572,1254.53,Uttar Pradesh,Entertainment,1985,0
2130.28,9,13,1,0,0,1,654,98.8,Maharashtra,Entertainment,1983,0
11.91,5,7,1,0,0,1,200,2560.8,Delhi,Travel,1982,0
1925.34,4,14,1,0,0,0,614,230.75,West Bengal,Clothing,1975,0
3182.76,1,7,1,0,0,0,600,2299.26,Kerala,Entertainment,1980,0
2011.98,8,19,1,0,0,0,219,53.19,Tamil Nadu,Food,1984,0
1121.84,8,17,1,0,0,1,502,2207.47,Delhi,Food,1979,0
389.21,2,17,1,1,0,1,726,1370.89,Uttar Pradesh,Electronics,1994,0
2016.41,6,10,1,0,0,1,16,2380.38,Tamil Nadu,Travel,1977,0
23.93,1,10,1,1,0,0,424,604.41,Rajasthan,Utilities,1999,0
1119.19,6,15,1,1,0,0,566,2342.14,Uttar Pradesh,Food,1973,0
172.99,1,16,1,1,0,1,58,601.87,West Bengal,Grocery,1997,0
262.94,5,12,1,0,0,1,436,1400.96,Tamil Nadu,Travel,1979,0
292.98,5,11,1,0,0,0,246,538.77,Rajasthan,Utilities,1980,0
894.33,1,12,1,0,0,1,21,1415.45,Uttar Pradesh,Travel,1982,0
461.68,8,8,1,1,0,1,720,446.33,Tamil Nadu,Healthcare,1973,0
156.27,1,18,1,1,0,0,626,102.94,Rajasthan,Travel,1995,0
1089.79,6,14,1,0,0,0,390,117.16,Karnataka,Education,1995,0
36.54,5,12,1,0,0,0,24,88.16,Kerala,Education,1984,0
3296.41,6,15,1,0,0,1,251,1026.88,West Bengal,Grocery,1972,0
2420.86,1,18,1,0,0,1,410,1158.21,Tamil Nadu,Entertainment,1995,0
1479.83,1,13,1,1,0,0,101,2538.16,Kerala,Electronics,1979,0
852.93,6,11,1,0,0,1,514,1480.44,Telangana,Entertainment,1994,0
154.15,9,17,1,1,0,1,538,1405.07,Rajasthan,Entertainment,1975,0
3845.63,3,17,1,0,0,1,305,256.73,Gujarat,Grocery,1995,0
2085.61,5,20,1,0,0,1,729,419.86,West Bengal,Food,1990,0
1311.8,4,22,3,1,0,2,34,1992.64,West Bengal,Utilities,1982,1
183.66,3,7,1,1,0,1,461,187.01,Maharashtra,Healthcare,1991,0
1702.33,6,11,1,0,0,1,614,2110.48,Maharashtra,Clothing,1997,0
3723.14,2,16,1,1,0,1,285,305.19,Delhi,Electronics,1970,0
3304.67,3,14,1,1,0,0,429,293.37,Tamil Nadu,Food,1977,0
613.23,6,12,1,1,0,1,655,295.43,Karnataka,Grocery,1997,0
24.59,9,21,1,0,0,0,574,352.21,Rajasthan,Clothing,1988,0
987.1,4,11,1,1,0,1,166,570.63,Telangana,Education,1995,0
130.51,8,18,1,1,0,1,436,171.06,Rajasthan,Healthcare,1971,0
1586.39,6,14,1,1,0,0,604,718.07,Telangana,Clothing,1979,0
1104.28,3,9,1,0,0,1,680,314.98,Telangana,Education,1997,0
129.16,7,12,1,1,0,0,551,2002.76,Kerala,Utilities,1986,0
1492.27,8,7,1,0,0,1,719,1777.43,Maharashtra,Grocery,1991,0
328.35,9,15,1,1,0,0,561,977.63,Maharashtra,Travel,1977,0
1985.92,8,12,1,1,0,1,646,14.75,Uttar Pradesh,Education,1983,0
548.01,4,7,1,1,0,0,528,880.99,West Bengal,Travel,1973,0
372.61,5,3,1,2,1,2,20,4512.78,Gujarat,Utilities,1975,1
352.08,4,8,1,1,0,0,603,211.5,Rajasthan,Utilities,1995,0
1925.13,2,14,1,0,0,0,371,372.54,Gujarat,Food,1991,0
142.85,5,14,1,0,0,0,618,1526.46,Gujarat,Education,1977,0
678.24,1,16,1,0,0,0,289,124.09,West Bengal,Healthcare,1987,0
2765.25,9,6,1,1,0,1,54,87.93,West Bengal,Clothing,1979,0
1048.16,8,8,1,1,0,1,36,48.53,Gujarat,Education,1975,0
2786.95,7,18,1,0,0,0,43,2343.5,Tamil Nadu,Clothing,1976,0
1881.16,9,10,1,0,0,0,183,1835.89,Uttar Pradesh,Entertainment,1990,0
727.03,1,6,1,1,0,1,618,38.32,Uttar Pradesh,Travel,1973,0
3302.56,5,6,1,0,0,0,37,434.45,Maharashtra,Entertainment,1971,0
14301.78,23,4,2,0,0,2,34,393.0,Tamil Nadu,Grocery,1997,1
1225.41,7,2,4,1,1,0,27,4782.9,Telangana,Electronics,1997,1
10.0,5,15,1,0,0,1,424,2144.86,Delhi,Healthcare,1980,0
35.94,5,6,1,0,0,0,688,1889.42,Delhi,Electronics,1990,0
371.49,4,15,1,0,0,1,214,164.83,West Bengal,Utilities,1995,0
1770.93,8,0,4,1,1,2,36,1453.83,Karnataka,Entertainment,1983,1
451.22,16,3,4,0,0,0,29,1314.04,Maharashtra,Food,1991,1
966.1,6,8,1,0,0,0,227,3678.52,Gujarat,Grocery,1979,0
240.7,8,11,1,1,0,0,74,456.95,Telangana,Utilities,1986,0
155.82,2,18,1,0,0,0,68,2463.18,Gujarat,Grocery,1982,0
802.72,1,20,1,1,0,0,687,404.4,Delhi,Healthcare,1972,0
1989.3,24,0,4,2,1,0,52,1633.15,Kerala,Healthcare,1976,1
140.43,3,15,1,1,0,1,414,2641.16,Maharashtra,Food,1987,0
1344.17,3,18,1,0,0,1,172,776.31,Rajasthan,Education,1991,0
1357.05,5,11,1,0,0,1,670,707.7,Telangana,Grocery,1985,0
5052.35,21,3,3,0,1,0,47,7933.23,Rajasthan,Travel,1982,1
5129.0,16,23,1,0,1,2,53,5049.78,Uttar Pradesh,Utilities,1987,1
164.97,4,15,1,1,0,0,286,248.17,Karnataka,Grocery,1986,0
1496.21,1,13,1,0,0,1,613,479.14,Delhi,Fuel,1995,0
443.45,5,15,1,0,0,1,229,529.69,West Bengal,Education,1985,0
1771.82,11,0,3,2,1,2,18,688.4,Telangana,Fuel,1974,1
538.16,3,7,1,0,0,1,456,205.47,Gujarat,Food,1993,0
141.01,8,10,1,1,0,0,213,559.51,Maharashtra,Clothing,1970,0
2072.35,3,20,1,0,0,0,485,276.29,Gujarat,Clothing,1982,0
142.04,3,13,1,1,0,0,77,467.01,West Bengal,Travel,1987,0
1275.52,9,16,1,0,0,1,189,1212.74,Tamil Nadu,Food,1984,0
74.52,9,19,1,1,0,1,466,600.54,Gujarat,Education,1982,0
346.47,3,21,1,0,0,0,369,4839.68,Karnataka,Travel,1979,0
837.66,5,6,1,0,0,0,107,659.41,Karnataka,Healthcare,1975,0
1007.52,8,11,1,1,0,0,638,803.0,Delhi,Clothing,1971,0
107.09,3,7,1,1,0,0,247,477.32,Tamil Nadu,Healthcare,1993,0
863.86,2,6,1,1,0,1,322,93.52,Telangana,Fuel,1996,0
1034.67,6,15,1,0,0,1,476,446.31,Gujarat,Utilities,1993,0
602.49,4,17,1,0,0,0,728,2210.34,Tamil Nadu,Utilities,1977,0
6883.83,17,1,1,1,1,0,53,9525.37,West Bengal,Utilities,1971,1
995.52,9,19,1,0,0,1,662,694.29,Tamil Nadu,Education,1999,0
292.77,6,20,1,0,0,0,402,489.22,Telangana,Fuel,1975,0
2001.76,7,11,1,1,0,0,235,3171.77,Maharashtra,Grocery,1986,0
779.04,7,17,1,1,0,0,123,737.35,Delhi,Education,1997,0
525.95,1,9,1,1,0,1,54,64.11,Uttar Pradesh,Food,1977,0
135.27,9,7,1,0,0,1,477,246.46,Tamil Nadu,Utilities,1974,0
200.11,4,9,1,0,0,0,208,2105.38,Rajasthan,Utilities,1981,0
111.06,8,9,1,1,0,1,350,3316.36,Telangana,Travel,1997,0
737.2,3,12,1,1,0,1,96,704.5,Kerala,Utilities,1993,0
1039.88,4,9,1,1,0,0,359,996.27,Telangana,Healthcare,1973,0
443.21,6,9,1,0,0,0,460,1401.42,Gujarat,Travel,1987,0
1634.28,1,20,1,1,0,0,105,41.91,Telangana,Education,1995,0
605.35,2,18,1,1,0,0,223,341.37,Telangana,Utilities,1985,0
1559.24,8,10,1,1,0,0,39,739.01,Telangana,Healthcare,1988,0
1823.93,2,7,1,1,0,0,320,152.77,West Bengal,Electronics,1992,0
664.36,6,15,1,0,0,1,312,3608.41,Delhi,Education,1995,0
997.21,23,4,3,1,1,1,45,1917.49,Tamil Nadu,Travel,1974,1
522.78,6,7,1,0,0,0,37,633.73,Telangana,Food,1979,0
912.16,4,9,1,0,0,1,67,439.5,Tamil Nadu,Entertainment,1989,0
979.94,1,19,1,0,0,0,482,692.8,Gujarat,Travel,1990,0
1449.53,7,19,1,0,0,0,28,1637.37,Telangana,Fuel,1986,0
1213.05,7,10,1,0,0,0,32,2743.52,Kerala,Travel,1997,0
2010.27,7,13,1,0,0,1,417,307.31,Rajasthan,Grocery,1991,0
691.32,8,8,1,0,0,0,541,1513.71,Kerala,Entertainment,1987,0
1589.46,6,10,1,1,0,1,563,1951.03,Delhi,Food,1983,0
295.33,6,20,1,0,0,1,604,2085.53,West Bengal,Grocery,1991,0
854.63,25,3,1,2,1,2,48,1472.18,Telangana,Education,1998,1
3307.88,9,8,1,1,0,1,580,2158.36,Telangana,Travel,1982,0
1207.26,7,14,1,1,0,1,408,41.11,Kerala,Food,1975,0
368.42,9,2,4,2,0,1,59,1329.2,West Bengal,Fuel,1990,1
633.1,4,7,1,1,0,0,55,10.0,Maharashtra,Utilities,1978,0
235.11,1,6,1,0,0,0,209,110.91,Kerala,Electronics,1998,0
3637.0,2,7,1,1,0,1,569,30.11,Maharashtra,Entertainment,1989,0
1019.98,6,21,1,1,0,1,484,1781.73,Gujarat,Education,1993,0
4790.84,11,2,2,0,1,2,40,4805.11,Tamil Nadu,Healthcare,1992,1
238.24,1,15,1,1,0,0,68,100.6,Maharashtra,Entertainment,1978,0
749.45,3,20,1,1,0,1,381,351.84,Gujarat,Travel,1984,0
416.2,5,8,1,1,0,0,480,14.07,Maharashtra,Food,1980,0
2757.13,8,18,1,1,0,0,74,1539.48,Tamil Nadu,Utilities,1988,0
2195.48,9,21,1,0,0,0,25,461.54,Telangana,Clothing,1981,0
887.17,1,19,1,1,0,0,453,1134.73,Delhi,Utilities,1971,0
1617.45,3,4,4,0,1,1,32,1262.78,West Bengal,Grocery,1994,1
10876.48,12,5,2,0,1,1,26,2259.67,Telangana,Healthcare,1989,1
2600.37,2,18,1,1,0,1,46,1718.16,Uttar Pradesh,Education,1985,0
601.3,6,13,1,1,0,0,287,1916.71,Telangana,Fuel,1972,0
687.13,6,12,1,0,0,0,301,325.88,Uttar Pradesh,Education,1972,0
2938.76,1,9,1,1,0,0,719,665.18,Uttar Pradesh,Grocery,1990,0
1321.09,7,17,1,0,0,1,557,2186.86,Kerala,Grocery,1972,0
492.08,6,7,1,1,0,1,37,442.12,Telangana,Travel,1971,0
122.26,1,10,1,1,0,1,659,146.57,Kerala,Clothing,1984,0
2724.17,5,16,1,1,0,1,662,1052.88,Uttar Pradesh,Clothing,1984,0
4518.01,4,10,1,0,0,1,183,2052.46,Delhi,Food,1973,0
767.12,1,20,1,0,0,1,43,829.51,Karnataka,Travel,1992,0
4730.29,8,15,1,1,0,1,338,250.37,Gujarat,Travel,1980,0
176.27,6,10,1,1,0,0,514,19.97,Karnataka,Electronics,1985,0
171.08,5,19,1,0,0,1,706,419.55,Tamil Nadu,Grocery,1991,0
353.55,2,6,1,1,0,1,382,145.63,Kerala,Food,1999,0
727.95,8,6,1,0,0,1,331,653.26,West Bengal,Travel,1982,0
899.07,24,0,4,1,1,1,11,4727.93,West Bengal,Entertainment,1994,1
729.26,6,15,1,1,0,1,158,302.97,Karnataka,Food,1988,0
340.96,3,15,1,1,0,0,143,374.12,Maharashtra,Education,1984,0
1000.25,6,6,1,1,0,0,594,770.52,Rajasthan,Grocery,1986,0
240.34,7,10,1,1,0,0,114,1083.2,West Bengal,Travel,1997,0
2226.62,2,10,1,1,0,0,22,3616.1,Tamil Nadu,Utilities,1973,0
489.17,3,21,1,0,0,1,25,1195.81,Uttar Pradesh,Healthcare,1978,0
676.77,1,8,1,0,0,0,326,814.99,Tamil Nadu,Healthcare,1987,0
96.06,4,14,1,0,0,0,501,2037.5,Delhi,Electronics,1996,0
366.08,4,9,1,1,0,1,123,290.61,West Bengal,Entertainment,1990,0
56.8,2,11,1,1,0,1,173,10.0,Telangana,Grocery,1970,0
279.22,8,21,1,0,0,0,269,1375.85,Gujarat,Entertainment,1998,0
598.93,1,19,1,1,0,0,506,1313.11,Uttar Pradesh,Healthcare,1982,0
640.53,6,13,1,1,0,0,660,2858.28,Maharashtra,Electronics,1982,0
846.91,8,14,1,0,0,1,351,973.69,Delhi,Food,1981,0
1141.07,6,12,1,0,0,1,596,979.36,Rajasthan,Utilities,1972,0
977.62,9,9,1,1,0,1,501,2228.64,Karnataka,Electronics,1973,0
3029.23,9,19,1,0,0,1,625,801.0,Uttar Pradesh,Utilities,1972,0
1071.68,7,21,1,0,0,0,49,3588.6,Telangana,Clothing,1971,0
1838.61,7,14,1,1,0,1,705,136.69,Telangana,Grocery,1990,0
395.57,5,20,1,1,0,0,330,908.71,Rajasthan,Grocery,1975,0
1024.89,4,6,1,0,0,0,467,437.81,Rajasthan,Entertainment,1998,0
1358.03,6,12,1,1,0,0,361,795.11,Tamil Nadu,Entertainment,1985,0
368.35,1,19,1,0,0,1,134,529.03,Maharashtra,Electronics,1974,0
32.77,7,19,1,0,0,1,389,808.7,Gujarat,Fuel,1978,0
258.34,1,13,1,1,0,0,560,55.17,Tamil Nadu,Grocery,1991,0
602.78,1,20,1,0,0,1,72,1072.99,Rajasthan,Travel,1988,0
467.3,7,6,1,0,0,1,584,630.75,Rajasthan,Food,1983,0
836.33,9,18,1,0,0,1,457,1905.04,Rajasthan,Education,1975,0
1772.36,8,17,1,0,0,0,726,232.86,Gujarat,Education,1981,0
1103.96,1,19,1,1,0,1,3,733.52,Rajasthan,Education,1983,0
644.47,4,16,1,0,0,0,664,360.99,Maharashtra,Electronics,1987,0
5863.22,7,12,1,0,0,0,666,40.52,Telangana,Education,1982,0
4592.34,8,7,1,1,0,0,449,479.72,West Bengal,Electronics,1998,0
430.8,7,20,1,1,0,0,255,314.63,Kerala,Education,1995,0
20279.82,8,3,3,1,1,0,27,4334.21,Kerala,Utilities,1975,1
1368.52,2,18,1,1,0,1,654,1661.67,West Bengal,Food,1999,0
1705.56,1,7,1,1,0,0,640,194.76,Kerala,Electronics,1971,0
956.89,2,19,1,0,0,1,449,805.82,Delhi,Food,1997,0
105.91,8,20,1,0,0,1,10,237.51,Uttar Pradesh,Electronics,1986,0
1453.76,2,11,1,0,0,0,382,1940.75,Uttar Pradesh,Education,1971,0
192.75,3,21,1,0,0,0,253,3141.02,West Bengal,Grocery,1971,0
25.78,5,19,1,1,0,1,328,2092.56,Rajasthan,Fuel,1990,0
310.0,2,15,1,1,0,1,172,391.02,Telangana,Healthcare,1994,0
2126.72,5,8,1,1,0,1,535,61.95,Karnataka,Utilities,1991,0
1600.96,6,21,1,0,0,0,309,2485.67,Kerala,Education,1989,0
1208.48,4,11,1,1,0,0,321,709.22,Uttar Pradesh,Fuel,1981,0
3814.74,1,7,1,0,0,0,582,154.25,Telangana,Healthcare,1974,0
2769.2,17,0,4,1,1,2,28,1624.08,Kerala,Clothing,1972,1
2039.73,6,6,1,1,0,0,91,1586.1,Telangana,Entertainment,1987,0
717.25,8,8,1,1,0,1,110,403.12,Uttar Pradesh,Utilities,1975,0
2240.52,8,18,1,1,0,0,606,1168.81,Rajasthan,Travel,1991,0
110.86,4,11,1,0,0,0,479,613.57,Kerala,Utilities,1976,0
46.37,9,7,1,1,0,0,389,1049.28,Maharashtra,Grocery,1971,0
3169.34,8,21,1,1,0,1,621,867.2,Gujarat,Clothing,1994,0
1254.78,5,9,1,0,0,0,414,12.4,Maharashtra,Healthcare,1976,0
10.0,2,14,1,1,0,0,123,1568.34,Telangana,Food,1998,0
2619.65,9,16,1,1,0,0,62,1208.55,Uttar Pradesh,Utilities,1981,0
4501.27,1,12,1,1,0,1,416,1640.41,Karnataka,Healthcare,1977,0
221.03,7,20,1,1,0,1,63,955.76,Rajasthan,Utilities,1978,0
2453.14,3,17,1,1,0,1,453,606.47,Maharashtra,Electronics,1976,0
171.18,6,17,1,1,0,0,222,293.45,Telangana,Fuel,1984,0
2844.77,1,7,1,0,0,0,60,10.0,Telangana,Fuel,1973,0
1249.94,3,17,1,1,0,1,483,2131.44,Rajasthan,Travel,1980,0
80.36,7,14,1,0,0,1,609,224.54,Gujarat,Electronics,1989,0
232.91,4,13,1,0,0,0,334,609.67,Telangana,Travel,1980,0
2650.59,5,14,1,0,0,0,210,944.65,Telangana,Fuel,1982,0
172.32,2,12,1,0,0,0,8,4787.88,Karnataka,Utilities,1996,0
1411.32,9,17,1,1,0,0,290,201.13,Tamil Nadu,Food,1973,0
793.31,9,17,1,0,0,1,95,694.88,Tamil Nadu,Electronics,1973,0
370.93,3,9,1,1,0,1,26,2525.89,Delhi,Entertainment,1979,0
736.93,7,7,1,1,0,0,184,849.82,Maharashtra,Education,1989,0
615.9,5,11,1,1,0,0,664,1468.75,Rajasthan,Education,1995,0
259.17,8,14,1,0,0,1,449,1420.7,Rajasthan,Grocery,1970,0
466.83,7,8,1,0,0,0,350,1807.28,Uttar Pradesh,Entertainment,1990,0
1034.23,7,21,1,1,0,0,169,338.05,Karnataka,Travel,1994,0
10.0,5,15,1,1,0,0,148,545.91,Telangana,Education,1978,0
1704.42,6,20,1,1,0,1,637,586.27,Karnataka,Utilities,1972,0
1278.52,4,18,1,0,0,0,623,602.96,West Bengal,Travel,1993,0
395.97,2,10,1,0,0,1,639,156.44,Maharashtra,Entertainment,1994,0
272.5,14,22,2,2,1,2,49,3269.24,Delhi,Clothing,1997,1
1168.23,2,18,1,1,0,1,101,443.27,Maharashtra,Electronics,1978,0
6889.52,1,7,1,1,0,0,607,702.84,Rajasthan,Education,1974,0
693.96,4,15,1,0,0,1,470,409.08,Karnataka,Fuel,1978,0
13.49,5,15,1,1,0,1,398,1019.61,Telangana,Grocery,1973,0
2582.03,9,20,1,0,0,0,355,914.11,Telangana,Entertainment,1997,0
36.24,5,14,1,1,0,0,533,975.62,Tamil Nadu,Grocery,1987,0
120.7,5,16,1,1,0,1,469,878.95,Karnataka,Education,1991,0
535.99,8,14,1,0,0,0,121,1060.13,Uttar Pradesh,Clothing,1999,0
4542.6,14,2,3,2,1,2,36,8878.22,Maharashtra,Grocery,1989,1
1555.89,9,11,1,0,0,0,704,1995.87,Rajasthan,Education,1993,0
2376.35,9,1,4,1,0,1,7,3989.2,Gujarat,Food,1978,1
451.73,1,15,1,0,0,1,708,289.33,Kerala,Entertainment,1995,0
112.15,3,21,1,0,0,0,595,911.51,Uttar Pradesh,Electronics,1972,0
109.31,8,10,1,1,0,0,321,1251.05,Rajasthan,Food,1970,0
352.18,25,3,3,0,0,1,21,400.73,Rajasthan,Entertainment,1990,1
905.07,3,18,1,0,0,0,597,2069.42,West Bengal,Healthcare,1992,0
1007.06,4,6,1,0,0,0,339,1936.77,Maharashtra,Electronics,1989,0
743.48,1,15,1,0,0,1,388,1156.27,West Bengal,Grocery,1975,0
5367.21,9,10,1,1,0,0,442,448.54,West Bengal,Food,1987,0
1646.21,22,23,2,2,0,1,57,8927.91,Uttar Pradesh,Food,1979,1
58.73,6,20,1,1,0,1,701,912.2,West Bengal,Travel,1996,0
1453.96,4,18,1,0,0,1,432,3357.09,Karnataka,Grocery,1970,0
4091.94,8,9,1,1,0,0,124,2012.13,Rajasthan,Grocery,1991,0
401.4,8,19,1,1,0,1,162,332.7,Tamil Nadu,Travel,1979,0
1188.38,6,20,1,1,0,1,669,2538.98,Uttar Pradesh,Food,1978,0
3882.26,5,18,1,1,0,1,235,620.68,Uttar Pradesh,Utilities,1978,0
5450.54,5,1,3,0,0,0,1,3341.05,Telangana,Clothing,1976,1
4142.3,6,11,1,1,0,0,532,479.07,Gujarat,Entertainment,1975,0
100.79,8,19,1,1,0,1,245,1001.59,Delhi,Entertainment,1997,0
131.37,5,14,1,0,0,1,158,2410.01,Kerala,Education,1975,0
365.82,6,8,1,0,0,1,531,274.17,West Bengal,Education,1976,0
161.29,4,10,1,1,0,0,238,1314.3,Delhi,Grocery,1982,0
71.61,3,6,1,1,0,1,572,518.42,Uttar Pradesh,Clothing,1984,0
314.93,8,15,1,0,0,0,39,350.64,Tamil Nadu,Utilities,1973,0
1478.64,9,10,1,0,0,0,415,857.8,Gujarat,Fuel,1977,0
2856.23,9,12,1,0,0,0,172,615.28,Maharashtra,Electronics,1991,0
38.19,5,18,1,1,0,0,138,394.69,Gujarat,Utilities,1981,0
4944.98,3,6,1,1,0,1,670,43.79,Maharashtra,Fuel,1979,0
984.93,4,15,1,1,0,1,258,88.4,Kerala,Healthcare,1994,0
757.17,1,19,1,1,0,1,109,326.82,Maharashtra,Utilities,1987,0
1572.57,4,7,1,1,0,1,704,1935.71,Rajasthan,Fuel,1970,0
551.57,7,21,1,1,0,1,49,10.0,Gujarat,Fuel,1998,0
600.7,1,8,1,0,0,1,268,2843.5,Uttar Pradesh,Clothing,1993,0
363.76,9,8,1,0,0,0,175,1395.27,Kerala,Travel,1998,0
1002.49,9,8,1,0,0,1,381,53.46,Karnataka,Travel,1982,0
250.4,3,15,1,1,0,0,557,2589.72,Uttar Pradesh,Food,1985,0
802.48,3,12,1,1,0,1,503,45.94,West Bengal,Clothing,1971,0
95.19,6,11,1,1,0,0,371,583.57,Delhi,Grocery,1973,0
1051.47,1,6,1,1,0,1,505,1121.73,Karnataka,Utilities,1971,0
627.5,7,21,1,1,0,1,167,2405.54,Uttar Pradesh,Utilities,1995,0
123.66,6,19,1,0,0,1,624,517.53,Telangana,Education,1998,0
2098.97,8,18,1,0,0,0,512,103.75,Kerala,Grocery,1996,0
858.62,3,10,1,1,0,1,477,452.33,Gujarat,Fuel,1985,0
409.89,2,12,1,1,0,0,592,566.56,Karnataka,Food,1976,0
1608.54,6,18,1,1,0,1,500,2296.13,Karnataka,Food,1977,0
2909.45,5,21,1,1,0,0,658,458.36,Maharashtra,Electronics,1974,0
3763.88,8,15,1,1,0,0,229,1391.96,West Bengal,Travel,1993,0
79.3,1,21,1,0,0,1,477,448.45,Telangana,Healthcare,1973,0
210.93,2,12,1,0,0,1,531,1915.95,Karnataka,Food,1972,0
249.73,2,7,1,0,0,0,157,415.11,Kerala,Food,1994,0
422.64,3,13,1,1,0,0,717,1079.68,Telangana,Electronics,1988,0
1282.93,9,6,1,0,0,1,232,214.85,Maharashtra,Grocery,1987,0
633.71,8,13,1,0,0,0,310,481.02,Tamil Nadu,Clothing,1981,0
176.98,5,6,1,1,0,0,170,900.26,Tamil Nadu,Clothing,1993,0
2569.24,2,14,1,0,0,0,599,212.67,Uttar Pradesh,Electronics,1986,0
1160.52,5,12,1,0,0,0,585,1652.56,Tamil Nadu,Travel,1981,0
2090.61,9,18,1,0,0,1,42,503.22,Telangana,Food,1986,0
461.78,8,15,1,0,0,1,345,502.36,Kerala,Food,1975,0
1953.49,4,11,1,1,0,0,527,2122.03,Rajasthan,Clothing,1986,0
65.46,3,6,1,1,0,0,29,1165.04,Uttar Pradesh,Food,1991,0
866.82,2,8,1,1,0,0,78,1113.44,Delhi,Grocery,1990,0
7900.01,6,23,4,2,0,1,17,6637.81,Uttar Pradesh,Electronics,1997,1
2471.4,7,15,1,0,0,1,695,614.77,Telangana,Entertainment,1995,0
21.13,9,13,1,0,0,0,337,381.89,Delhi,Healthcare,1982,0
965.47,5,7,1,1,0,0,624,2114.31,Delhi,Electronics,1978,0
218.23,7,21,1,1,0,1,104,251.87,Uttar Pradesh,Fuel,1987,0
240.14,5,21,1,1,0,1,457,1570.43,Tamil Nadu,Travel,1985,0
268.53,3,21,1,0,0,1,383,2794.79,West Bengal,Electronics,1974,0
429.36,8,14,1,0,0,1,336,492.03,Telangana,Grocery,1980,0
584.8,4,8,1,0,0,0,651,1158.03,Tamil Nadu,Travel,1975,0
769.54,3,19,1,0,0,1,90,199.94,Delhi,Education,1971,0
2501.89,8,19,1,0,0,1,56,4010.59,Tamil Nadu,Healthcare,1973,0
355.34,2,12,1,0,0,1,589,1078.34,Kerala,Electronics,1995,0
124.26,1,18,1,0,0,0,59,609.82,Rajasthan,Education,1990,0
460.51,6,17,1,1,0,1,643,1215.44,Kerala,Travel,1995,0
509.83,5,16,1,1,0,0,466,2348.31,Tamil Nadu,Fuel,1986,0
766.26,5,18,1,1,0,0,13,2249.13,Karnataka,Entertainment,1991,0
408.72,2,7,1,0,0,1,355,131.3,Rajasthan,Healthcare,1997,0
1918.93,1,13,1,0,0,1,393,427.03,Gujarat,Utilities,1976,0
977.7,8,14,1,1,0,1,375,815.39,West Bengal,Food,1973,0
1676.22,1,12,1,1,0,1,235,834.48,Gujarat,Travel,1986,0
1359.74,3,8,1,0,0,0,192,1874.19,Gujarat,Utilities,1983,0
473.71,3,13,1,0,0,1,573,404.26,Telangana,Clothing,1979,0
62.5,4,7,1,1,0,1,58,309.58,Tamil Nadu,Grocery,1983,0
1574.31,2,8,1,1,0,1,220,128.98,Telangana,Food,1970,0
25.77,7,7,1,0,0,0,32,327.72,Kerala,Clothing,1989,0
3685.45,17,1,1,2,1,0,26,4886.12,Maharashtra,Education,1978,1
212.81,2,20,1,0,0,0,55,1222.15,Maharashtra,Grocery,1982,0
2178.99,8,9,1,1,0,0,588,263.18,West Bengal,Utilities,1980,0
6739.69,26,5,4,1,1,1,51,278.0,Karnataka,Food,1973,1
873.82,2,9,1,0,0,0,460,564.97,Kerala,Electronics,1984,0
287.16,3,7,1,1,0,1,726,1575.71,Karnataka,Education,1983,0
1027.95,3,14,1,1,0,0,310,718.51,Uttar Pradesh,Entertainment,1972,0
266.97,7,10,1,0,0,1,666,1622.75,Rajasthan,Food,1997,0
2655.1,1,3,3,1,1,1,36,6296.46,Telangana,Food,1983,1
551.74,5,15,1,1,0,0,399,112.7,Karnataka,Electronics,1999,0
3474.24,6,9,1,1,0,1,267,661.01,Tamil Nadu,Food,1987,0
2101.3,3,12,1,1,0,0,697,3623.65,Uttar Pradesh,Travel,1970,0
671.79,9,11,1,1,0,1,451,3707.89,West Bengal,Fuel,1971,0
928.6,2,6,1,1,0,1,199,118.05,Kerala,Grocery,1974,0
136.41,6,16,1,0,0,1,632,681.18,West Bengal,Food,1982,0
675.46,7,6,1,1,0,0,153,2252.58,Karnataka,Fuel,1992,0
292.36,3,18,1,1,0,0,28,751.8,Maharashtra,Education,1977,0
846.84,2,6,1,1,0,0,95,204.78,Karnataka,Food,1977,0
194.44,3,6,1,0,0,1,259,18.46,Kerala,Travel,1977,0
2101.01,5,18,1,1,0,1,293,3638.0,Kerala,Grocery,1981,0
348.37,1,10,1,1,0,0,390,937.6,Karnataka,Grocery,1970,0
1004.59,5,19,1,0,0,1,105,1132.52,Delhi,Clothing,1991,0
344.75,3,13,1,0,0,1,56,194.79,Karnataka,Healthcare,1997,0
112.24,2,14,1,0,0,1,107,323.31,Karnataka,Grocery,1998,0
1192.37,3,8,1,1,0,1,48,1749.44,Maharashtra,Clothing,1976,0
188.22,5,13,1,1,0,1,500,763.71,Delhi,Healthcare,1971,0
10.0,7,16,1,0,0,0,72,5106.58,Maharashtra,Clothing,1986,0
5910.77,8,21,1,1,0,1,313,599.79,Kerala,Fuel,1980,0
186.55,5,17,1,1,0,0,234,604.71,West Bengal,Entertainment,1990,0
1442.98,1,7,1,0,0,0,166,187.82,West Bengal,Electronics,1975,0
1014.75,5,21,1,1,0,0,488,228.08,Uttar Pradesh,Utilities,1998,0
846.91,6,21,1,1,0,0,665,1034.65,West Bengal,Entertainment,1979,0
331.52,9,12,1,0,0,1,186,187.42,Rajasthan,Fuel,1996,0
2361.97,5,11,1,0,0,0,319,289.29,Kerala,Healthcare,1984,0
2064.93,20,5,3,1,0,2,6,655.66,West Bengal,Electronics,1994,1
1777.85,8,20,1,1,0,1,338,523.03,Karnataka,Healthcare,1995,0
1226.42,3,19,1,0,0,0,462,1061.36,West Bengal,Entertainment,1981,0
478.25,1,20,1,0,0,1,166,1640.56,Maharashtra,Fuel,1994,0
364.1,4,11,1,1,0,0,44,244.85,West Bengal,Education,1982,0
428.07,7,13,1,1,0,1,400,654.38,Delhi,Grocery,1979,0
2848.42,5,15,1,0,0,1,630,383.73,Maharashtra,Clothing,1999,0
599.07,8,16,1,0,0,0,365,809.46,Rajasthan,Entertainment,1971,0
4897.0,2,9,1,0,0,1,509,10.36,Uttar Pradesh,Entertainment,1974,0
307.73,1,9,1,1,0,1,290,582.19,Uttar Pradesh,Utilities,1996,0
914.18,4,13,1,0,0,0,125,444.61,Maharashtra,Fuel,1986,0
1884.09,3,18,1,0,0,0,669,167.19,West Bengal,Fuel,1985,0
287.91,2,9,1,0,0,0,208,657.48,Uttar Pradesh,Travel,1988,0
272.83,9,12,1,1,0,1,135,114.62,Gujarat,Travel,1992,0
1163.23,2,21,1,1,0,1,552,923.87,West Bengal,Clothing,1979,0
3070.82,5,19,1,0,0,1,241,1471.21,Tamil Nadu,Electronics,1973,0
2078.79,1,20,1,1,0,1,69,790.41,Uttar Pradesh,Clothing,1971,0
1168.42,5,18,1,0,0,0,603,1445.89,Karnataka,Fuel,1994,0
447.84,3,15,1,1,0,0,66,2414.7,Delhi,Clothing,1984,0
919.76,4,14,1,0,0,0,683,955.13,Tamil Nadu,Entertainment,1992,0
992.31,7,6,1,0,0,0,244,1846.94,Telangana,Electronics,1973,0
672.25,8,7,1,1,0,1,256,215.79,Uttar Pradesh,Fuel,1976,0
842.64,7,19,1,1,0,0,669,1083.53,Delhi,Electronics,1976,0
1211.72,6,13,1,1,0,0,356,44.9,Delhi,Entertainment,1976,0
790.42,6,16,1,1,0,1,394,664.22,Rajasthan,Education,1980,0
373.24,6,12,1,1,0,0,493,89.99,Delhi,Clothing,1977,0
3309.88,1,7,1,1,0,1,39,1508.87,Telangana,Healthcare,1982,0
729.84,4,1,1,2,1,0,38,3817.69,Telangana,Electronics,1976,1
304.63,5,21,1,1,0,1,686,1303.95,West Bengal,Healthcare,1973,0
1363.28,4,19,1,0,0,1,257,1143.28,Rajasthan,Entertainment,1999,0
200.35,9,18,1,1,0,0,211,1681.15,Telangana,Utilities,1991,0
1658.76,7,15,1,1,0,1,13,890.34,Karnataka,Education,1988,0
2081.06,9,6,1,0,0,0,223,251.6,Gujarat,Education,1979,0
749.11,2,19,1,1,0,1,334,1377.92,Maharashtra,Clothing,1974,0
2408.3,3,11,1,0,0,0,261,3289.46,Telangana,Electronics,1973,0
505.48,5,6,1,0,0,0,2,2747.42,Rajasthan,Grocery,1982,0
155.2,6,5,4,2,1,1,59,933.16,Maharashtra,Clothing,1976,1
5226.49,2,22,1,2,1,2,12,2487.27,Delhi,Fuel,1978,1
653.35,5,20,1,0,0,0,15,612.88,West Bengal,Education,1989,0
16353.97,14,22,2,2,0,2,14,15042.14,Gujarat,Travel,1979,1
449.03,8,20,1,1,0,0,190,932.09,Uttar Pradesh,Food,1978,0
1575.98,1,15,1,1,0,1,620,438.36,Gujarat,Grocery,1996,0
1076.32,6,11,1,1,0,1,504,1143.58,Kerala,Utilities,1993,0
647.04,8,12,1,0,0,0,651,957.39,Rajasthan,Travel,1987,0
122.22,9,8,1,1,0,0,631,255.21,Gujarat,Travel,1994,0
686.91,5,13,1,1,0,1,213,1560.17,Maharashtra,Electronics,1996,0
82.34,9,12,1,0,0,0,91,844.88,Rajasthan,Education,1976,0
478.81,3,9,1,1,0,1,643,609.51,Gujarat,Fuel,1979,0
312.94,3,20,1,1,0,0,517,2111.51,Uttar Pradesh,Education,1971,0
10437.53,2,3,3,0,0,2,5,238.98,Karnataka,Fuel,1981,1
724.94,9,21,1,1,0,0,91,272.73,Tamil Nadu,Electronics,1997,0
1218.14,3,15,1,0,0,0,366,118.53,Delhi,Clothing,1981,0
218.08,7,11,1,0,0,1,727,520.17,Uttar Pradesh,Healthcare,1972,0
969.18,8,15,1,0,0,1,432,416.41,West Bengal,Clothing,1985,0
3226.94,12,4,4,2,0,0,7,1794.57,Telangana,Food,1997,1
493.27,4,9,1,1,0,0,638,470.2,Gujarat,Healthcare,1991,0
379.12,4,17,1,1,0,1,357,1494.74,Rajasthan,Healthcare,1973,0
52.85,1,18,1,0,0,0,549,143.39,Delhi,Fuel,1973,0
1121.29,2,7,1,1,0,1,528,1039.14,Gujarat,Electronics,1996,0
2567.85,8,10,1,1,0,1,213,488.59,Telangana,Entertainment,1993,0
1012.27,2,20,1,0,0,1,371,55.6,Maharashtra,Food,1989,0
824.85,9,13,1,1,0,1,578,1069.91,Gujarat,Clothing,1990,0
1148.45,7,17,1,1,0,0,527,1245.93,Rajasthan,Utilities,1999,0
1305.3,7,18,1,1,0,0,16,687.18,Delhi,Clothing,1978,0
724.38,3,10,1,0,0,1,163,771.58,Rajasthan,Healthcare,1992,0
840.98,3,19,1,0,0,0,447,323.53,Kerala,Utilities,1983,0
73.85,5,10,1,0,0,0,85,113.33,Kerala,Healthcare,1996,0
1796.1,4,6,1,0,0,0,554,689.08,Kerala,Healthcare,1977,0
621.86,7,10,1,0,0,0,310,1027.69,West Bengal,Entertainment,1973,0
86.78,8,21,1,1,0,1,316,729.28,Kerala,Clothing,1973,0
2987.66,1,19,1,0,0,0,423,557.63,Delhi,Grocery,1990,0
838.35,8,7,1,1,0,0,564,332.32,Tamil Nadu,Utilities,1987,0
419.49,2,17,1,0,0,0,107,339.24,West Bengal,Travel,1992,0
1277.16,4,16,1,0,0,0,298,359.05,Karnataka,Utilities,1975,0
1936.51,6,7,1,0,0,0,686,1263.06,Rajasthan,Food,1971,0
1149.13,5,12,1,1,0,0,264,683.47,Telangana,Grocery,1971,0
1041.16,8,10,1,0,0,0,618,504.21,Telangana,Food,1989,0
354.02,8,18,1,0,0,0,16,697.03,Tamil Nadu,Utilities,1973,0
1007.31,9,20,1,0,0,1,327,345.24,West Bengal,Food,1978,0
1640.81,1,15,1,1,0,1,234,13.88,Karnataka,Food,1971,0
550.22,3,14,1,0,0,1,82,1240.23,Rajasthan,Utilities,1978,0
246.13,5,17,1,0,0,0,677,815.74,Karnataka,Electronics,1999,0
678.97,1,8,1,0,0,1,40,195.57,Rajasthan,Utilities,1974,0
14.69,1,6,1,1,0,1,497,1096.19,Gujarat,Utilities,1982,0
1066.46,3,12,1,0,0,0,255,670.73,West Bengal,Healthcare,1980,0
5219.48,12,4,3,2,1,1,2,4748.8,Maharashtra,Food,1989,1
719.39,1,12,1,1,0,0,285,334.88,West Bengal,Electronics,1990,0
1078.25,3,8,1,0,0,1,292,16.02,West Bengal,Travel,1984,0
523.64,2,19,1,0,0,0,658,381.25,Karnataka,Healthcare,1993,0
1689.25,9,7,1,0,0,0,611,1361.09,Telangana,Grocery,1995,0
141.4,8,13,1,1,0,0,578,454.6,West Bengal,Food,1986,0
120.23,5,13,1,0,0,0,641,545.35,Kerala,Entertainment,1975,0
831.02,2,21,1,0,0,0,303,1122.48,Uttar Pradesh,Utilities,1994,0
863.69,8,8,1,1,0,1,38,623.28,Kerala,Utilities,1982,0
610.84,3,12,1,1,0,1,29,297.5,Delhi,Healthcare,1995,0
1649.28,3,17,1,1,0,1,572,527.31,Kerala,Food,1978,0
700.41,6,18,1,1,0,0,129,813.33,West Bengal,Electronics,1970,0
896.39,6,18,1,0,0,0,563,3759.09,Telangana,Food,1991,0
359.55,1,21,1,0,0,0,292,462.71,West Bengal,Travel,1994,0
1657.09,1,10,1,0,0,0,76,223.78,Uttar Pradesh,Grocery,1985,0
941.09,3,8,1,0,0,0,654,253.78,Rajasthan,Electronics,1998,0
107.69,1,15,1,0,0,0,22,453.06,Gujarat,Clothing,1994,0
871.47,4,21,1,0,0,0,516,788.13,West Bengal,Grocery,1975,0
1046.57,9,8,1,0,0,0,621,1143.91,Maharashtra,Travel,1970,0
468.18,1,13,1,1,0,1,170,1448.75,Uttar Pradesh,Food,1981,0
4578.33,6,19,1,0,0,0,482,942.2,Kerala,Grocery,1993,0
983.1,4,20,1,0,0,1,316,1790.75,Kerala,Education,1974,0
316.24,2,9,1,0,0,0,500,349.36,Uttar Pradesh,Healthcare,1989,0
550.37,5,12,1,0,0,0,339,341.23,Karnataka,Healthcare,1973,0
3424.47,6,18,1,0,0,0,619,359.32,Uttar Pradesh,Travel,1996,0
327.45,1,9,1,1,0,0,491,71.29,West Bengal,Healthcare,1992,0
315.15,8,16,1,0,0,0,623,1074.44,Karnataka,Electronics,1976,0
1010.01,3,9,1,0,0,0,254,434.82,Telangana,Food,1988,0
1873.75,5,8,1,0,0,0,597,36.19,Rajasthan,Education,1989,0
2565.96,1,11,1,0,0,1,4,14.39,Gujarat,Education,1988,0
20.67,4,12,1,1,0,0,26,1087.53,Tamil Nadu,Fuel,1989,0
1058.03,2,9,1,0,0,1,33,689.9,Telangana,Healthcare,1970,0
778.73,9,20,1,0,0,0,5,2363.75,Karnataka,Entertainment,1973,0
627.65,7,6,1,1,0,0,512,13.97,Delhi,Electronics,1980,0
4987.61,20,1,2,0,0,0,53,13625.14,Uttar Pradesh,Grocery,1995,1
4039.44,9,7,1,0,0,0,577,393.17,Gujarat,Travel,1993,0
26794.33,1,23,2,1,0,0,7,13177.85,Uttar Pradesh,Clothing,1998,1
370.47,3,17,1,0,0,0,220,480.78,West Bengal,Food,1978,0
493.83,8,16,1,0,0,0,294,2129.56,Tamil Nadu,Clothing,1994,0
435.34,1,12,1,0,0,0,159,1855.62,Karnataka,Travel,1971,0
639.97,9,16,1,0,0,1,701,116.24,Rajasthan,Fuel,1996,0
827.53,3,19,1,0,0,0,100,706.58,Karnataka,Utilities,1998,0
732.44,9,10,1,0,0,0,35,170.77,Telangana,Fuel,1971,0
437.15,4,21,1,1,0,1,391,581.42,Telangana,Travel,1979,0
1850.32,4,15,1,0,0,1,569,4291.46,Uttar Pradesh,Food,1999,0
92.55,3,16,1,1,0,0,86,733.72,Uttar Pradesh,Grocery,1993,0
1881.89,9,7,1,0,0,1,294,306.06,Karnataka,Travel,1997,0
1881.75,8,13,1,1,0,0,594,89.16,Tamil Nadu,Education,1981,0
388.14,1,14,1,0,0,0,632,336.93,Gujarat,Grocery,1996,0
1999.09,9,9,1,1,0,0,227,1103.93,Tamil Nadu,Utilities,1977,0
2971.12,7,12,1,1,0,1,439,699.07,Rajasthan,Clothing,1976,0
10034.0,2,2,4,0,0,1,1,765.05,Gujarat,Clothing,1988,1
586.04,2,13,1,1,0,0,456,1151.3,Tamil Nadu,Travel,1975,0
2475.32,7,12,1,0,0,0,344,1864.54,West Bengal,Utilities,1985,0
580.81,9,6,1,0,0,0,373,222.56,Rajasthan,Utilities,1993,0
937.42,3,18,1,1,0,0,164,1071.84,Uttar Pradesh,Grocery,1994,0
5030.81,8,16,1,1,0,1,198,274.91,Kerala,Travel,1988,0
1763.0,8,18,1,1,0,0,194,73.73,Kerala,Travel,1983,0
72.82,3,21,1,1,0,1,650,596.92,Rajasthan,Electronics,1992,0
679.29,3,17,1,0,0,0,547,187.14,West Bengal,Food,1982,0
269.6,3,6,1,0,0,1,605,10.88,Kerala,Grocery,1983,0
2425.82,8,10,1,0,0,1,580,213.9,Gujarat,Healthcare,1974,0
5291.86,12,22,3,1,0,2,43,3604.93,West Bengal,Entertainment,1975,1
3059.54,19,3,3,2,1,1,55,236.61,Uttar Pradesh,Education,1970,1
20.1,5,14,1,0,0,1,256,1593.38,Karnataka,Education,1999,0
477.8,3,8,1,1,0,0,567,124.65,Tamil Nadu,Travel,1995,0
697.9,1,16,1,0,0,0,706,586.8,Delhi,Healthcare,1971,0
2712.89,1,9,1,1,0,1,318,413.89,Tamil Nadu,Grocery,1994,0
799.33,9,11,1,0,0,0,486,788.44,Uttar Pradesh,Clothing,1979,0
1731.23,1,19,1,1,0,0,608,2694.76,Uttar Pradesh,Utilities,1978,0
1782.04,2,21,1,0,0,1,166,726.36,Uttar Pradesh,Utilities,1994,0
7244.73,8,14,1,0,0,1,343,494.0,Delhi,Electronics,1988,0
3606.67,3,21,1,0,0,0,79,80.62,Maharashtra,Healthcare,1977,0
1380.62,1,10,1,1,0,0,343,1074.42,Kerala,Utilities,1972,0
25.39,4,6,1,1,0,1,613,510.59,Uttar Pradesh,Entertainment,1976,0
496.88,6,20,1,0,0,1,425,1257.6,Rajasthan,Utilities,1978,0
1212.41,7,22,1,2,0,1,5,4586.01,Rajasthan,Utilities,1984,1
18.99,8,9,1,0,0,0,100,254.01,Maharashtra,Travel,1988,0
597.96,2,21,1,1,0,1,83,853.1,Telangana,Grocery,1993,0
338.57,5,9,1,1,0,1,723,103.1,Maharashtra,Electronics,1989,0
654.14,7,12,1,1,0,0,188,708.9,Telangana,Fuel,1985,0
607.39,19,0,4,2,0,1,3,15777.36,Uttar Pradesh,Fuel,1999,1
912.56,6,9,1,1,0,1,486,1465.21,Uttar Pradesh,Healthcare,1998,0
532.89,3,18,1,0,0,0,419,857.92,Uttar Pradesh,Fuel,1986,0
83.84,2,7,1,0,0,1,723,2622.22,Delhi,Fuel,1986,0
260.27,4,21,1,0,0,1,126,925.91,West Bengal,Healthcare,1977,0
16.06,2,14,1,0,0,0,507,88.23,Kerala,Healthcare,1971,0
490.16,4,2,2,0,0,0,47,808.48,Karnataka,Electronics,1972,1
524.81,6,10,1,1,0,1,415,880.71,Maharashtra,Healthcare,1976,0
843.6,1,6,1,0,0,0,421,2988.07,Tamil Nadu,Entertainment,1995,0
3549.0,5,8,1,1,0,0,590,2674.91,Uttar Pradesh,Travel,1974,0
103.95,2,20,1,0,0,1,450,1159.81,Tamil Nadu,Clothing,1986,0
1019.44,8,9,1,0,0,0,339,38.28,Maharashtra,Clothing,1970,0
375.74,3,16,1,1,0,1,617,396.28,West Bengal,Grocery,1992,0
3818.35,22,3,2,0,1,1,4,2311.95,Karnataka,Utilities,1984,1
402.7,7,11,1,1,0,0,594,378.41,Maharashtra,Education,1989,0
255.88,2,20,1,0,0,1,125,395.6,Maharashtra,Healthcare,1981,0
1164.98,5,15,1,0,0,0,34,20.69,Gujarat,Utilities,1985,0
4769.74,27,0,4,0,0,0,41,6134.58,Tamil Nadu,Clothing,1991,1
2131.86,3,8,1,0,0,0,637,209.88,Tamil Nadu,Travel,1998,0
190.55,5,19,1,1,0,0,173,180.64,Rajasthan,Grocery,1999,0
1045.2,3,20,1,0,0,0,681,769.24,Telangana,Food,1991,0
12286.49,2,22,1,1,1,2,24,17323.53,Gujarat,Healthcare,1973,1
810.34,8,12,1,0,0,1,150,2093.84,Gujarat,Clothing,1994,0
468.26,9,19,1,0,0,0,720,828.66,Kerala,Clothing,1981,0
4277.09,7,17,1,0,0,0,76,39.56,Karnataka,Food,1974,0
398.14,8,15,1,1,0,1,102,357.21,Karnataka,Clothing,1991,0
14845.29,8,0,1,2,1,2,21,489.99,Kerala,Electronics,1989,1
1457.24,3,9,1,0,0,0,154,418.41,Delhi,Grocery,1996,0
3883.3,2,11,1,0,0,0,307,4143.48,Rajasthan,Healthcare,1982,0
373.94,5,17,1,1,0,1,30,2875.03,Delhi,Food,1991,0
5363.74,4,20,1,1,0,1,57,1931.61,Karnataka,Healthcare,1977,0
959.72,2,10,1,1,0,1,643,2964.45,Maharashtra,Education,1974,0
2180.34,1,14,1,1,0,1,119,107.55,Maharashtra,Healthcare,1985,0
993.22,5,15,1,1,0,1,56,366.34,West Bengal,Fuel,1971,0
608.99,3,19,1,0,0,1,348,745.7,Delhi,Healthcare,1972,0
1735.85,6,14,1,1,0,0,240,307.86,West Bengal,Travel,1973,0
278.36,3,11,1,0,0,1,179,10.0,Maharashtra,Healthcare,1984,0
1701.13,3,8,1,1,0,1,478,1071.07,Gujarat,Food,1995,0
1690.68,8,17,1,1,0,1,306,371.75,Telangana,Entertainment,1983,0
1762.5,1,20,1,0,0,0,225,1188.24,Maharashtra,Travel,1990,0
1251.48,4,22,3,2,0,0,24,21.41,Maharashtra,Grocery,1991,1
3167.3,9,9,1,0,0,1,495,817.99,Telangana,Entertainment,1975,0
2731.47,1,12,1,0,0,1,654,337.35,Tamil Nadu,Clothing,1998,0
1535.26,8,9,1,0,0,1,258,419.66,Delhi,Electronics,1984,0
175.0,9,16,1,1,0,0,33,699.7,Maharashtra,Food,1983,0
1443.72,3,11,1,0,0,0,517,1398.02,Rajasthan,Grocery,1970,0
2712.51,8,14,1,1,0,0,73,2064.71,Telangana,Healthcare,1975,0
382.62,3,12,1,0,0,1,663,700.57,Karnataka,Utilities,1986,0
154.41,7,12,1,0,0,1,294,604.48,Telangana,Healthcare,1975,0
1875.88,7,21,1,1,0,1,12,242.05,Rajasthan,Electronics,1975,0
160.67,8,6,1,0,0,1,638,1253.98,Maharashtra,Travel,1982,0
1140.97,2,16,1,1,0,0,430,825.6,Gujarat,Travel,1989,0
2605.12,1,16,1,1,0,1,254,31.34,Gujarat,Entertainment,1982,0
1600.25,22,4,3,1,0,0,41,3076.06,Rajasthan,Fuel,1992,1
10.0,4,18,1,1,0,1,176,2339.6,Karnataka,Entertainment,1996,0
1245.85,8,18,1,1,0,1,472,2715.24,Maharashtra,Entertainment,1970,0
643.83,8,7,1,0,0,0,709,2253.87,Kerala,Food,1982,0
867.84,8,7,1,1,0,1,343,100.72,Rajasthan,Education,1971,0
365.17,6,15,1,1,0,1,145,1281.68,Delhi,Clothing,1996,0
318.17,9,12,1,0,0,0,113,501.69,Karnataka,Healthcare,1986,0
2023.59,1,13,1,1,0,0,609,186.76,Maharashtra,Travel,1982,0
1106.56,8,20,1,1,0,1,281,541.98,Maharashtra,Entertainment,1981,0
571.68,5,11,1,0,0,0,700,2736.87,Delhi,Food,1993,0
2479.27,3,11,1,0,0,0,660,384.85,Uttar Pradesh,Electronics,1994,0
794.51,9,9,1,0,0,1,373,145.02,Telangana,Utilities,1995,0
325.27,1,12,1,0,0,1,572,3703.51,Gujarat,Clothing,1971,0
106.67,8,10,1,0,0,1,328,440.89,Maharashtra,Fuel,1984,0
1566.85,3,7,1,1,0,1,243,218.91,Rajasthan,Electronics,1973,0
1174.67,3,21,1,1,0,1,293,1198.61,Kerala,Utilities,1998,0
208.83,9,19,1,1,0,0,145,1840.97,Uttar Pradesh,Utilities,1985,0
1462.39,8,14,1,1,0,0,158,1309.22,Uttar Pradesh,Grocery,1976,0
2913.64,5,15,1,0,0,0,287,277.04,Karnataka,Education,1993,0
1442.0,3,12,1,0,0,0,644,331.96,Karnataka,Healthcare,1993,0
709.72,6,14,1,1,0,0,675,678.39,Uttar Pradesh,Travel,1983,0
411.21,7,9,1,0,0,1,58,171.7,Maharashtra,Grocery,1976,0
1996.81,8,12,1,1,0,1,565,1707.99,Uttar Pradesh,Fuel,1994,0
828.31,6,18,1,1,0,0,467,46.38,Delhi,Healthcare,1988,0
788.36,2,15,1,1,0,0,286,678.19,West Bengal,Clothing,1986,0
1152.68,5,14,1,1,0,0,226,4413.55,Maharashtra,Travel,1984,0
1306.62,1,11,1,0,0,0,576,536.51,West Bengal,Education,1972,0
1935.35,3,21,1,0,0,0,32,520.34,Kerala,Clothing,1977,0
2060.05,1,19,1,1,0,0,460,138.53,West Bengal,Fuel,1994,0
1009.96,7,18,1,1,0,0,122,848.33,Kerala,Grocery,1979,0
1588.0,8,9,1,1,0,1,342,1765.6,Telangana,Travel,1990,0
654.1,1,8,1,1,0,1,511,268.85,Telangana,Fuel,1999,0
312.11,9,18,1,1,0,0,510,2057.39,Uttar Pradesh,Healthcare,1973,0
1591.64,3,9,1,1,0,1,163,1514.74,Tamil Nadu,Food,1977,0
566.86,2,19,1,1,0,1,184,590.4,Maharashtra,Grocery,1976,0
167.64,6,19,1,0,0,1,384,1785.93,Karnataka,Healthcare,1971,0
2270.73,7,21,1,1,0,0,610,567.63,Telangana,Entertainment,1997,0
558.23,7,1,2,0,1,1,52,3198.5,Karnataka,Travel,1983,1
2247.75,19,5,1,1,1,0,10,7484.31,Uttar Pradesh,Food,1985,1
10836.46,28,23,1,1,1,2,4,658.04,Karnataka,Utilities,1982,1
774.13,3,11,1,0,0,0,693,76.3,Rajasthan,Food,1998,0
10.0,6,6,1,1,0,1,277,1079.74,Uttar Pradesh,Healthcare,1983,0
982.28,6,21,1,1,0,1,24,45.86,West Bengal,Utilities,1973,0
1802.5,3,12,1,1,0,0,729,645.73,Telangana,Healthcare,1981,0
1886.08,1,7,1,1,0,0,724,1530.59,Telangana,Utilities,1998,0
845.93,3,16,1,1,0,0,301,1363.09,Maharashtra,Clothing,1977,0
2097.33,4,16,1,1,0,0,40,382.49,Gujarat,Clothing,1984,0
1918.33,1,15,1,0,0,1,248,2081.59,Tamil Nadu,Grocery,1985,0
471.21,3,20,1,1,0,0,362,712.22,Rajasthan,Utilities,1987,0
209.23,5,11,1,0,0,0,475,228.62,Rajasthan,Electronics,1974,0
973.62,3,13,1,1,0,0,628,1963.54,Maharashtra,Food,1974,0
470.37,3,16,1,0,0,0,675,165.7,Uttar Pradesh,Entertainment,1996,0
1153.05,9,16,1,0,0,0,511,2195.96,Tamil Nadu,Clothing,1980,0
814.72,2,15,1,0,0,0,403,289.45,Karnataka,Clothing,1995,0
139.09,7,15,1,0,0,0,381,368.26,Delhi,Grocery,1975,0
241.87,1,20,1,1,0,0,457,1819.54,Karnataka,Grocery,1993,0
316.33,6,16,1,0,0,0,319,1104.58,Delhi,Electronics,1981,0
1042.71,3,21,1,1,0,0,592,2437.29,Uttar Pradesh,Electronics,1985,0
679.51,4,8,1,1,0,1,518,182.27,Karnataka,Electronics,1972,0
2117.42,5,9,1,1,0,1,87,420.35,Gujarat,Food,1992,0
170.6,6,18,1,0,0,1,214,1518.9,Karnataka,Entertainment,1993,0
467.73,9,6,1,0,0,1,530,3512.2,Delhi,Clothing,1974,0
563.9,4,11,1,0,0,1,333,1100.03,Tamil Nadu,Food,1987,0
806.29,9,18,1,0,0,1,281,2102.23,Telangana,Utilities,1974,0
1122.37,6,17,1,1,0,1,122,1529.27,Delhi,Food,1984,0
719.37,8,11,1,1,0,0,414,65.25,Gujarat,Clothing,1974,0
2408.68,8,15,1,1,0,1,717,1711.26,Gujarat,Travel,1988,0
423.96,12,4,2,0,0,0,20,565.35,Delhi,Utilities,1989,1
1002.64,5,1,4,0,0,0,51,496.18,West Bengal,Entertainment,1974,1
910.32,8,20,1,1,0,0,416,359.21,Tamil Nadu,Utilities,1995,0
2786.3,5,9,1,0,0,1,425,1855.97,Maharashtra,Education,1990,0
788.93,3,16,1,0,0,0,257,357.5,Tamil Nadu,Travel,1994,0
726.0,6,12,1,1,0,0,580,271.17,West Bengal,Food,1979,0
1634.1,5,10,1,1,0,1,191,558.22,Karnataka,Entertainment,1995,0
437.22,8,21,1,0,0,0,628,1446.82,Rajasthan,Utilities,1985,0
381.14,5,15,1,0,0,0,322,53.27,West Bengal,Entertainment,1999,0
1772.94,7,20,1,1,0,1,255,81.48,Uttar Pradesh,Education,1971,0
50.59,1,18,1,0,0,0,689,795.94,Telangana,Clothing,1999,0
2395.9,29,2,2,1,1,2,29,1900.85,Delhi,Food,1983,1
72.22,2,20,1,0,0,0,569,2123.42,Maharashtra,Healthcare,1978,0
2637.7,6,17,1,0,0,1,160,250.61,West Bengal,Utilities,1984,0
717.08,5,7,1,0,0,1,75,878.33,Karnataka,Utilities,1981,0
554.01,4,21,1,0,0,0,439,1135.39,Kerala,Travel,1980,0
334.41,9,12,1,1,0,1,703,445.41,Uttar Pradesh,Entertainment,1997,0
1589.42,4,10,1,0,0,0,318,227.09,Rajasthan,Fuel,1989,0
2964.51,2,23,4,0,1,0,58,3497.56,Delhi,Utilities,1978,1
2544.51,9,6,1,1,0,1,22,1862.77,Maharashtra,Fuel,1972,0
120.8,10,3,3,1,0,0,34,5039.62,Rajasthan,Education,1977,1
2036.45,6,20,1,1,0,1,425,691.41,Kerala,Utilities,1978,0
3134.99,3,18,1,0,0,0,522,716.08,Kerala,Travel,1972,0
2068.29,1,18,1,0,0,1,664,709.08,Kerala,Travel,1988,0
3525.31,6,13,1,1,0,1,654,814.79,Kerala,Electronics,1977,0
2373.96,9,14,1,1,0,1,583,127.79,Uttar Pradesh,Travel,1996,0
1054.79,5,6,1,1,0,1,308,720.68,Rajasthan,Entertainment,1992,0
176.2,5,19,1,1,0,0,108,1722.79,Uttar Pradesh,Clothing,1997,0
1444.38,4,10,1,0,0,1,445,1751.88,Uttar Pradesh,Grocery,1999,0
1857.3,7,17,1,0,0,0,15,1508.11,Karnataka,Education,1979,0
3212.61,4,14,1,0,0,1,352,512.3,Kerala,Healthcare,1986,0
1992.72,1,6,1,1,0,0,673,179.19,Maharashtra,Healthcare,1999,0
42.56,8,15,1,1,0,1,77,723.62,Maharashtra,Electronics,1993,0
1873.79,1,21,1,0,0,1,20,1557.07,Maharashtra,Entertainment,1999,0
3859.54,3,10,1,0,0,1,616,1518.6,Rajasthan,Fuel,1997,0
558.83,4,11,1,0,0,0,478,944.39,West Bengal,Travel,1977,0
812.54,6,11,1,1,0,0,478,1178.9,Delhi,Food,1992,0
612.3,1,14,1,1,0,1,272,52.39,Kerala,Electronics,1993,0
87.08,7,21,1,1,0,1,7,941.93,Tamil Nadu,Clothing,1999,0
62.51,3,8,1,0,0,1,180,626.53,Telangana,Education,1979,0
1249.83,5,7,1,0,0,1,702,902.87,Maharashtra,Education,1999,0
709.92,9,10,1,0,0,0,202,169.67,Maharashtra,Entertainment,1984,0
92.97,3,6,1,0,0,0,695,2250.57,Rajasthan,Entertainment,1994,0
507.14,6,11,1,1,0,0,383,740.47,Uttar Pradesh,Healthcare,1987,0
1482.35,8,6,1,0,0,1,263,538.5,Gujarat,Fuel,1999,0
503.36,7,16,1,0,0,1,134,2507.08,Kerala,Electronics,1987,0
2205.08,4,6,1,1,0,0,665,969.87,Maharashtra,Education,1998,0
636.63,3,18,1,0,0,0,76,4296.87,Delhi,Grocery,1978,0
3608.78,6,17,1,1,0,1,160,1052.87,Delhi,Education,1971,0
1547.43,5,13,1,0,0,0,330,103.86,Gujarat,Healthcare,1986,0
613.42,8,14,1,0,0,0,65,509.78,Delhi,Grocery,1983,0
1616.07,7,17,1,1,0,0,139,584.71,Maharashtra,Healthcare,1988,0
11367.07,22,22,4,2,1,1,30,11785.7,Delhi,Food,1981,1
279.98,1,19,1,0,0,0,669,289.38,Gujarat,Electronics,1987,0
816.6,8,7,1,1,0,1,373,772.22,Uttar Pradesh,Education,1995,0
770.78,4,16,1,1,0,1,245,799.91,Delhi,Electronics,1975,0
1073.82,1,9,1,1,0,1,700,722.99,Rajasthan,Entertainment,1987,0
481.33,5,9,1,1,0,0,389,2414.78,West Bengal,Healthcare,1992,0
193.13,3,8,1,0,0,1,224,383.94,West Bengal,Education,1982,0
4180.93,3,8,1,0,0,1,641,114.84,Karnataka,Food,1999,0
386.76,9,7,1,0,0,0,57,163.25,Maharashtra,Entertainment,1979,0
2652.26,4,7,1,0,0,0,482,1033.1,Tamil Nadu,Food,1998,0
445.63,9,12,1,1,0,1,674,1912.5,West Bengal,Utilities,1991,0
278.18,4,7,1,0,0,1,143,399.55,Tamil Nadu,Travel,1986,0
1768.48,2,16,1,1,0,1,306,1332.13,Tamil Nadu,Travel,1989,0
437.52,3,18,1,0,0,0,31,626.94,Maharashtra,Utilities,1970,0
862.3,4,11,1,1,0,1,389,1526.06,Gujarat,Clothing,1995,0
4104.23,5,20,1,0,0,0,54,191.33,Maharashtra,Education,1972,0
1806.71,29,3,2,0,0,1,56,2604.97,Maharashtra,Food,1995,1
475.06,3,14,1,0,0,1,337,176.06,Telangana,Healthcare,1976,0
3743.9,2,10,1,1,0,1,672,3516.85,Tamil Nadu,Clothing,1976,0
1324.11,4,19,1,1,0,1,140,348.74,Rajasthan,Fuel,1999,0
39.28,2,7,1,1,0,0,611,551.72,Karnataka,Healthcare,1980,0
227.39,8,15,1,1,0,1,467,779.81,Karnataka,Utilities,1988,0
4127.19,3,16,1,1,0,0,408,354.31,Tamil Nadu,Electronics,1973,0
445.94,3,10,1,0,0,1,144,1004.3,Telangana,Food,1998,0
598.68,5,17,1,1,0,0,85,946.85,Telangana,Grocery,1981,0
241.76,5,17,1,1,0,0,470,604.72,Telangana,Electronics,1976,0
327.73,6,7,1,0,0,1,118,1192.93,Kerala,Electronics,1990,0
299.88,5,8,1,0,0,1,214,706.19,Telangana,Grocery,1973,0
6790.59,22,3,3,0,1,2,5,1883.44,Kerala,Utilities,1987,1
1012.32,8,11,1,0,0,0,322,319.4,Uttar Pradesh,Fuel,1999,0
374.7,1,18,1,0,0,1,90,607.06,Delhi,Education,1979,0
991.82,5,10,1,1,0,0,675,896.23,West Bengal,Entertainment,1982,0
680.73,9,11,1,0,0,1,107,1513.85,West Bengal,Entertainment,1997,0
2335.08,1,21,1,1,0,0,133,16.6,West Bengal,Fuel,1995,0
920.5,7,13,1,1,0,0,448,1156.88,Uttar Pradesh,Utilities,1996,0
178.4,7,15,1,1,0,0,419,1270.65,Kerala,Entertainment,1981,0
964.86,9,16,1,0,0,1,305,1426.1,Telangana,Clothing,1981,0
812.39,7,8,1,0,0,0,353,534.74,Tamil Nadu,Education,1995,0
1455.11,8,10,1,0,0,1,251,323.61,Gujarat,Electronics,1981,0
277.93,7,20,1,1,0,0,171,757.62,Maharashtra,Travel,1994,0
158.62,8,18,1,1,0,1,266,3995.84,Rajasthan,Grocery,1984,0
1865.32,4,12,1,0,0,0,644,62.98,Telangana,Food,1985,0
1181.64,9,18,1,1,0,0,29,217.13,Tamil Nadu,Grocery,1997,0
65.4,6,20,1,1,0,0,123,550.75,Telangana,Travel,1997,0
322.08,5,13,1,1,0,0,219,103.81,Delhi,Food,1986,0
334.64,8,10,1,1,0,0,491,622.38,Tamil Nadu,Fuel,1992,0
839.07,7,13,1,0,0,0,580,785.63,Rajasthan,Clothing,1981,0
2053.84,9,12,1,0,0,0,581,567.42,Maharashtra,Healthcare,1973,0
426.37,2,9,1,0,0,0,357,628.2,Karnataka,Fuel,1988,0
139.07,7,13,1,0,0,1,54,1627.32,Telangana,Electronics,1975,0
789.14,7,12,1,0,0,1,415,1496.6,West Bengal,Education,1987,0
797.99,8,16,1,0,0,0,404,707.92,Uttar Pradesh,Fuel,1987,0
285.4,7,17,1,1,0,0,379,628.54,Uttar Pradesh,Education,1996,0
575.16,7,9,1,1,0,0,132,438.0,Uttar Pradesh,Healthcare,1990,0
1175.6,8,14,1,1,0,1,385,427.85,Kerala,Grocery,1992,0
289.2,1,8,1,0,0,0,255,1186.91,Uttar Pradesh,Education,1987,0
17.61,9,14,1,0,0,0,716,560.26,Maharashtra,Clothing,1987,0
326.43,6,13,1,0,0,0,220,833.81,West Bengal,Utilities,1997,0
491.61,2,8,1,0,0,0,313,1156.29,West Bengal,Fuel,1999,0
224.33,4,13,1,1,0,0,342,2489.46,Telangana,Grocery,1995,0
1629.24,5,7,1,1,0,0,396,81.04,Uttar Pradesh,Electronics,1981,0
1793.18,3,6,1,1,0,1,281,403.76,Rajasthan,Education,1997,0
49.47,5,9,1,1,0,1,161,919.31,Delhi,Education,1978,0
1402.28,1,11,1,0,0,1,231,2331.7,Gujarat,Entertainment,1994,0
88.4,3,11,1,0,0,1,225,1449.19,Karnataka,Clothing,1998,0
165.76,1,19,1,0,0,1,469,474.76,Gujarat,Utilities,1974,0
1732.3,8,8,1,0,0,0,694,2782.43,Uttar Pradesh,Entertainment,1989,0
12115.47,3,4,4,2,1,0,28,237.68,Tamil Nadu,Clothing,1980,1
2824.23,9,20,1,1,0,0,513,65.05,Delhi,Healthcare,1987,0
408.95,5,13,1,0,0,0,186,1397.72,West Bengal,Education,1997,0
1013.77,3,9,1,0,0,1,418,472.67,Maharashtra,Food,1972,0
765.35,5,6,1,0,0,1,323,872.53,Rajasthan,Utilities,1984,0
5054.88,11,4,2,2,1,0,15,756.24,Kerala,Grocery,1988,1
1532.36,4,12,1,1,0,0,579,3496.71,Karnataka,Travel,1999,0
4330.92,5,6,1,1,0,1,479,1744.28,Rajasthan,Grocery,1997,0
1444.05,5,15,1,1,0,1,569,1550.32,Gujarat,Grocery,1989,0
813.82,3,13,1,0,0,1,301,1926.68,Kerala,Utilities,1987,0
971.93,5,10,1,0,0,0,386,62.25,Telangana,Food,1990,0
1130.86,3,19,1,1,0,0,94,61.34,Tamil Nadu,Education,1994,0
13170.12,9,0,2,0,1,2,38,1569.28,West Bengal,Healthcare,1971,1
300.74,8,14,1,1,0,0,183,171.1,Rajasthan,Utilities,1994,0
194.95,8,15,1,0,0,0,91,303.99,West Bengal,Electronics,1991,0
27.36,2,21,1,0,0,0,218,243.06,Uttar Pradesh,Fuel,1980,0
815.46,8,15,1,0,0,1,24,2418.37,Uttar Pradesh,Fuel,1987,0
362.88,7,21,1,0,0,0,675,855.94,Rajasthan,Healthcare,1994,0
1064.58,4,6,1,0,0,1,114,909.97,Gujarat,Grocery,1977,0
52.62,6,20,1,0,0,1,514,916.93,Telangana,Utilities,1972,0
802.45,1,7,1,1,0,1,503,1365.25,Gujarat,Grocery,1981,0
1623.37,7,19,1,1,0,0,62,47.65,Telangana,Fuel,1993,0
172.7,1,20,1,0,0,0,193,22.22,Delhi,Utilities,1977,0
483.14,3,11,1,0,0,1,45,423.34,Kerala,Education,1993,0
421.56,5,12,1,1,0,1,687,139.8,Kerala,Electronics,1986,0
1388.66,9,16,1,1,0,0,372,200.34,Rajasthan,Grocery,1993,0
1857.73,7,9,1,1,0,1,142,784.69,Gujarat,Food,1979,0
1603.99,9,9,1,1,0,1,607,45.6,Tamil Nadu,Food,1976,0
115.88,1,8,1,1,0,0,495,10.0,Telangana,Electronics,1992,0
622.49,6,13,1,0,0,1,52,325.71,Telangana,Electronics,1999,0
445.4,2,9,1,0,0,1,162,237.73,Karnataka,Clothing,1979,0
422.82,1,13,1,0,0,0,703,968.9,Rajasthan,Clothing,1987,0
473.08,3,21,1,1,0,0,161,864.9,Maharashtra,Utilities,1972,0
1216.85,7,9,1,1,0,1,167,509.69,Kerala,Fuel,1994,0
6236.93,16,0,1,2,1,2,31,1653.32,Tamil Nadu,Education,1983,1
1181.68,3,20,1,0,0,1,250,2149.0,Rajasthan,Electronics,1996,0
301.57,5,11,1,0,0,0,234,85.42,Maharashtra,Electronics,1975,0
796.16,5,13,1,1,0,1,442,266.41,Telangana,Grocery,1973,0
887.98,5,14,1,0,0,0,363,1247.84,Tamil Nadu,Grocery,1993,0
2019.66,1,9,1,0,0,1,616,215.9,Rajasthan,Electronics,1982,0
10.0,9,16,1,0,0,1,26,1238.46,Gujarat,Fuel,1999,0
361.76,6,21,1,1,0,0,358,114.91,West Bengal,Healthcare,1990,0
2690.34,26,1,4,2,1,0,46,16175.03,West Bengal,Education,1970,1
164.49,7,10,1,1,0,0,385,2311.07,Karnataka,Healthcare,1986,0
5770.39,23,23,4,1,1,2,22,3300.53,Karnataka,Food,1997,1
610.06,6,16,1,0,0,0,501,2878.19,Tamil Nadu,Clothing,1984,0
561.0,6,21,1,1,0,1,309,547.03,Kerala,Fuel,1984,0
2276.51,5,14,1,1,0,0,489,43.73,West Bengal,Education,1992,0
1387.6,3,12,1,1,0,1,652,1581.97,Uttar Pradesh,Entertainment,1989,0
1652.38,4,7,1,1,0,1,422,1785.63,Gujarat,Utilities,1976,0
751.78,2,20,1,1,0,0,63,526.34,Telangana,Education,1974,0
359.69,1,16,1,0,0,1,171,1355.46,Maharashtra,Entertainment,1987,0
1074.9,2,15,1,0,0,1,540,572.03,Rajasthan,Entertainment,1989,0
207.39,3,19,1,1,0,0,67,334.43,Rajasthan,Food,1982,0
2633.16,6,16,1,0,0,0,29,223.16,Karnataka,Food,1997,0
416.06,1,6,1,1,0,0,471,288.56,Tamil Nadu,Electronics,1989,0
333.9,1,8,1,1,0,0,133,1030.33,Uttar Pradesh,Healthcare,1995,0
4976.27,3,10,1,1,0,1,398,1566.64,Kerala,Travel,1991,0
2784.03,5,8,1,1,0,1,430,1611.78,Rajasthan,Food,1981,0
3158.43,29,1,3,0,0,1,23,5571.45,Gujarat,Entertainment,1978,1
417.61,8,6,1,0,0,0,612,951.48,Kerala,Utilities,1995,0
1700.82,7,15,1,0,0,1,540,681.65,Tamil Nadu,Electronics,1978,0
1124.56,3,9,1,0,0,1,705,717.87,Tamil Nadu,Food,1982,0
415.84,8,6,1,1,0,0,566,2301.36,Karnataka,Healthcare,1983,0
1161.43,5,10,1,1,0,0,286,199.09,Delhi,Education,1987,0
568.32,3,10,1,1,0,0,439,388.59,Tamil Nadu,Grocery,1997,0
694.09,4,17,1,0,0,0,398,168.29,Tamil Nadu,Fuel,1986,0
3180.14,5,7,1,0,0,1,134,235.01,Gujarat,Clothing,1989,0
303.53,27,1,1,2,0,1,56,8337.39,Delhi,Clothing,1976,1
1704.25,9,9,1,1,0,0,116,587.34,West Bengal,Fuel,1972,0
1225.78,6,7,1,0,0,0,395,10.0,Maharashtra,Travel,1997,0
2782.58,4,8,1,1,0,0,727,408.89,Telangana,Utilities,1980,0
3343.29,2,22,2,2,1,0,16,453.03,Rajasthan,Food,1995,1
88.26,6,6,1,0,0,0,668,486.73,Kerala,Fuel,1970,0
1096.72,1,16,1,0,0,1,533,172.14,Maharashtra,Education,1993,0
441.3,3,18,1,1,0,1,614,185.66,West Bengal,Fuel,1973,0
453.72,3,4,2,0,0,0,44,1936.38,West Bengal,Travel,1990,1
73.14,9,8,1,0,0,1,141,31.84,West Bengal,Entertainment,1972,0
2084.94,1,10,1,0,0,1,110,1409.19,Tamil Nadu,Food,1970,0
1014.92,8,8,1,1,0,0,12,811.24,Tamil Nadu,Education,1976,0
1323.9,22,2,4,1,1,0,21,2888.78,Tamil Nadu,Clothing,1978,1
507.97,7,7,1,1,0,1,367,445.39,Gujarat,Healthcare,1977,0
138.32,8,15,1,1,0,1,400,1041.45,West Bengal,Entertainment,1991,0
1155.6,5,16,1,1,0,0,591,1069.17,Tamil Nadu,Grocery,1973,0
699.73,3,10,1,1,0,1,325,4029.8,West Bengal,Travel,1975,0
44.64,5,17,1,0,0,0,279,458.69,Delhi,Entertainment,1979,0
341.84,3,8,1,0,0,1,497,38.81,West Bengal,Healthcare,1985,0
2152.57,6,20,1,1,0,0,553,35.98,Delhi,Fuel,1982,0
1165.48,1,14,1,1,0,1,356,1260.07,Uttar Pradesh,Fuel,1989,0
1429.69,9,8,1,0,0,0,528,1609.02,Kerala,Food,1992,0
1339.29,2,15,1,1,0,1,238,1150.01,Rajasthan,Grocery,1998,0
1157.21,8,6,1,1,0,0,119,1881.2,Karnataka,Food,1995,0
648.17,27,4,1,2,1,0,29,685.4,Maharashtra,Utilities,1995,1
237.65,8,19,1,0,0,0,615,549.94,West Bengal,Education,1992,0
848.4,8,9,1,0,0,0,288,3616.07,Delhi,Entertainment,1990,0
590.22,1,9,1,1,0,0,441,1687.23,Telangana,Electronics,1989,0
51.28,8,12,1,0,0,0,448,216.56,Maharashtra,Entertainment,1972,0
602.72,3,6,1,1,0,0,585,227.34,West Bengal,Electronics,1998,0
3159.99,4,9,1,0,0,1,687,1144.0,Uttar Pradesh,Fuel,1992,0
221.41,5,8,1,0,0,1,411,347.42,Rajasthan,Education,1976,0
6417.12,4,17,1,0,0,1,534,2881.67,Tamil Nadu,Fuel,1986,0
1673.07,4,18,1,0,0,0,591,1184.66,Telangana,Electronics,1988,0
720.21,1,16,1,1,0,0,326,637.65,Uttar Pradesh,Food,1999,0
37.8,6,8,1,0,0,0,64,131.41,Telangana,Travel,1982,0
577.93,3,7,1,1,0,1,180,1025.66,Kerala,Grocery,1999,0
2109.53,3,14,1,1,0,1,692,964.73,Telangana,Healthcare,1995,0
295.06,3,11,1,1,0,1,213,141.82,Telangana,Food,1988,0
1663.04,3,6,1,1,0,1,332,932.79,Rajasthan,Healthcare,1989,0
752.05,1,9,1,1,0,0,116,1636.53,Karnataka,Utilities,1982,0
1471.63,2,6,1,1,0,1,181,602.07,Uttar Pradesh,Travel,1989,0
2516.47,5,17,1,0,0,1,389,1013.85,Maharashtra,Clothing,1973,0
859.61,8,15,1,0,0,0,403,877.87,Tamil Nadu,Clothing,1973,0
543.85,6,6,1,1,0,1,450,659.11,Telangana,Fuel,1998,0
901.35,2,9,1,1,0,1,682,224.87,Delhi,Electronics,1996,0
1222.93,1,11,1,1,0,0,383,306.28,West Bengal,Fuel,1975,0
1274.97,4,15,1,0,0,1,183,2092.14,Tamil Nadu,Fuel,1996,0
114.76,1,12,1,0,0,0,74,787.87,Uttar Pradesh,Food,1979,0
1300.79,3,19,1,0,0,1,636,4253.94,Rajasthan,Electronics,1986,0
1777.21,9,20,1,1,0,1,305,1135.17,Karnataka,Food,1983,0
89.42,5,11,1,1,0,0,410,2918.37,Karnataka,Electronics,1984,0
774.92,8,10,1,1,0,0,629,1831.24,West Bengal,Electronics,1975,0
774.88,1,8,1,0,0,0,31,38.69,Tamil Nadu,Healthcare,1974,0
736.13,8,16,1,1,0,1,318,521.36,Kerala,Education,1994,0
698.27,5,12,1,1,0,0,609,694.67,Delhi,Education,1994,0
18.36,8,7,1,1,0,0,631,511.51,Kerala,Utilities,1971,0
143.22,4,14,1,0,0,0,142,1461.32,Tamil Nadu,Travel,1992,0
47.18,8,13,1,1,0,0,54,350.91,Kerala,Travel,1981,0
824.17,4,14,1,0,0,0,463,898.64,Tamil Nadu,Food,1978,0
28.28,6,21,1,1,0,1,422,211.71,Delhi,Education,1972,0
3757.66,9,10,1,1,0,1,273,731.98,Tamil Nadu,Utilities,1991,0
1017.75,3,20,1,0,0,0,35,976.61,Uttar Pradesh,Entertainment,1992,0
804.92,3,21,1,1,0,0,9,1720.49,Tamil Nadu,Entertainment,1987,0
1299.34,2,6,1,1,0,1,514,211.26,Telangana,Fuel,1986,0
339.73,8,21,1,1,0,1,334,117.27,Telangana,Education,1995,0
8678.9,22,1,2,0,1,2,14,6155.48,Karnataka,Healthcare,1976,1
3491.8,9,15,1,0,0,1,462,50.06,Kerala,Clothing,1996,0
48.96,3,13,1,1,0,1,453,1362.2,Karnataka,Travel,1975,0
243.18,4,16,1,0,0,0,250,872.99,Kerala,Clothing,1970,0
3273.81,2,15,1,1,0,1,14,305.96,Maharashtra,Entertainment,1979,0
463.23,7,14,1,0,0,1,216,343.48,Delhi,Utilities,1976,0
1293.18,5,8,1,1,0,0,214,1174.93,Rajasthan,Entertainment,1974,0
2058.66,6,18,1,1,0,1,262,787.83,Maharashtra,Food,1980,0
145.77,6,3,2,2,1,0,54,4272.96,Delhi,Electronics,1983,1
356.77,6,9,1,1,0,1,97,107.05,Maharashtra,Healthcare,1999,0
2691.69,6,10,1,1,0,1,82,2266.83,Telangana,Food,1977,0
1363.61,8,6,1,0,0,1,165,3334.1,Delhi,Fuel,1995,0
280.95,1,16,1,1,0,0,505,2689.31,Kerala,Electronics,1972,0
598.67,18,22,1,2,0,0,14,576.92,Rajasthan,Entertainment,1978,1
496.23,6,20,1,1,0,0,613,978.26,Kerala,Food,1989,0
259.4,1,10,1,1,0,0,580,216.19,West Bengal,Electronics,1997,0
992.72,9,16,1,1,0,1,726,518.45,Rajasthan,Grocery,1992,0
44.66,9,11,1,0,0,1,135,1152.96,Gujarat,Travel,1996,0
506.48,2,9,1,1,0,0,223,162.48,West Bengal,Utilities,1970,0
571.82,3,7,1,0,0,1,719,488.11,Karnataka,Utilities,1982,0
197.15,9,16,1,0,0,0,350,741.53,Uttar Pradesh,Healthcare,1974,0
1766.06,8,13,1,1,0,0,488,721.59,Tamil Nadu,Grocery,1980,0
1056.77,4,8,1,0,0,0,104,110.26,Karnataka,Travel,1976,0
1190.23,5,15,1,0,0,0,50,716.43,Karnataka,Travel,1974,0
8656.64,18,2,2,0,0,0,10,1393.91,Delhi,Grocery,1972,1
2250.05,7,21,1,0,0,1,119,810.2,Kerala,Electronics,1981,0
133.42,4,15,1,0,0,1,622,714.39,Karnataka,Healthcare,1970,0
180.82,6,11,1,0,0,0,409,234.98,Uttar Pradesh,Food,1986,0
225.49,6,5,4,2,0,0,14,8776.48,Telangana,Electronics,1993,1
1000.32,5,8,1,0,0,0,84,761.58,Telangana,Electronics,1987,0
253.09,5,17,1,1,0,1,58,3434.15,Maharashtra,Clothing,1979,0
7758.02,20,22,1,1,1,2,41,561.57,Delhi,Food,1988,1
1703.85,7,21,1,0,0,1,353,2044.46,Uttar Pradesh,Food,1975,0
810.81,3,17,1,1,0,1,477,631.24,Tamil Nadu,Travel,1999,0
498.23,9,12,1,1,0,0,300,368.32,West Bengal,Education,1999,0
435.36,6,10,1,1,0,1,576,441.11,Uttar Pradesh,Electronics,1992,0
11.98,2,14,1,1,0,0,82,487.31,West Bengal,Grocery,1988,0
107.57,3,14,1,1,0,0,337,3886.77,Gujarat,Food,1983,0
1609.56,16,2,2,1,0,1,55,6691.81,Tamil Nadu,Food,1974,1
1204.23,6,6,1,0,0,1,3,5769.64,Kerala,Entertainment,1975,0
1657.61,7,17,1,1,0,0,665,241.17,Delhi,Grocery,1980,0
4557.82,8,12,1,0,0,0,268,716.56,Karnataka,Clothing,1998,0
3594.55,5,18,1,0,0,0,416,1629.11,Telangana,Electronics,1980,0
2780.37,9,12,1,1,0,0,285,2061.55,West Bengal,Entertainment,1980,0
3251.61,5,14,1,1,0,0,473,1321.41,Telangana,Fuel,1974,0
1150.03,2,18,1,0,0,1,111,1665.48,Tamil Nadu,Clothing,1998,0
807.13,9,18,1,1,0,1,51,2859.86,West Bengal,Electronics,1980,0
1715.11,3,11,1,1,0,1,626,465.81,Gujarat,Utilities,1983,0
680.78,9,19,1,0,0,1,84,375.3,Gujarat,Clothing,1985,0
59.87,9,10,1,1,0,1,520,295.08,Gujarat,Electronics,1976,0
2435.03,4,17,1,0,0,0,245,1767.47,Gujarat,Travel,1975,0
368.17,6,13,1,1,0,0,241,493.65,Tamil Nadu,Clothing,1982,0
3455.63,28,22,2,1,0,1,28,629.64,Tamil Nadu,Entertainment,1997,1
7788.59,9,5,1,0,0,1,32,3998.64,Gujarat,Travel,1991,1
1150.55,9,10,1,1,0,1,224,577.16,Tamil Nadu,Travel,1996,0
395.01,9,12,1,1,0,1,23,159.38,West Bengal,Fuel,1994,0
35.31,5,20,1,0,0,0,245,285.32,Maharashtra,Education,1984,0
495.34,4,20,1,1,0,1,158,1719.6,Karnataka,Entertainment,1986,0
882.73,9,21,1,0,0,1,174,170.69,Maharashtra,Food,1991,0
2784.57,5,9,1,0,0,1,586,1097.6,Tamil Nadu,Healthcare,1995,0
1314.45,3,8,1,0,0,1,79,725.63,Karnataka,Healthcare,1985,0
1717.2,5,11,1,0,0,0,505,179.79,Uttar Pradesh,Travel,1984,0
1226.5,8,8,1,0,0,0,139,684.11,Gujarat,Clothing,1971,0
46.56,5,8,1,0,0,0,534,887.01,Rajasthan,Grocery,1990,0
559.13,3,12,1,1,0,0,602,749.21,Uttar Pradesh,Education,1974,0
1135.77,8,15,1,0,0,1,238,3102.11,Kerala,Clothing,1987,0
1389.08,2,10,1,1,0,0,355,919.11,Telangana,Clothing,1980,0
713.55,9,10,1,1,0,0,552,1122.18,Telangana,Electronics,1976,0
2180.78,1,6,1,1,0,0,50,304.72,Delhi,Education,1985,0
512.38,3,8,1,1,0,1,582,526.84,Rajasthan,Travel,1978,0
346.22,6,13,1,0,0,1,583,842.97,Delhi,Utilities,1990,0
1342.28,7,18,1,1,0,1,300,184.21,Karnataka,Electronics,1991,0
2344.78,6,9,1,1,0,0,101,22.41,Karnataka,Healthcare,1994,0
2074.15,4,11,1,0,0,1,530,114.7,Maharashtra,Utilities,1970,0
349.46,9,7,1,0,0,1,599,1340.4,Maharashtra,Education,1991,0
2209.91,6,10,1,1,0,0,47,505.43,Maharashtra,Utilities,1974,0
1484.74,9,16,1,0,0,1,66,76.59,Gujarat,Grocery,1980,0
634.01,9,9,1,0,0,1,357,789.94,Telangana,Clothing,1997,0
424.94,2,20,1,1,0,0,289,1016.25,Delhi,Fuel,1981,0
1513.66,3,8,1,1,0,0,331,132.62,Gujarat,Entertainment,1990,0
2003.93,2,7,1,1,0,0,26,688.1,Uttar Pradesh,Entertainment,1976,0
1605.06,3,10,1,0,0,0,332,610.33,Rajasthan,Fuel,1992,0
764.15,3,9,1,0,0,0,601,2753.99,Karnataka,Electronics,1991,0
816.21,9,6,1,1,0,0,210,1082.42,Uttar Pradesh,Fuel,1980,0
741.94,6,20,1,1,0,1,679,906.59,Tamil Nadu,Healthcare,1990,0
456.72,4,14,1,0,0,0,109,823.29,Gujarat,Grocery,1976,0
90.71,9,18,1,0,0,1,582,757.21,Telangana,Grocery,1978,0
1709.34,1,6,1,0,0,1,541,2729.65,Rajasthan,Healthcare,1975,0
2604.93,8,9,1,1,0,1,725,1897.03,Rajasthan,Education,1989,0
890.27,8,15,1,0,0,0,602,476.51,Telangana,Education,1974,0
828.18,6,19,1,1,0,0,67,1261.94,Rajasthan,Healthcare,1995,0
5556.54,3,19,1,1,0,0,104,1035.47,Delhi,Utilities,1996,0
713.87,1,15,1,0,0,1,27,57.8,Uttar Pradesh,Travel,1992,0
3836.81,4,19,1,0,0,1,455,2826.12,Kerala,Clothing,1996,0
807.52,3,11,1,0,0,1,96,134.16,West Bengal,Clothing,1983,0
1558.72,9,6,1,1,0,0,399,4045.28,Maharashtra,Utilities,1970,0
4205.79,4,14,1,1,0,1,395,761.33,Maharashtra,Electronics,1976,0
367.32,2,10,1,0,0,1,372,927.78,Telangana,Entertainment,1979,0
540.95,9,10,1,0,0,0,348,73.81,Gujarat,Fuel,1974,0
735.78,4,12,1,0,0,0,674,226.88,Karnataka,Entertainment,1975,0
229.84,7,19,1,1,0,1,616,453.25,Delhi,Education,1986,0
1525.07,1,8,1,1,0,1,146,1256.83,Delhi,Clothing,1992,0
851.95,4,11,1,1,0,1,197,2410.02,Kerala,Education,1977,0
6669.55,1,8,1,1,0,0,248,78.7,Kerala,Travel,1986,0
1429.05,4,6,1,0,0,1,372,2573.62,Telangana,Food,1994,0
607.13,3,14,1,1,0,0,99,67.01,Karnataka,Food,1972,0
862.84,7,15,1,0,0,0,407,544.81,Rajasthan,Electronics,1978,0
126.95,6,16,1,0,0,1,30,1336.81,Delhi,Utilities,1972,0
10.0,2,21,1,1,0,1,104,330.82,West Bengal,Utilities,1980,0
265.33,4,10,1,0,0,1,261,261.6,Karnataka,Grocery,1999,0
803.86,7,18,1,1,0,1,91,4083.61,Uttar Pradesh,Utilities,1988,0
1465.59,7,17,1,0,0,0,66,934.7,Gujarat,Travel,1973,0
867.93,5,10,1,1,0,0,473,673.56,Karnataka,Entertainment,1974,0
397.78,9,13,1,1,0,0,278,490.64,Karnataka,Grocery,1992,0
471.08,3,20,1,0,0,1,44,1259.54,Rajasthan,Entertainment,1990,0
1295.76,8,18,1,1,0,1,674,886.59,Maharashtra,Grocery,1970,0
1976.65,9,8,1,1,0,1,696,19.51,Rajasthan,Education,1972,0
702.49,5,9,1,1,0,1,16,8430.94,Karnataka,Food,1978,0
10.0,2,13,1,1,0,0,694,1116.25,Uttar Pradesh,Travel,1992,0
41.91,1,18,1,1,0,1,269,812.03,Uttar Pradesh,Travel,1978,0
564.84,6,7,1,0,0,0,382,866.25,West Bengal,Fuel,1983,0
677.87,5,15,1,0,0,1,397,479.68,Karnataka,Education,1986,0
834.45,4,15,1,0,0,1,60,313.01,Tamil Nadu,Grocery,1999,0
1318.04,3,11,1,0,0,0,205,537.03,Uttar Pradesh,Healthcare,1971,0
3887.9,2,19,1,0,0,0,382,2442.63,Kerala,Fuel,1970,0
101.49,5,21,1,0,0,1,161,243.59,Maharashtra,Electronics,1999,0
3506.02,6,11,1,1,0,1,16,155.12,West Bengal,Grocery,1980,0
12.53,5,17,1,0,0,0,187,563.52,Kerala,Food,1995,0
888.16,5,16,1,1,0,0,315,3189.66,Karnataka,Entertainment,1982,0
1217.85,8,7,1,1,0,1,182,561.34,Maharashtra,Healthcare,1979,0
890.2,5,20,1,0,0,1,98,4251.48,Kerala,Food,1994,0
471.19,2,11,1,0,0,1,307,1466.04,Gujarat,Education,1988,0
138.89,3,16,1,1,0,1,131,290.17,Uttar Pradesh,Food,1972,0
290.49,5,18,1,0,0,0,159,1109.25,Gujarat,Grocery,1995,0
518.91,4,12,1,0,0,0,198,93.77,Maharashtra,Travel,1981,0
3750.2,8,13,1,1,0,0,646,171.59,Gujarat,Fuel,1992,0
4531.88,2,21,1,1,0,1,609,102.2,Kerala,Education,1984,0
1350.86,7,14,1,1,0,0,405,147.61,Kerala,Electronics,1996,0
1081.2,7,21,1,1,0,1,352,766.19,Delhi,Grocery,1970,0
31.64,3,15,1,1,0,1,243,478.36,Gujarat,Electronics,1974,0
816.12,9,17,1,0,0,1,583,1383.37,West Bengal,Travel,1971,0
4640.98,9,14,1,1,0,0,236,2534.61,Telangana,Fuel,1970,0
676.72,9,19,1,1,0,0,450,4265.06,West Bengal,Food,1998,0
775.98,7,17,1,1,0,0,486,956.08,West Bengal,Travel,1977,0
130.04,3,20,1,1,0,1,622,565.32,Tamil Nadu,Entertainment,1997,0
1002.2,9,16,1,1,0,1,55,1290.51,Telangana,Travel,1983,0
398.49,2,16,1,0,0,1,517,134.47,Rajasthan,Travel,1977,0
934.74,6,16,1,0,0,1,216,975.61,Karnataka,Travel,1971,0
258.14,9,21,1,1,0,0,635,10.0,Gujarat,Entertainment,1987,0
885.6,1,15,1,0,0,1,55,1752.83,Uttar Pradesh,Education,1978,0
551.85,6,10,1,1,0,1,278,382.07,Maharashtra,Clothing,1976,0
3518.91,3,20,1,1,0,0,557,435.25,Rajasthan,Education,1983,0
688.35,7,8,1,0,0,1,290,204.42,Uttar Pradesh,Clothing,1991,0
76.92,9,6,1,1,0,0,52,163.91,Gujarat,Electronics,1991,0
104.85,7,21,1,1,0,1,299,1663.49,Tamil Nadu,Travel,1972,0
156.91,1,6,1,0,0,0,337,350.32,Rajasthan,Education,1974,0
549.75,1,14,1,1,0,1,248,1598.27,Maharashtra,Electronics,1991,0
1026.56,1,13,1,0,0,1,678,2910.36,Gujarat,Travel,1991,0
420.45,3,11,1,1,0,1,111,2685.03,Delhi,Food,1999,0
539.38,9,8,1,0,0,0,450,760.91,West Bengal,Electronics,1999,0
2998.22,5,9,1,0,0,1,293,468.29,Karnataka,Electronics,1988,0
1574.01,7,14,1,1,0,0,583,116.82,Tamil Nadu,Utilities,1975,0
1698.86,6,12,1,1,0,1,706,1035.62,Gujarat,Grocery,1995,0
775.83,7,14,1,0,0,0,444,36.55,Kerala,Electronics,1985,0
510.77,5,14,1,0,0,1,214,213.6,Telangana,Clothing,1971,0
2733.45,5,9,1,0,0,1,41,1021.57,Kerala,Clothing,1982,0
593.67,6,18,1,0,0,1,6,970.92,Rajasthan,Travel,1995,0
2061.22,4,7,1,0,0,0,421,508.52,Telangana,Healthcare,1980,0
121.88,15,2,2,0,1,1,7,3625.68,Gujarat,Education,1999,1
127.99,8,11,1,0,0,1,469,147.72,Gujarat,Fuel,1976,0
382.56,6,13,1,1,0,0,446,82.74,West Bengal,Food,1989,0
1436.83,8,16,1,0,0,0,74,326.08,West Bengal,Healthcare,1997,0
3805.2,5,15,1,0,0,0,329,609.56,Tamil Nadu,Healthcare,1983,0
1159.1,9,13,1,0,0,1,551,754.32,Delhi,Utilities,1993,0
2430.71,3,10,1,1,0,0,348,1299.5,Uttar Pradesh,Healthcare,1999,0
3798.98,8,21,1,1,0,0,426,136.82,Gujarat,Utilities,1984,0
2342.86,8,11,1,0,0,1,385,511.68,Rajasthan,Fuel,1987,0
661.94,2,10,1,1,0,1,688,541.14,Tamil Nadu,Education,1974,0
1094.66,6,12,1,1,0,0,521,1146.34,Delhi,Education,1975,0
1205.88,2,17,1,0,0,1,373,717.03,Maharashtra,Healthcare,1974,0
2148.79,11,22,1,1,0,0,47,1785.89,Gujarat,Education,1996,1
89.2,4,13,1,0,0,0,316,41.05,Gujarat,Clothing,1997,0
502.66,8,7,1,0,0,1,626,484.25,Gujarat,Food,1978,0
3418.52,11,23,2,1,0,2,59,55.21,Tamil Nadu,Clothing,1974,1
1263.95,7,6,1,1,0,0,541,25.34,Rajasthan,Travel,1993,0
10.0,9,15,1,1,0,1,261,1108.44,Tamil Nadu,Electronics,1993,0
77.22,1,9,1,0,0,1,273,1513.01,Gujarat,Travel,1996,0
236.54,2,16,1,0,0,0,654,1362.01,Rajasthan,Food,1981,0
876.36,8,9,1,0,0,1,185,572.45,Uttar Pradesh,Education,1979,0
1114.19,8,9,1,1,0,0,592,1647.81,Gujarat,Utilities,1973,0
644.35,1,19,1,0,0,0,466,3167.19,Maharashtra,Education,1998,0
161.53,9,16,1,0,0,1,433,1242.15,Tamil Nadu,Healthcare,1980,0
112.07,9,7,1,0,0,0,458,62.34,Rajasthan,Entertainment,1993,0
328.27,8,8,1,1,0,0,102,173.1,Karnataka,Entertainment,1993,0
864.71,2,15,1,0,0,1,498,984.47,Delhi,Entertainment,1981,0
769.08,7,18,1,1,0,1,458,38.95,Kerala,Clothing,1986,0
18.47,5,21,1,0,0,1,198,3806.42,Gujarat,Food,1987,0
1322.61,6,16,1,1,0,0,199,938.98,West Bengal,Healthcare,1997,0
1558.83,8,6,1,0,0,1,200,1130.24,West Bengal,Healthcare,1995,0
277.84,6,10,1,1,0,1,351,164.53,Kerala,Electronics,1992,0
325.22,1,9,1,0,0,0,175,1576.02,Gujarat,Education,1977,0
603.81,9,20,1,0,0,1,212,413.9,Rajasthan,Electronics,1997,0
270.33,5,21,1,1,0,0,669,103.57,Gujarat,Fuel,1973,0
1972.65,6,11,1,0,0,0,103,1622.65,Karnataka,Fuel,1977,0
1069.37,6,20,1,1,0,0,693,396.03,West Bengal,Fuel,1980,0
1182.38,1,18,1,0,0,1,117,367.58,Uttar Pradesh,Food,1977,0
1492.88,2,3,1,0,0,2,59,544.57,Maharashtra,Fuel,1972,1
478.97,3,15,1,0,0,0,66,1825.84,Maharashtra,Clothing,1971,0
568.03,1,15,1,1,0,0,201,309.13,Gujarat,Healthcare,1990,0
1297.98,9,10,1,0,0,0,55,742.94,Karnataka,Clothing,1996,0
413.82,4,9,1,1,0,1,439,122.82,Kerala,Education,1979,0
164.88,4,18,1,1,0,0,346,2321.89,Karnataka,Entertainment,1999,0
1474.27,1,14,1,1,0,0,570,30.7,Delhi,Food,1981,0
210.27,2,16,1,0,0,0,437,1346.4,Uttar Pradesh,Travel,1982,0
947.7,6,11,1,1,0,1,287,949.0,West Bengal,Utilities,1972,0
1854.2,1,14,1,0,0,0,388,147.33,Gujarat,Healthcare,1997,0
1718.29,7,8,1,1,0,1,539,1134.99,Rajasthan,Clothing,1976,0
102.03,3,12,1,1,0,1,172,336.05,Telangana,Healthcare,1994,0
6269.5,1,8,1,0,0,1,200,119.29,Kerala,Fuel,1984,0
1501.67,2,15,1,0,0,0,483,1574.03,Delhi,Education,1999,0
198.27,1,13,1,0,0,0,306,483.32,Delhi,Fuel,1977,0
11473.61,8,20,1,0,0,1,120,2651.81,Gujarat,Food,1974,0
143.61,6,5,4,0,1,1,29,10181.85,Rajasthan,Fuel,1982,1
1788.18,8,7,1,0,0,1,689,1834.31,Gujarat,Fuel,1973,0
836.05,6,13,1,0,0,0,171,239.72,Rajasthan,Grocery,1981,0
66.29,3,13,1,0,0,0,35,64.59,Tamil Nadu,Education,1981,0
860.41,3,14,1,1,0,0,468,534.18,Uttar Pradesh,Travel,1981,0
66.07,6,14,1,1,0,0,502,655.26,Gujarat,Clothing,1996,0
979.23,9,9,1,1,0,1,264,125.7,Telangana,Travel,1970,0
75.51,7,7,1,0,0,1,511,74.07,Kerala,Fuel,1975,0
2442.24,7,11,1,1,0,0,641,470.78,Gujarat,Healthcare,1974,0
59.84,1,11,1,0,0,0,420,197.43,Delhi,Grocery,1995,0
278.25,4,20,1,0,0,0,316,576.68,Karnataka,Education,1993,0
220.5,5,9,1,1,0,0,725,14.66,Gujarat,Utilities,1972,0
1129.42,6,6,1,1,0,1,307,459.98,West Bengal,Utilities,1975,0
746.84,1,16,1,1,0,1,584,3399.68,Maharashtra,Entertainment,1998,0
136.23,8,20,1,0,0,1,468,192.26,Maharashtra,Fuel,1972,0
411.19,8,18,1,1,0,1,74,3054.17,Rajasthan,Education,1989,0
415.75,2,19,1,0,0,0,319,211.49,Tamil Nadu,Fuel,1984,0
394.91,5,16,1,1,0,1,257,3167.22,Tamil Nadu,Clothing,1991,0
4968.65,1,8,1,1,0,0,163,3047.03,Gujarat,Fuel,1989,0
1760.48,7,20,1,1,0,0,693,719.14,Tamil Nadu,Education,1991,0
3453.65,4,10,1,0,0,0,431,1666.58,Kerala,Clothing,1983,0
202.68,6,8,1,0,0,0,313,482.88,Tamil Nadu,Fuel,1992,0
973.24,4,12,1,0,0,0,704,989.46,Gujarat,Clothing,1977,0
3472.82,7,21,1,0,0,1,644,389.51,West Bengal,Food,1994,0
3482.86,2,20,1,1,0,0,273,747.01,Gujarat,Grocery,1978,0
947.73,4,20,1,0,0,0,174,960.37,Kerala,Fuel,1976,0
16764.66,17,3,1,2,1,0,25,1402.02,Tamil Nadu,Clothing,1988,1
171.21,2,14,1,1,0,0,42,747.71,Maharashtra,Travel,1972,0
5296.11,9,12,1,0,0,1,132,874.38,West Bengal,Electronics,1970,0
869.34,7,20,1,0,0,0,72,2047.43,Delhi,Clothing,1982,0
1282.14,3,12,1,0,0,1,212,260.25,Gujarat,Utilities,1998,0
763.16,4,14,1,1,0,0,368,649.6,Delhi,Grocery,1995,0
222.7,3,20,1,1,0,1,92,448.02,Karnataka,Education,1980,0
1575.9,12,1,3,1,1,1,31,5784.69,West Bengal,Education,1977,1
3193.53,3,21,1,1,0,1,29,480.62,Kerala,Utilities,1975,0
1849.05,6,7,1,0,0,1,53,1169.31,Tamil Nadu,Travel,1994,0
997.48,9,9,1,1,0,0,199,1320.93,Uttar Pradesh,Clothing,1996,0
773.98,8,7,1,0,0,1,398,899.82,Delhi,Education,1995,0
1574.94,4,19,1,1,0,0,118,441.97,Kerala,Clothing,1982,0
2888.61,1,15,1,1,0,1,680,593.98,Telangana,Travel,1977,0
1132.1,5,18,1,1,0,1,705,1751.53,Gujarat,Clothing,1990,0
1398.65,6,10,1,1,0,1,422,744.04,Kerala,Entertainment,1995,0
2804.71,7,0,1,2,1,2,35,3980.99,Rajasthan,Electronics,1973,1
1763.97,2,3,4,1,1,0,28,450.24,Rajasthan,Entertainment,1981,1
75.6,5,19,1,1,0,0,204,84.71,Telangana,Grocery,1983,0
617.63,4,6,1,1,0,0,602,549.35,Delhi,Education,1986,0
183.47,5,18,1,1,0,0,643,221.4,Delhi,Healthcare,1985,0
2088.59,2,18,1,0,0,1,611,1400.68,Tamil Nadu,Clothing,1994,0
160.87,9,13,1,1,0,0,602,638.04,Uttar Pradesh,Electronics,1981,0
519.58,2,21,1,0,0,1,473,741.78,Maharashtra,Electronics,1989,0
143.2,2,17,1,1,0,0,153,1225.45,Uttar Pradesh,Clothing,1988,0
953.48,1,6,1,0,0,1,181,1048.55,Rajasthan,Food,1991,0
421.97,8,14,1,1,0,1,577,3134.77,Rajasthan,Utilities,1992,0
733.45,6,10,1,0,0,0,518,1626.22,Kerala,Fuel,1980,0
770.02,9,16,1,1,0,1,333,456.88,West Bengal,Education,1980,0
745.51,6,20,1,0,0,0,489,1054.66,Gujarat,Clothing,1998,0
444.5,7,17,1,0,0,0,208,173.02,Delhi,Electronics,1977,0
916.22,2,20,1,1,0,1,716,1548.77,Rajasthan,Electronics,1989,0
10.0,6,16,1,0,0,0,9,1013.1,Karnataka,Fuel,1985,0
1729.85,5,19,1,1,0,0,505,855.86,Uttar Pradesh,Travel,1983,0
5083.27,8,15,1,1,0,0,528,295.36,Tamil Nadu,Utilities,1982,0
160.74,9,18,1,1,0,1,238,2973.41,West Bengal,Education,1994,0
4138.39,2,11,1,1,0,0,275,439.06,Gujarat,Food,1981,0
1373.19,6,18,1,1,0,1,107,1201.22,Delhi,Education,1995,0
3825.32,7,23,3,1,0,1,28,3309.64,Telangana,Travel,1993,1
177.32,8,10,1,1,0,0,667,1191.04,Kerala,Travel,1990,0
89.08,1,13,1,0,0,1,399,2526.06,West Bengal,Electronics,1978,0
959.44,3,18,1,0,0,0,581,847.84,Kerala,Travel,1986,0
723.55,6,11,1,1,0,0,327,83.63,Maharashtra,Fuel,1977,0
366.54,1,15,1,0,0,0,519,101.31,Gujarat,Grocery,1985,0
215.3,3,19,1,1,0,1,641,334.53,Telangana,Education,1992,0
1564.1,3,9,1,1,0,0,153,302.7,West Bengal,Electronics,1980,0
190.69,4,12,1,1,0,1,365,1026.48,Delhi,Electronics,1989,0
61.21,4,11,1,0,0,1,672,1262.96,Kerala,Clothing,1982,0
1021.81,1,8,1,0,0,1,31,2917.17,Telangana,Entertainment,1980,0
199.14,8,7,1,0,0,1,675,809.27,West Bengal,Entertainment,1984,0
10.0,7,18,1,1,0,0,646,27.07,West Bengal,Entertainment,1977,0
1333.1,5,10,1,1,0,0,641,1899.4,Maharashtra,Electronics,1974,0
612.98,5,13,1,1,0,0,300,215.07,Telangana,Electronics,1984,0
1452.39,16,5,4,1,0,1,35,3119.71,Gujarat,Healthcare,1992,1
1169.01,3,18,1,1,0,1,378,47.8,Gujarat,Electronics,1979,0
202.52,9,6,1,1,0,0,134,236.94,Karnataka,Fuel,1990,0
10.0,10,5,4,1,0,2,35,4641.6,Tamil Nadu,Food,1983,1
2237.85,2,20,1,1,0,1,482,389.77,Delhi,Entertainment,1996,0
332.7,3,20,1,0,0,0,468,487.08,Uttar Pradesh,Utilities,1986,0
1343.31,6,20,1,0,0,0,466,562.01,Gujarat,Food,1989,0
2491.59,1,17,1,1,0,0,624,3253.79,West Bengal,Utilities,1979,0
3351.1,5,19,1,1,0,1,583,638.0,Uttar Pradesh,Fuel,1982,0
490.31,5,7,1,1,0,0,706,162.13,Telangana,Fuel,1996,0
2536.04,4,15,1,1,0,0,80,251.03,West Bengal,Clothing,1999,0
655.4,7,19,1,1,0,1,210,1191.69,Tamil Nadu,Fuel,1978,0
488.55,3,14,1,1,0,1,305,1419.18,Telangana,Food,1988,0
2453.42,5,19,1,0,0,0,405,1044.9,Telangana,Utilities,1977,0
1392.41,4,15,1,0,0,1,550,112.14,Delhi,Healthcare,1977,0
2820.21,2,19,1,1,0,1,196,138.3,Gujarat,Clothing,1977,0
4895.66,2,18,1,0,0,0,140,629.63,Karnataka,Utilities,1999,0
1651.21,5,19,1,1,0,0,527,132.41,West Bengal,Travel,1988,0
196.03,2,6,1,1,0,1,545,70.78,Rajasthan,Electronics,1993,0
2567.39,7,10,1,0,0,0,56,772.66,Telangana,Fuel,1999,0
1578.46,2,13,1,0,0,0,610,893.97,Tamil Nadu,Travel,1992,0
1624.1,4,8,1,1,0,0,704,528.71,Karnataka,Clothing,1981,0
1067.87,1,21,1,0,0,0,428,298.29,Karnataka,Food,1992,0
642.02,5,9,1,1,0,1,235,628.99,Delhi,Grocery,1987,0
659.89,1,6,1,1,0,1,146,372.85,West Bengal,Fuel,1970,0
769.59,6,11,1,0,0,1,317,1702.54,Karnataka,Grocery,1991,0
2320.2,9,19,1,0,0,1,614,1147.1,Maharashtra,Travel,1984,0
1427.46,9,15,1,0,0,1,689,495.61,Karnataka,Entertainment,1983,0
2353.03,7,18,1,1,0,0,378,12.22,Delhi,Entertainment,1996,0
3059.18,4,11,1,0,0,0,359,932.89,Maharashtra,Electronics,1998,0
570.49,9,16,1,0,0,0,568,1108.37,Gujarat,Education,1984,0
6955.57,25,5,2,1,1,2,20,6030.76,Telangana,Food,1985,1
16.69,6,7,1,1,0,1,117,278.72,Uttar Pradesh,Fuel,1991,0
907.46,3,11,1,1,0,1,463,170.45,Tamil Nadu,Grocery,1979,0
1173.22,1,10,1,0,0,0,604,789.83,Uttar Pradesh,Utilities,1986,0
581.09,1,7,1,1,0,1,707,23.59,Kerala,Food,1990,0
56.27,1,19,1,1,0,0,643,688.4,Rajasthan,Clothing,1989,0
1567.21,9,16,1,0,0,0,342,1643.83,Tamil Nadu,Utilities,1980,0
2837.35,9,7,1,1,0,0,421,514.88,Kerala,Healthcare,1985,0
1940.01,5,13,1,1,0,1,201,655.04,Maharashtra,Food,1979,0
68.07,5,13,1,1,0,1,424,40.12,Gujarat,Electronics,1986,0
769.33,9,11,1,1,0,1,15,1431.15,Rajasthan,Electronics,1985,0
566.47,8,7,1,0,0,1,620,1877.92,Tamil Nadu,Fuel,1988,0
221.77,7,20,1,1,0,0,77,193.98,Telangana,Food,1989,0
1773.09,2,2,3,2,1,0,19,38.84,Kerala,Electronics,1983,1
914.76,7,12,1,0,0,0,158,225.97,Telangana,Healthcare,1989,0
766.98,3,14,1,0,0,0,355,592.43,Uttar Pradesh,Grocery,1994,0
202.23,4,14,1,1,0,1,39,67.22,Uttar Pradesh,Electronics,1984,0
28.95,8,14,1,1,0,1,252,1412.71,Telangana,Clothing,1987,0
969.91,1,11,1,0,0,0,83,658.08,Delhi,Utilities,1998,0
342.94,6,18,1,0,0,0,129,171.33,West Bengal,Food,1996,0
352.86,1,15,1,0,0,1,512,537.71,West Bengal,Food,1998,0
251.76,8,14,1,1,0,1,561,135.04,Kerala,Food,1971,0
5610.2,5,3,1,2,0,1,17,9842.11,Tamil Nadu,Travel,1996,1
1943.4,27,0,4,0,1,1,43,960.65,Rajasthan,Utilities,1985,1
143.07,2,16,1,0,0,0,308,148.15,Telangana,Electronics,1972,0
2999.1,4,17,1,0,0,1,557,1515.15,West Bengal,Entertainment,1991,0
2567.47,5,11,1,1,0,0,257,165.12,Maharashtra,Clothing,1981,0
1289.52,1,20,1,0,0,0,621,83.37,Tamil Nadu,Food,1986,0
869.6,8,16,1,1,0,0,252,2065.53,West Bengal,Food,1993,0
971.34,8,8,1,1,0,0,134,135.64,Kerala,Entertainment,1977,0
281.13,5,14,1,0,0,1,444,1115.79,Maharashtra,Utilities,1989,0
227.61,9,10,1,0,0,1,259,536.19,Rajasthan,Grocery,1993,0
1610.9,6,12,1,0,0,1,112,2434.87,Uttar Pradesh,Education,1990,0
4336.26,4,20,1,0,0,1,67,139.44,Telangana,Fuel,1998,0
2181.69,13,23,4,1,1,0,1,379.64,Uttar Pradesh,Healthcare,1975,1
2246.81,8,11,1,0,0,0,532,1758.52,Gujarat,Healthcare,1979,0
10.0,6,6,1,0,0,0,240,534.96,Delhi,Electronics,1979,0
1605.76,20,4,4,0,0,2,37,4432.0,Tamil Nadu,Education,1994,1
1151.73,7,13,1,0,0,0,103,768.37,Kerala,Fuel,1979,0
4485.35,6,14,1,1,0,1,187,3484.21,Maharashtra,Entertainment,1978,0
5452.3,28,22,3,2,1,1,27,1308.14,Kerala,Electronics,1970,1
411.0,7,17,1,1,0,1,155,1919.53,West Bengal,Education,1978,0
2191.91,2,11,1,0,0,1,586,2332.34,Kerala,Electronics,1991,0
1749.88,7,15,1,1,0,0,674,1087.27,Uttar Pradesh,Education,1975,0
599.08,8,8,1,1,0,0,611,2114.95,Maharashtra,Electronics,1997,0
335.29,2,9,1,0,0,1,671,146.69,Rajasthan,Education,1982,0
426.34,8,21,1,1,0,1,686,3744.85,Kerala,Travel,1986,0
453.35,2,19,1,1,0,1,552,324.96,Rajasthan,Entertainment,1997,0
264.69,2,8,1,1,0,1,336,10.12,West Bengal,Travel,1991,0
246.91,3,7,1,1,0,1,585,1218.88,Delhi,Education,1988,0
392.5,2,17,1,1,0,0,50,5184.97,Uttar Pradesh,Travel,1997,0
952.24,4,7,1,1,0,1,483,2090.85,Gujarat,Grocery,1989,0
1600.02,3,19,1,1,0,0,228,522.94,West Bengal,Food,1982,0
1489.47,1,12,1,1,0,1,226,1281.7,Tamil Nadu,Food,1993,0
1602.29,5,19,1,1,0,0,115,1459.62,West Bengal,Clothing,1971,0
939.49,17,4,3,0,1,0,7,2405.38,Rajasthan,Entertainment,1972,1
1185.28,8,11,1,0,0,0,16,41.08,Delhi,Travel,1992,0
10.0,7,19,1,0,0,1,453,527.32,Delhi,Clothing,1973,0
2069.41,6,19,1,0,0,0,668,1575.32,Kerala,Healthcare,1979,0
402.36,9,14,1,0,0,0,385,338.66,Karnataka,Entertainment,1992,0
3200.56,14,23,1,0,0,1,33,5847.38,West Bengal,Electronics,1974,1
943.43,3,21,1,0,0,0,420,179.11,Karnataka,Food,1970,0
363.78,7,19,1,1,0,0,500,1351.98,Tamil Nadu,Entertainment,1989,0
853.48,6,16,1,0,0,1,111,1210.43,Rajasthan,Education,1987,0
1617.42,9,16,1,1,0,0,489,528.47,Delhi,Electronics,1973,0
221.75,8,19,1,1,0,0,306,2414.07,Kerala,Food,1980,0
268.93,3,13,1,0,0,1,234,15.6,Kerala,Clothing,1996,0
114.4,1,8,1,0,0,0,139,522.08,Kerala,Entertainment,1982,0
2217.4,8,8,1,1,0,0,7,288.97,Delhi,Education,1995,0
3031.65,2,6,1,0,0,0,118,39.63,Rajasthan,Education,1977,0
484.34,6,17,1,0,0,0,432,1610.78,Tamil Nadu,Fuel,1973,0
276.67,9,9,1,0,0,0,126,1133.66,Rajasthan,Clothing,1985,0
2435.29,2,10,1,1,0,1,479,625.59,Delhi,Clothing,1974,0
200.31,7,20,1,0,0,0,393,1202.05,Rajasthan,Education,1975,0
415.92,6,21,1,0,0,0,173,2088.55,Gujarat,Utilities,1986,0
11259.39,11,4,1,2,1,0,42,2366.11,Delhi,Food,1990,1
1065.11,1,15,1,1,0,1,293,137.66,Tamil Nadu,Electronics,1978,0
2453.05,6,17,1,1,0,0,208,853.65,West Bengal,Travel,1986,0
5503.35,3,13,1,0,0,1,340,263.73,West Bengal,Travel,1989,0
96.48,7,7,1,1,0,1,3,277.47,Kerala,Food,1977,0
3841.62,1,20,1,1,0,1,432,1518.09,Tamil Nadu,Food,1999,0
173.33,2,18,1,0,0,1,55,228.2,Rajasthan,Fuel,1983,0
652.79,9,11,1,1,0,1,628,1375.24,Delhi,Fuel,1991,0
1097.5,3,9,1,0,0,0,60,516.6,Kerala,Entertainment,1977,0
1009.36,3,15,1,1,0,1,578,1414.12,Rajasthan,Healthcare,1983,0
594.39,1,19,1,1,0,1,461,2546.71,Rajasthan,Entertainment,1985,0
1778.86,9,19,1,1,0,1,404,2815.58,Gujarat,Utilities,1979,0
3214.76,7,9,1,1,0,1,26,515.36,Delhi,Food,1986,0
865.93,6,7,1,0,0,1,338,1685.77,Rajasthan,Utilities,1974,0
4960.01,14,23,4,1,0,0,22,5565.85,Gujarat,Grocery,1980,1
954.39,3,6,1,1,0,0,462,947.76,Gujarat,Utilities,1994,0
586.54,3,17,1,0,0,1,77,97.1,Gujarat,Education,1983,0
280.46,7,19,1,1,0,0,114,40.7,Gujarat,Travel,1992,0
3671.14,22,22,1,0,0,0,16,731.2,Gujarat,Travel,1978,1
817.49,4,15,1,0,0,1,72,64.45,Telangana,Travel,1981,0
2707.73,1,12,1,1,0,0,568,1171.12,Rajasthan,Education,1980,0
1641.65,8,10,1,1,0,1,273,340.65,Karnataka,Clothing,1992,0
1626.09,3,11,1,0,0,0,727,25.05,Tamil Nadu,Entertainment,1979,0
1088.29,8,9,1,1,0,1,42,3157.82,Kerala,Grocery,1974,0
1380.67,3,13,1,0,0,0,613,1677.66,Maharashtra,Fuel,1996,0
2109.62,7,11,1,0,0,1,259,780.97,Uttar Pradesh,Education,1993,0
214.35,7,13,1,1,0,1,96,423.43,Gujarat,Grocery,1974,0
875.5,7,18,1,1,0,1,60,1162.49,Maharashtra,Grocery,1990,0
519.15,1,17,1,0,0,0,102,38.83,Tamil Nadu,Entertainment,1987,0
432.62,6,6,1,1,0,0,263,3287.83,Maharashtra,Utilities,1983,0
2126.91,3,12,1,1,0,1,533,368.5,Rajasthan,Education,1983,0
30.74,4,9,1,1,0,1,708,1295.81,Maharashtra,Clothing,1975,0
278.27,6,14,1,0,0,0,519,1126.45,Kerala,Grocery,1992,0
10.0,9,16,1,0,0,0,172,299.25,Tamil Nadu,Healthcare,1982,0
7309.67,13,5,1,0,0,0,30,4554.07,Maharashtra,Travel,1986,1
5158.55,5,7,1,1,0,0,152,2368.71,West Bengal,Grocery,1982,0
990.97,7,8,1,1,0,1,23,383.65,Delhi,Grocery,1998,0
390.91,5,16,1,0,0,0,279,15.92,Telangana,Education,1974,0
1411.59,7,21,1,1,0,1,491,1270.4,West Bengal,Entertainment,1973,0
335.85,2,21,1,1,0,1,225,919.93,Maharashtra,Fuel,1988,0
411.91,4,7,1,1,0,1,579,1379.25,Uttar Pradesh,Fuel,1996,0
794.66,2,12,1,1,0,1,1,1017.73,Kerala,Fuel,1992,0
69.81,4,6,1,1,0,1,386,445.89,Karnataka,Education,1983,0
627.88,3,7,1,0,0,0,109,1269.92,Tamil Nadu,Utilities,1978,0
3688.95,7,7,1,1,0,0,506,803.86,Kerala,Electronics,1990,0
808.87,9,9,1,1,0,0,267,1200.2,Telangana,Education,1988,0
5094.26,18,4,4,1,1,0,26,2594.99,Uttar Pradesh,Clothing,1982,1
1220.58,1,16,1,1,0,1,300,106.17,Telangana,Entertainment,1992,0
1668.68,3,10,1,0,0,0,416,98.86,Uttar Pradesh,Education,1993,0
327.92,3,20,1,0,0,0,726,427.29,Kerala,Electronics,1971,0
2579.09,4,14,1,1,0,0,445,341.21,Telangana,Education,1980,0
846.21,6,14,1,0,0,0,358,56.2,Gujarat,Food,1972,0
205.25,20,22,3,0,0,2,1,9189.45,Delhi,Healthcare,1988,1
2369.16,7,15,1,1,0,1,320,201.17,Delhi,Education,1999,0
1009.88,6,21,1,1,0,0,402,1393.96,West Bengal,Clothing,1980,0
2203.36,7,9,1,1,0,1,238,456.65,Maharashtra,Electronics,1974,0
1263.51,8,14,1,1,0,0,539,692.36,Delhi,Food,1997,0
47.36,1,11,1,0,0,1,418,1839.79,Uttar Pradesh,Grocery,1973,0
2974.68,8,13,1,0,0,0,558,1511.6,Telangana,Utilities,1995,0
275.75,6,11,1,1,0,0,58,756.41,Delhi,Electronics,1996,0
2196.12,2,12,1,0,0,0,389,321.31,Maharashtra,Electronics,1970,0
1849.62,9,8,1,0,0,1,330,152.4,Uttar Pradesh,Food,1976,0
2427.11,7,9,1,0,0,0,241,116.24,Gujarat,Fuel,1981,0
1778.04,5,11,1,0,0,1,19,275.33,Kerala,Electronics,1991,0
1019.48,2,16,1,0,0,0,27,1943.42,Uttar Pradesh,Grocery,1982,0
83.71,7,7,1,0,0,1,366,1267.15,Kerala,Travel,1986,0
393.69,2,7,1,1,0,0,45,1012.63,Telangana,Entertainment,1996,0
1248.5,2,7,1,0,0,1,433,1976.19,Gujarat,Clothing,1986,0
2238.58,4,10,1,1,0,0,287,607.14,Tamil Nadu,Healthcare,1973,0
387.05,9,6,1,0,0,0,68,896.21,Tamil Nadu,Food,1983,0
840.41,7,9,1,0,0,1,5,403.28,Tamil Nadu,Education,1972,0
503.57,6,19,1,1,0,0,565,1369.0,West Bengal,Entertainment,1991,0
109.1,3,17,1,1,0,0,528,1194.31,Maharashtra,Education,1999,0
655.65,1,7,1,0,0,1,301,518.43,Uttar Pradesh,Electronics,1976,0
49.91,8,12,1,1,0,1,605,199.14,Delhi,Education,1990,0
3145.04,1,21,1,1,0,1,556,1146.51,Uttar Pradesh,Food,1981,0
862.07,2,7,1,0,0,0,596,10.0,Karnataka,Fuel,1973,0
126.38,4,15,1,0,0,0,413,325.43,Telangana,Education,1981,0
419.11,1,10,1,0,0,0,529,409.09,Uttar Pradesh,Food,1984,0
3265.4,6,21,1,0,0,1,139,330.12,Uttar Pradesh,Education,1999,0
3396.36,3,16,1,1,0,1,301,992.85,Uttar Pradesh,Fuel,1979,0
2861.39,7,20,1,0,0,1,125,1644.19,Delhi,Entertainment,1978,0
160.66,3,13,1,0,0,0,566,462.43,West Bengal,Electronics,1974,0
3505.76,4,9,1,0,0,0,202,1057.27,Uttar Pradesh,Education,1975,0
647.35,2,13,1,0,0,0,448,1014.42,Telangana,Healthcare,1976,0
1514.68,1,17,1,0,0,0,386,171.47,Kerala,Education,1981,0
1644.26,6,19,1,1,0,1,661,1931.95,Maharashtra,Utilities,1996,0
2875.41,4,13,1,0,0,1,245,4014.66,Rajasthan,Entertainment,1994,0
337.18,5,18,1,0,0,1,93,1312.89,Telangana,Fuel,1986,0
150.9,3,7,1,0,0,0,554,2891.72,Kerala,Grocery,1998,0
333.75,8,6,1,1,0,1,241,983.54,Gujarat,Healthcare,1981,0
207.2,2,8,1,1,0,0,107,876.51,Tamil Nadu,Education,1976,0
1926.3,2,7,1,0,0,1,432,2045.53,Telangana,Fuel,1992,0
530.03,9,14,1,0,0,0,330,2326.34,West Bengal,Electronics,1978,0
350.31,1,15,1,0,0,1,1,485.31,Delhi,Healthcare,1983,0
956.37,8,10,1,0,0,1,149,1341.42,Karnataka,Healthcare,1996,0
1821.18,9,11,1,1,0,0,556,36.13,Uttar Pradesh,Entertainment,1984,0
468.66,2,9,1,1,0,0,577,1767.46,Kerala,Fuel,1976,0
1704.44,1,10,1,0,0,0,653,285.9,Maharashtra,Travel,1971,0
10.0,6,8,1,1,0,0,491,89.74,Delhi,Travel,1998,0
718.57,7,19,1,1,0,1,374,294.04,Telangana,Utilities,1989,0
771.26,4,14,1,0,0,0,500,333.62,West Bengal,Healthcare,1998,0
291.47,3,18,1,1,0,0,724,935.07,Telangana,Healthcare,1984,0
826.05,1,21,1,0,0,1,631,387.35,Telangana,Grocery,1970,0
6771.69,12,4,2,1,0,0,21,2931.78,Delhi,Food,1979,1
426.35,8,13,1,0,0,0,671,744.12,Delhi,Healthcare,1996,0
282.46,28,1,1,1,1,1,19,1185.79,Kerala,Travel,1999,1
2218.76,8,14,1,0,0,0,316,1579.13,Kerala,Food,1976,0
50.95,7,16,1,1,0,0,616,1107.0,Delhi,Electronics,1982,0
1531.43,5,9,1,1,0,0,201,244.27,Tamil Nadu,Grocery,1993,0
2047.59,2,13,1,0,0,0,92,1211.55,Karnataka,Entertainment,1983,0
356.59,7,17,1,0,0,0,652,32.2,Rajasthan,Electronics,1994,0
159.88,1,18,1,0,0,1,213,296.63,Delhi,Grocery,1972,0
1595.29,2,13,1,1,0,0,491,542.94,Telangana,Education,1970,0
4247.86,4,9,1,0,0,1,255,21.94,Kerala,Food,1989,0
192.21,1,19,1,0,0,1,662,2138.9,Tamil Nadu,Clothing,1986,0
1309.97,4,19,1,0,0,0,717,467.71,Telangana,Entertainment,1990,0
1106.37,2,13,1,0,0,0,52,375.45,Rajasthan,Electronics,1981,0
1086.68,9,16,1,1,0,0,324,2124.57,Rajasthan,Clothing,1993,0
1019.83,8,13,1,1,0,0,122,101.69,Telangana,Food,1970,0
3899.3,8,16,1,0,0,0,115,21.5,West Bengal,Electronics,1990,0
1063.77,7,8,1,0,0,0,171,1024.66,Karnataka,Electronics,1984,0
5270.39,8,14,1,0,0,1,697,3739.06,Maharashtra,Healthcare,1979,0
1110.68,5,10,1,0,0,0,332,2831.61,Maharashtra,Travel,1982,0
633.88,7,13,1,0,0,1,552,2314.67,Telangana,Entertainment,1981,0
3510.76,5,15,1,1,0,1,296,18.71,Karnataka,Healthcare,1992,0
1686.36,15,0,1,2,1,0,56,4954.81,Gujarat,Food,1973,1
467.78,9,9,1,1,0,1,380,114.38,Tamil Nadu,Entertainment,1994,0
253.53,3,17,1,1,0,1,317,1212.25,Kerala,Grocery,1989,0
244.71,5,18,1,1,0,0,726,465.37,Delhi,Healthcare,1985,0
1418.71,7,11,1,0,0,0,588,729.98,West Bengal,Fuel,1991,0
2545.69,2,13,1,0,0,0,540,1586.67,Tamil Nadu,Entertainment,1998,0
14516.66,19,4,2,0,1,2,30,2534.68,Kerala,Travel,1981,1
404.88,8,21,1,0,0,0,639,267.81,West Bengal,Electronics,1984,0
2762.7,8,14,1,0,0,0,256,190.43,Gujarat,Education,1991,0
1644.5,5,12,1,1,0,0,667,640.64,Delhi,Utilities,1997,0
1130.28,1,16,1,0,0,1,566,432.46,Maharashtra,Healthcare,1974,0
2236.36,8,14,1,0,0,1,632,1087.17,Maharashtra,Utilities,1983,0
869.97,6,17,1,0,0,1,554,1470.45,Rajasthan,Travel,1994,0
187.66,8,9,1,0,0,1,626,4203.11,Kerala,Entertainment,1971,0
62.46,6,9,1,0,0,0,76,1810.52,Rajasthan,Entertainment,1999,0
380.81,9,17,1,0,0,1,65,369.29,West Bengal,Utilities,1983,0
2882.03,6,8,1,1,0,1,149,944.95,Uttar Pradesh,Grocery,1984,0
461.47,6,9,1,1,0,1,416,738.65,Delhi,Grocery,1978,0
1038.89,7,20,1,0,0,0,389,370.13,Rajasthan,Fuel,1994,0
695.25,1,6,1,1,0,0,78,1627.34,Maharashtra,Travel,1972,0
631.15,7,7,1,0,0,0,224,930.56,Delhi,Healthcare,1973,0
1228.57,8,15,1,0,0,1,195,617.21,Delhi,Clothing,1979,0
1079.11,12,3,2,1,0,1,49,3485.59,Gujarat,Fuel,1983,1
498.35,29,2,3,1,0,1,3,513.99,Delhi,Healthcare,1978,1
611.52,6,16,1,0,0,1,229,363.23,Tamil Nadu,Fuel,1981,0
498.01,9,8,1,0,0,0,5,4793.37,Karnataka,Food,1974,0
3065.08,6,13,1,1,0,1,59,1301.94,Tamil Nadu,Fuel,1976,0
954.7,9,21,1,0,0,0,459,282.4,Kerala,Food,1988,0
985.4,7,8,1,1,0,1,325,121.84,Maharashtra,Fuel,1985,0
1001.81,6,10,1,1,0,1,311,241.9,Delhi,Clothing,1976,0
4640.82,9,21,1,1,0,1,513,782.64,Rajasthan,Fuel,1991,0
1129.41,6,15,1,1,0,1,469,3913.68,Maharashtra,Food,1982,0
2052.87,5,21,1,0,0,0,348,1000.75,Karnataka,Food,1997,0
61.63,4,19,1,0,0,1,378,973.32,Gujarat,Fuel,1980,0
2876.56,8,22,1,0,1,0,41,6047.16,Uttar Pradesh,Grocery,1971,1
754.03,4,18,1,1,0,1,620,619.4,West Bengal,Travel,1983,0
669.07,1,17,1,1,0,0,208,608.51,Uttar Pradesh,Education,1987,0
504.51,3,18,1,1,0,0,619,862.81,Uttar Pradesh,Fuel,1998,0
1579.02,7,16,1,0,0,0,349,639.98,Maharashtra,Healthcare,1990,0
1216.46,25,2,3,2,0,2,35,2395.89,Maharashtra,Travel,1993,1
5510.58,2,14,1,0,0,1,446,457.91,Maharashtra,Education,1999,0
630.38,6,19,1,1,0,0,384,1427.55,Maharashtra,Education,1990,0
1729.43,3,7,1,0,0,0,190,1460.09,Kerala,Fuel,1970,0
1005.3,2,13,1,1,0,1,689,460.62,Tamil Nadu,Clothing,1978,0
10336.77,16,22,3,0,1,2,48,6070.55,Gujarat,Fuel,1987,1
538.67,12,3,4,2,1,1,37,1326.67,Karnataka,Entertainment,1996,1
1991.01,3,14,1,1,0,0,229,671.37,Telangana,Clothing,1994,0
1947.13,6,20,1,1,0,0,149,833.26,Delhi,Entertainment,1976,0
16180.56,4,4,4,2,0,0,33,16284.67,Tamil Nadu,Travel,1971,1
2078.34,1,15,1,1,0,0,503,10.0,Karnataka,Education,1976,0
650.7,8,18,1,1,0,1,648,962.08,West Bengal,Utilities,1971,0
1154.97,1,14,1,1,0,1,680,1042.48,Rajasthan,Healthcare,1970,0
30.4,4,17,1,0,0,1,319,1245.01,Tamil Nadu,Electronics,1997,0
535.78,3,13,1,0,0,1,638,111.93,Karnataka,Grocery,1982,0
1735.77,2,13,1,1,0,1,523,1313.53,Kerala,Entertainment,1997,0
85.12,5,14,1,1,0,1,530,960.06,Kerala,Grocery,1991,0
2635.47,9,15,1,0,0,0,405,207.18,Rajasthan,Utilities,1993,0
322.84,7,19,1,0,0,1,203,1580.48,Delhi,Travel,1994,0
6209.82,3,16,1,0,0,1,18,150.17,Tamil Nadu,Food,1993,0
891.97,7,7,1,1,0,1,60,1509.62,Tamil Nadu,Utilities,1980,0
270.89,1,14,1,1,0,1,47,972.99,Karnataka,Travel,1993,0
1362.14,5,10,1,0,0,0,36,690.25,Rajasthan,Food,1988,0
896.98,2,15,1,0,0,1,626,811.49,Gujarat,Food,1993,0
195.59,6,13,1,1,0,1,343,1522.25,Maharashtra,Entertainment,1983,0
877.79,3,13,1,0,0,1,40,2642.1,Gujarat,Grocery,1985,0
1331.7,2,8,1,0,0,0,30,2970.75,Tamil Nadu,Electronics,1986,0
1353.88,5,8,1,0,0,0,590,800.23,Delhi,Food,1973,0
1549.43,8,19,1,0,0,1,459,1404.52,Delhi,Education,1977,0
2389.34,4,10,1,1,0,0,227,1594.23,Karnataka,Electronics,1971,0
592.97,4,15,1,0,0,0,551,78.45,Tamil Nadu,Healthcare,1974,0
767.25,7,10,1,0,0,1,123,17.86,Kerala,Entertainment,1988,0
837.26,2,20,1,1,0,0,120,297.91,Maharashtra,Healthcare,1994,0
1167.48,9,6,1,0,0,0,594,44.26,Kerala,Clothing,1993,0
1537.81,1,21,1,0,0,0,484,2106.88,Tamil Nadu,Healthcare,1993,0
521.34,3,19,1,0,0,1,40,436.57,Gujarat,Fuel,1982,0
519.26,9,19,1,0,0,0,701,101.61,Telangana,Clothing,1979,0
298.44,7,20,1,0,0,0,575,519.88,Kerala,Travel,1971,0
1002.31,7,18,1,0,0,0,167,1207.43,Telangana,Education,1994,0
190.0,9,9,1,0,0,0,301,2329.21,Telangana,Food,1994,0
201.36,3,6,1,0,0,1,477,662.91,Tamil Nadu,Travel,1981,0
1101.94,3,10,1,0,0,1,532,333.12,West Bengal,Fuel,1980,0
1244.6,4,13,1,1,0,1,667,2084.15,Gujarat,Healthcare,1990,0
409.77,8,14,1,1,0,1,268,361.25,Kerala,Travel,1980,0
3553.07,26,23,3,2,0,0,18,1202.48,Maharashtra,Travel,1980,1
1277.12,6,11,1,1,0,1,342,3182.33,West Bengal,Food,1982,0
919.5,9,16,1,0,0,0,439,2385.82,West Bengal,Food,1970,0
129.95,2,13,1,1,0,1,655,648.84,Karnataka,Entertainment,1977,0
1244.5,8,21,1,1,0,0,204,392.66,Rajasthan,Grocery,1981,0
488.01,5,20,1,1,0,0,348,7414.98,Uttar Pradesh,Electronics,1998,0
824.03,2,10,1,0,0,1,722,516.36,Kerala,Entertainment,1996,0
14350.03,17,2,1,0,1,1,30,2425.56,Rajasthan,Healthcare,1989,1
1631.68,5,15,1,0,0,1,79,836.22,Uttar Pradesh,Travel,1981,0
190.47,1,9,1,1,0,0,652,85.08,Maharashtra,Clothing,1982,0
848.92,8,19,1,0,0,0,266,572.33,Telangana,Grocery,1991,0
2114.41,8,16,1,0,0,1,43,161.15,Uttar Pradesh,Travel,1970,0
1250.16,8,8,1,0,0,0,188,3654.55,Rajasthan,Electronics,1999,0
311.79,3,6,1,1,0,0,586,1420.09,Tamil Nadu,Food,1998,0
76.77,4,12,1,1,0,0,690,874.03,Maharashtra,Electronics,1990,0
905.38,24,0,1,2,1,0,58,291.97,West Bengal,Food,1979,1
272.74,1,13,1,1,0,0,297,641.5,Kerala,Healthcare,1990,0
3995.26,9,17,1,0,0,1,624,1393.86,Delhi,Utilities,1981,0
413.58,4,8,1,0,0,1,241,1155.29,Uttar Pradesh,Grocery,1990,0
1429.18,6,12,1,0,0,1,297,3290.72,West Bengal,Education,1991,0
1081.34,1,20,1,0,0,0,394,332.85,West Bengal,Grocery,1992,0
52.1,7,10,1,0,0,0,244,29.63,Gujarat,Utilities,1986,0
44.22,3,11,1,0,0,1,6,364.49,Maharashtra,Healthcare,1991,0
583.01,5,9,1,0,0,1,369,322.05,Delhi,Fuel,1977,0
78.31,1,20,1,1,0,1,247,869.29,Delhi,Electronics,1973,0
2360.07,8,15,1,0,0,0,282,384.92,Kerala,Healthcare,1983,0
1619.9,4,12,1,0,0,0,79,706.42,Rajasthan,Food,1996,0
3416.76,6,17,1,1,0,0,629,351.37,Rajasthan,Education,1982,0
165.68,6,20,1,1,0,1,302,1836.31,Maharashtra,Clothing,1982,0
1362.48,2,10,1,1,0,0,308,713.84,Maharashtra,Education,1986,0
1974.85,9,12,1,1,0,1,89,2154.97,Gujarat,Utilities,1997,0
3668.53,5,15,1,0,0,1,333,1080.8,Telangana,Healthcare,1993,0
759.48,4,12,1,0,0,0,652,1302.27,Rajasthan,Grocery,1994,0
1830.17,7,19,1,1,0,1,716,694.87,Uttar Pradesh,Entertainment,1984,0
2932.81,9,5,2,0,1,2,29,1933.65,West Bengal,Fuel,1971,1
522.99,6,8,1,1,0,1,259,533.37,Gujarat,Electronics,1999,0
80.16,4,7,1,1,0,1,599,1740.15,Delhi,Utilities,1986,0
540.12,1,6,1,1,0,1,429,572.48,Uttar Pradesh,Education,1971,0
1259.25,3,16,1,0,0,0,342,26.16,Gujarat,Fuel,1996,0
4135.63,4,10,1,0,0,1,591,133.97,Delhi,Entertainment,1984,0
18075.56,18,0,3,2,1,1,44,7366.7,Rajasthan,Healthcare,1997,1
315.33,6,19,1,1,0,0,545,1218.29,Rajasthan,Education,1975,0
3217.59,5,13,1,1,0,1,257,777.01,Rajasthan,Utilities,1978,0
481.27,9,12,1,0,0,0,461,731.59,Uttar Pradesh,Travel,1975,0
1293.61,6,14,1,0,0,1,685,452.32,Karnataka,Education,1989,0
716.98,2,13,1,0,0,1,658,1270.47,Uttar Pradesh,Entertainment,1985,0
1347.39,2,17,1,0,0,0,180,399.88,Tamil Nadu,Education,1991,0
1614.0,6,21,1,1,0,0,88,169.24,Kerala,Grocery,1997,0
1216.71,4,19,1,0,0,1,208,103.16,Telangana,Clothing,1981,0
840.64,9,12,1,0,0,0,434,1229.1,Delhi,Utilities,1982,0
1451.48,5,12,1,0,0,0,517,2286.62,Tamil Nadu,Travel,1974,0
2213.05,1,8,1,0,0,1,702,1446.19,Rajasthan,Electronics,1992,0
1469.71,3,15,1,1,0,0,3,3209.31,Delhi,Grocery,1974,0
930.64,4,16,1,0,0,0,150,3006.79,Telangana,Fuel,1985,0
153.34,5,14,1,1,0,1,517,331.92,Tamil Nadu,Food,1988,0
1625.68,4,7,1,0,0,1,681,539.93,Telangana,Fuel,1980,0
1443.91,4,4,4,1,0,1,20,2689.29,Telangana,Education,1975,1
493.2,8,11,1,0,0,0,714,797.91,West Bengal,Clothing,1974,0
85.9,2,7,1,0,0,0,480,305.38,Rajasthan,Utilities,1980,0
1951.79,2,12,1,1,0,0,79,855.36,Telangana,Electronics,1972,0
3369.03,2,11,1,0,0,0,125,1011.39,Uttar Pradesh,Travel,1971,0
452.68,6,6,1,1,0,1,268,538.35,Kerala,Electronics,1978,0
1107.57,9,7,1,1,0,0,190,949.96,Karnataka,Clothing,1981,0
214.71,6,12,1,1,0,0,415,352.58,Rajasthan,Electronics,1974,0
441.62,6,6,1,0,0,0,384,1051.36,Uttar Pradesh,Utilities,1986,0
1882.74,8,13,1,1,0,0,169,561.64,Uttar Pradesh,Entertainment,1990,0
31.12,3,20,1,0,0,0,590,1105.54,Maharashtra,Clothing,1982,0
946.96,2,8,1,1,0,1,56,1143.68,Tamil Nadu,Entertainment,1994,0
2754.52,3,19,1,0,0,0,140,1678.66,Rajasthan,Grocery,1996,0
2335.67,6,15,1,0,0,1,335,846.63,West Bengal,Food,1988,0
470.26,2,11,1,1,0,0,464,946.89,Gujarat,Utilities,1987,0
608.12,8,18,1,0,0,1,518,1002.15,West Bengal,Utilities,1981,0
1306.71,4,6,1,0,0,1,533,203.75,Kerala,Electronics,1980,0
386.75,3,15,1,0,0,1,430,639.96,Kerala,Entertainment,1998,0
2150.02,1,9,1,1,0,1,486,745.32,Telangana,Entertainment,1997,0
109.42,6,14,1,1,0,1,604,1285.86,Karnataka,Education,1980,0
9540.42,9,22,4,0,1,0,57,2201.97,Uttar Pradesh,Food,1988,1
728.1,7,6,1,1,0,0,538,189.02,West Bengal,Healthcare,1980,0
334.63,6,13,1,1,0,0,72,1069.95,Gujarat,Utilities,1977,0
448.49,5,9,1,0,0,0,548,105.85,Telangana,Clothing,1970,0
3290.97,6,14,1,1,0,0,53,688.59,Rajasthan,Fuel,1984,0
787.13,9,7,1,0,0,0,21,442.32,Telangana,Food,1986,0
154.56,8,9,1,0,0,1,394,1716.03,Delhi,Entertainment,1973,0
53.94,6,13,1,0,0,1,212,182.77,West Bengal,Utilities,1975,0
1937.66,1,18,1,1,0,0,385,1210.72,Delhi,Fuel,1972,0
139.2,9,21,1,1,0,1,492,659.29,Delhi,Education,1996,0
390.18,7,7,1,0,0,0,369,196.4,West Bengal,Grocery,1976,0
921.67,6,11,1,0,0,1,508,215.45,Karnataka,Entertainment,1994,0
1923.2,5,17,1,0,0,1,401,856.05,Karnataka,Electronics,1987,0
258.74,9,6,1,0,0,0,283,105.0,Rajasthan,Education,1977,0
1241.71,8,17,1,1,0,0,390,78.92,Uttar Pradesh,Clothing,1979,0
1223.41,4,18,1,1,0,0,70,820.49,Delhi,Electronics,1983,0
73.21,6,9,1,1,0,1,537,3074.32,Tamil Nadu,Healthcare,1984,0
139.98,1,8,1,0,0,0,280,272.61,Delhi,Entertainment,1984,0
1308.16,6,9,1,0,0,1,512,2315.0,Kerala,Electronics,1998,0
2782.92,10,22,3,0,1,1,7,5916.93,West Bengal,Utilities,1987,1
1845.02,4,17,1,1,0,0,163,1815.44,Karnataka,Clothing,1973,0
820.66,4,21,1,0,0,0,159,1694.59,Karnataka,Entertainment,1986,0
3160.08,9,7,1,0,0,1,464,1007.92,Uttar Pradesh,Travel,1984,0
318.64,5,15,1,1,0,1,240,143.58,Gujarat,Entertainment,1979,0
1433.02,9,11,1,0,0,0,385,977.02,Kerala,Travel,1983,0
954.51,1,9,1,1,0,0,17,1224.54,Kerala,Grocery,1971,0
2800.48,5,6,1,0,0,0,452,495.63,Uttar Pradesh,Grocery,1999,0
1976.92,9,16,1,1,0,0,382,759.78,Rajasthan,Grocery,1975,0
500.77,6,12,1,0,0,0,388,303.31,Tamil Nadu,Travel,1975,0
10.0,5,14,1,1,0,1,590,630.11,Rajasthan,Utilities,1987,0
902.78,1,19,1,0,0,0,178,1279.32,Telangana,Clothing,1995,0
31.46,7,15,1,0,0,0,248,17.78,Rajasthan,Education,1978,0
1216.73,4,12,1,0,0,1,414,2603.9,Maharashtra,Travel,1984,0
566.15,7,7,1,0,0,0,5,2093.14,Tamil Nadu,Grocery,1972,0
3566.73,3,14,1,0,0,1,379,508.28,Delhi,Healthcare,1984,0
481.59,5,8,1,0,0,0,600,510.29,Telangana,Electronics,1980,0
2234.24,5,12,1,0,0,0,551,479.89,Uttar Pradesh,Grocery,1976,0
1827.49,7,20,1,0,0,1,251,1971.83,Gujarat,Fuel,1990,0
865.35,4,15,1,1,0,0,434,2234.12,Uttar Pradesh,Travel,1984,0
1828.32,5,14,1,1,0,1,708,261.08,Uttar Pradesh,Utilities,1978,0
1313.77,4,8,1,1,0,0,506,303.84,Telangana,Fuel,1984,0
344.74,2,20,1,1,0,1,347,189.14,Kerala,Entertainment,1983,0
8224.33,22,22,1,2,1,1,6,2074.8,Uttar Pradesh,Food,1987,1
974.71,2,8,1,0,0,1,662,117.9,Tamil Nadu,Entertainment,1983,0
2938.73,9,6,1,1,0,1,269,1191.59,Tamil Nadu,Education,1993,0
1199.35,8,20,1,1,0,0,296,858.26,Delhi,Grocery,1980,0
11378.69,12,23,1,1,1,1,32,874.05,West Bengal,Travel,1999,1
3432.19,1,7,1,1,0,1,145,433.52,Gujarat,Entertainment,1974,0
89.11,1,19,1,0,0,0,351,85.47,Gujarat,Fuel,1995,0
694.72,1,20,1,0,0,0,329,2852.54,Uttar Pradesh,Fuel,1978,0
628.11,1,8,1,1,0,1,346,671.16,Maharashtra,Grocery,1977,0
1822.95,7,12,1,1,0,1,707,53.14,Karnataka,Healthcare,1984,0
198.15,6,10,1,1,0,0,384,944.12,Telangana,Food,1991,0
2637.33,9,20,1,0,0,0,223,198.78,Tamil Nadu,Food,1988,0
881.66,3,13,1,1,0,1,654,916.34,Delhi,Food,1982,0
422.95,3,19,1,1,0,1,374,463.8,Uttar Pradesh,Entertainment,1986,0
5862.87,23,2,3,2,0,0,16,9924.47,Rajasthan,Education,1992,1
520.63,2,9,1,1,0,1,587,967.5,Delhi,Clothing,1993,0
196.36,3,15,1,0,0,1,48,122.06,Gujarat,Utilities,1986,0
1501.0,2,19,1,0,0,0,110,3247.6,Karnataka,Education,1979,0
857.21,6,19,1,0,0,0,2,197.12,Karnataka,Healthcare,1983,0
3898.32,6,14,1,0,0,0,52,1438.64,Kerala,Travel,1972,0
1306.08,8,11,1,0,0,1,565,802.99,Uttar Pradesh,Travel,1984,0
523.3,1,15,1,1,0,0,98,392.94,Karnataka,Fuel,1986,0
5528.73,9,6,1,1,0,1,582,605.14,Kerala,Grocery,1980,0
701.44,1,17,1,1,0,0,187,1617.45,Maharashtra,Entertainment,1994,0
728.28,9,18,1,0,0,0,242,437.3,Uttar Pradesh,Clothing,1995,0
758.62,5,15,1,1,0,0,146,4794.74,Telangana,Utilities,1977,0
1369.63,1,21,1,1,0,1,372,119.5,Gujarat,Utilities,1981,0
2167.72,2,21,1,1,0,1,219,1727.77,Kerala,Clothing,1985,0
1111.67,3,8,1,0,0,1,324,74.37,Uttar Pradesh,Healthcare,1985,0
122.16,3,7,1,1,0,0,480,220.4,Telangana,Travel,1986,0
38.55,7,10,1,1,0,1,530,75.79,Telangana,Education,1987,0
575.96,9,20,1,0,0,1,175,37.89,Delhi,Healthcare,1971,0
329.24,2,12,1,1,0,0,267,132.09,West Bengal,Education,1993,0
227.3,4,9,1,1,0,1,530,622.2,Delhi,Electronics,1997,0
681.66,3,6,1,1,0,0,426,419.76,Tamil Nadu,Healthcare,1974,0
756.3,9,14,1,1,0,0,697,1530.3,Uttar Pradesh,Travel,1986,0
492.81,1,16,1,1,0,1,571,572.23,West Bengal,Entertainment,1980,0
69.94,5,6,1,1,0,0,621,2632.67,Uttar Pradesh,Grocery,1998,0
2492.6,6,16,1,0,0,0,542,160.73,Kerala,Healthcare,1993,0
1168.32,8,18,1,0,0,0,599,1701.89,Telangana,Healthcare,1993,0
1660.34,22,0,1,2,1,1,5,4625.3,Gujarat,Electronics,1998,1
206.2,1,17,1,1,0,1,140,44.33,Kerala,Travel,1987,0
2651.38,8,6,1,1,0,0,166,550.43,Delhi,Clothing,1991,0
357.33,1,12,1,0,0,0,434,56.84,Kerala,Entertainment,1997,0
1474.34,9,13,1,1,0,0,709,1671.45,Delhi,Education,1999,0
664.74,2,12,1,1,0,0,723,459.47,Gujarat,Food,1997,0
68.05,4,19,1,0,0,0,121,719.49,Gujarat,Grocery,1972,0
758.78,9,20,1,0,0,0,150,108.03,Maharashtra,Travel,1972,0
4022.09,6,12,1,0,0,1,64,1099.16,Rajasthan,Electronics,1986,0
36.32,8,9,1,0,0,1,70,807.56,Kerala,Entertainment,1985,0
5856.23,15,22,3,1,0,0,7,10416.22,Rajasthan,Education,1985,1
733.32,6,14,1,1,0,1,296,1791.69,Tamil Nadu,Grocery,1971,0
185.86,5,10,1,0,0,1,169,1585.8,Tamil Nadu,Utilities,1982,0
31.76,6,14,1,1,0,1,239,867.65,Karnataka,Entertainment,1988,0
3772.7,9,11,1,0,0,1,386,124.15,Telangana,Fuel,1998,0
392.99,7,7,1,1,0,1,601,1143.32,West Bengal,Fuel,1993,0
1025.15,3,12,1,0,0,0,412,1105.44,Telangana,Healthcare,1981,0
477.47,8,14,1,1,0,0,298,1228.72,Tamil Nadu,Travel,1981,0
39.8,8,17,1,1,0,0,94,1169.99,Uttar Pradesh,Education,1980,0
1524.02,6,14,1,1,0,1,375,1210.18,Karnataka,Grocery,1986,0
2306.34,2,14,1,1,0,0,36,1385.6,Karnataka,Electronics,1981,0
1222.88,3,20,1,0,0,1,116,419.04,Kerala,Utilities,1985,0
1950.34,6,13,1,0,0,1,126,4831.98,Delhi,Education,1979,0
1144.2,8,20,1,1,0,1,675,1302.62,Karnataka,Healthcare,1999,0
2161.46,5,7,1,0,0,1,385,93.5,Delhi,Electronics,1985,0
1056.01,7,10,1,0,0,0,661,2149.22,Rajasthan,Clothing,1973,0
97.59,1,11,1,0,0,1,239,456.69,Telangana,Healthcare,1990,0
1973.38,4,21,1,0,0,1,632,1759.36,Telangana,Grocery,1994,0
553.6,5,16,1,1,0,0,684,1703.07,Tamil Nadu,Fuel,1980,0
7087.27,27,4,4,0,0,1,33,4530.29,West Bengal,Entertainment,1977,1
480.1,3,16,1,0,0,1,53,33.55,Delhi,Fuel,1998,0
629.3,1,16,1,1,0,1,702,944.33,Telangana,Education,1979,0
1566.52,8,17,1,0,0,0,494,210.96,Uttar Pradesh,Entertainment,1976,0
894.25,5,21,1,1,0,0,450,147.39,Gujarat,Healthcare,1980,0
856.9,6,12,1,1,0,1,479,533.54,Uttar Pradesh,Travel,1994,0
598.96,6,12,1,0,0,1,158,627.26,Uttar Pradesh,Entertainment,1970,0
104.07,4,19,1,1,0,0,345,275.04,Telangana,Fuel,1992,0
665.2,4,20,1,0,0,1,265,280.46,Gujarat,Travel,1990,0
2243.07,24,23,1,2,1,1,46,3912.39,Delhi,Healthcare,1986,1
10.0,9,7,1,0,0,1,175,5364.45,Gujarat,Clothing,1995,0
904.96,2,17,1,0,0,1,82,1693.76,Telangana,Utilities,1988,0
87.86,9,3,1,0,0,0,32,7038.12,Kerala,Fuel,1978,1
1707.92,8,8,1,0,0,1,566,96.07,Tamil Nadu,Food,1990,0
1011.45,3,8,1,0,0,1,220,1672.38,Delhi,Travel,1980,0
1774.93,8,13,1,1,0,1,334,2955.18,West Bengal,Fuel,1984,0
780.45,5,15,1,1,0,0,698,84.22,Kerala,Clothing,1994,0
1126.12,8,18,1,0,0,1,621,2511.03,Telangana,Clothing,1979,0
869.65,8,12,1,0,0,0,647,80.45,Maharashtra,Electronics,1989,0
423.63,2,7,1,0,0,1,212,271.15,Tamil Nadu,Fuel,1978,0
28.12,2,19,1,0,0,0,11,1766.21,Kerala,Healthcare,1982,0
917.43,9,13,1,0,0,0,125,222.21,Telangana,Travel,1989,0
2376.07,6,6,1,1,0,1,333,2714.91,Uttar Pradesh,Entertainment,1998,0
451.49,1,11,1,1,0,0,625,563.43,Tamil Nadu,Grocery,1975,0
461.98,8,20,1,1,0,1,225,1986.53,Uttar Pradesh,Education,1975,0
417.48,3,8,1,1,0,1,341,447.56,Gujarat,Food,1990,0
31.05,6,8,1,0,0,0,74,1394.91,Delhi,Travel,1983,0
1575.22,7,16,1,0,0,0,5,1761.63,Delhi,Healthcare,1997,0
1394.01,2,9,1,1,0,1,335,629.16,Telangana,Education,1995,0
357.26,8,19,1,1,0,1,95,62.03,Delhi,Grocery,1988,0
3593.3,6,15,1,1,0,0,543,1581.35,Telangana,Grocery,1980,0
306.48,2,10,1,0,0,0,36,422.36,Kerala,Travel,1998,0
1077.7,9,7,1,0,0,1,564,1414.38,Gujarat,Education,1994,0
328.1,6,16,1,1,0,0,720,1702.4,Gujarat,Fuel,1977,0
1950.33,6,16,1,0,0,0,195,1453.05,Kerala,Entertainment,1997,0
930.18,9,8,1,1,0,1,123,483.08,Uttar Pradesh,Healthcare,1982,0
2599.94,5,10,1,1,0,1,263,582.5,Gujarat,Travel,1981,0
1150.85,8,21,1,0,0,0,729,62.06,Uttar Pradesh,Food,1993,0
875.77,1,16,1,0,0,1,63,105.1,Maharashtra,Fuel,1983,0
3282.33,6,13,1,0,0,0,503,139.07,West Bengal,Education,1986,0
1394.44,1,9,1,0,0,1,374,413.03,Delhi,Grocery,1970,0
342.35,4,10,1,1,0,0,132,367.36,Delhi,Electronics,1978,0
3026.65,10,22,3,0,1,0,53,3178.02,Karnataka,Food,1998,1
16.29,2,19,1,0,0,1,670,779.58,Delhi,Grocery,1976,0
554.49,7,17,1,0,0,0,507,797.97,West Bengal,Utilities,1987,0
1220.37,7,11,1,1,0,0,398,874.05,Kerala,Healthcare,1972,0
10232.16,28,5,1,0,0,2,33,8638.06,Maharashtra,Food,1999,1
10.31,7,19,1,1,0,0,62,712.19,Uttar Pradesh,Healthcare,1985,0
190.16,6,19,1,1,0,1,294,1784.52,Kerala,Clothing,1977,0
569.55,7,12,1,0,0,1,76,1695.05,Tamil Nadu,Clothing,1978,0
463.12,1,20,1,1,0,0,235,1895.87,Delhi,Electronics,1984,0
5079.23,7,7,1,1,0,1,165,138.19,Gujarat,Healthcare,1991,0
859.33,9,18,1,0,0,0,680,828.75,Kerala,Grocery,1983,0
2491.12,9,12,1,0,0,1,35,393.86,Delhi,Clothing,1998,0
2024.48,9,15,1,1,0,0,60,125.74,Rajasthan,Utilities,1991,0
1535.97,6,19,1,1,0,0,596,2233.84,Delhi,Grocery,1997,0
2962.78,6,21,1,1,0,1,638,976.55,Rajasthan,Food,1998,0
621.45,2,13,1,1,0,0,231,1747.32,Karnataka,Grocery,1999,0
1157.28,1,18,1,1,0,0,551,2180.68,Maharashtra,Grocery,1991,0
172.99,6,17,1,1,0,1,204,38.18,Delhi,Education,1998,0
226.38,1,12,1,0,0,1,387,1379.13,Karnataka,Entertainment,1994,0
3643.89,1,15,1,0,0,0,510,1872.81,Gujarat,Healthcare,1976,0
748.24,9,20,1,1,0,1,497,866.04,Delhi,Fuel,1987,0
1133.76,9,18,1,0,0,1,74,4194.61,Maharashtra,Education,1981,0
2037.86,2,21,1,1,0,1,76,104.85,Tamil Nadu,Clothing,1992,0
142.66,8,7,1,1,0,0,711,1158.92,Telangana,Healthcare,1994,0
2786.81,5,16,1,0,0,0,615,80.86,Delhi,Fuel,1995,0
235.85,3,8,1,1,0,0,665,117.18,Karnataka,Utilities,1991,0
1645.16,3,10,1,1,0,1,551,112.93,Karnataka,Utilities,1997,0
8091.07,8,20,1,1,0,1,375,180.85,West Bengal,Entertainment,1992,0
103.36,8,15,1,1,0,1,603,211.82,West Bengal,Entertainment,1972,0
1643.2,4,3,3,0,0,2,47,180.38,Gujarat,Utilities,1996,1
685.11,6,6,1,1,0,1,446,1663.8,Karnataka,Travel,1998,0
14917.39,12,3,2,1,0,1,53,3261.0,Rajasthan,Clothing,1972,1
2630.41,9,18,1,0,0,1,612,406.44,Telangana,Grocery,1997,0
1487.11,9,13,1,0,0,0,106,120.15,Tamil Nadu,Healthcare,1999,0
312.13,3,13,1,0,0,0,471,582.83,West Bengal,Education,1997,0
1410.45,1,7,1,0,0,1,565,339.33,Kerala,Education,1976,0
1115.58,8,13,1,1,0,0,133,806.92,Rajasthan,Education,1999,0
967.39,6,18,1,1,0,0,563,756.83,Telangana,Electronics,1995,0
3094.8,9,11,1,1,0,0,415,1939.18,Tamil Nadu,Entertainment,1977,0
29.52,9,14,1,1,0,1,214,2077.66,Karnataka,Utilities,1976,0
1597.32,1,8,1,1,0,0,491,2090.16,Karnataka,Clothing,1980,0
2948.59,9,9,1,0,0,0,84,820.34,Delhi,Utilities,1981,0
3655.43,1,7,1,0,0,0,367,444.4,West Bengal,Grocery,1987,0
1431.82,5,11,1,1,0,1,678,1245.55,Uttar Pradesh,Grocery,1972,0
1221.7,1,20,1,1,0,1,107,123.35,Rajasthan,Food,1982,0
2116.72,6,8,1,0,0,1,250,869.3,Delhi,Education,1982,0
3383.63,7,8,1,0,0,1,36,1137.5,Tamil Nadu,Food,1986,0
1791.49,3,19,1,1,0,1,246,838.81,Uttar Pradesh,Grocery,1993,0
156.63,6,21,1,0,0,1,49,85.07,Karnataka,Travel,1992,0
1285.13,6,10,1,0,0,1,546,173.04,Karnataka,Clothing,1992,0
57.03,4,21,1,0,0,0,282,736.39,Karnataka,Electronics,1973,0
1029.32,3,20,1,1,0,0,373,2301.72,Delhi,Education,1999,0
742.49,5,15,1,1,0,0,558,962.81,Delhi,Clothing,1999,0
236.5,4,10,1,0,0,1,604,2803.78,Telangana,Travel,1984,0
131.42,1,8,1,1,0,0,602,1683.91,Tamil Nadu,Education,1989,0
280.91,6,11,1,0,0,1,223,590.44,Maharashtra,Grocery,1976,0
1867.42,5,21,1,1,0,1,532,1095.65,Maharashtra,Entertainment,1999,0
1804.57,8,2,4,2,1,0,3,4221.42,Delhi,Travel,1970,1
1955.2,8,15,1,0,0,1,56,291.13,Uttar Pradesh,Grocery,1972,0
132.13,8,10,1,0,0,1,348,319.66,Maharashtra,Entertainment,1998,0
3558.72,3,17,1,1,0,1,3,854.57,Gujarat,Electronics,1995,0
1302.26,4,10,1,1,0,0,642,2383.44,Maharashtra,Electronics,1980,0
230.25,7,21,1,0,0,1,702,692.21,Kerala,Healthcare,1999,0
2610.5,3,7,1,0,0,0,439,2378.26,Uttar Pradesh,Healthcare,1994,0
98.19,10,4,4,0,1,2,26,3602.59,West Bengal,Utilities,1977,1
1134.5,8,18,1,0,0,1,292,210.13,Rajasthan,Healthcare,1995,0
63.79,9,17,1,0,0,0,223,2220.51,Delhi,Entertainment,1973,0
10.0,1,6,1,1,0,1,387,4320.65,West Bengal,Healthcare,1992,0
1663.74,2,10,1,0,0,1,631,1450.92,West Bengal,Education,1974,0
1836.84,7,13,1,0,0,0,392,285.69,Tamil Nadu,Travel,1988,0
4503.94,7,21,1,1,0,1,492,103.73,Telangana,Education,1980,0
1225.54,6,21,1,1,0,1,709,673.3,Uttar Pradesh,Healthcare,1991,0
900.42,9,4,4,2,0,0,47,5120.94,Tamil Nadu,Electronics,1970,1
209.76,8,8,1,1,0,0,99,720.87,Gujarat,Entertainment,1998,0
1795.19,1,15,1,0,0,1,272,2786.07,Delhi,Education,1980,0
105.98,6,6,1,0,0,0,609,357.18,Telangana,Healthcare,1974,0
10.0,4,15,1,1,0,0,489,273.87,Delhi,Food,1981,0
467.48,7,7,1,0,0,1,17,365.78,Uttar Pradesh,Education,1999,0
4037.65,5,11,1,0,0,1,517,374.23,Maharashtra,Utilities,1990,0
75.15,5,15,1,1,0,1,15,725.82,Uttar Pradesh,Healthcare,1999,0
1769.07,7,19,1,1,0,1,73,246.39,Maharashtra,Entertainment,1986,0
1686.59,9,17,1,0,0,0,52,439.11,Delhi,Utilities,1986,0
305.84,2,17,1,1,0,1,520,10.0,Gujarat,Entertainment,1978,0
278.76,7,11,1,0,0,0,99,432.5,West Bengal,Entertainment,1991,0
926.83,3,20,1,1,0,0,38,827.21,Uttar Pradesh,Food,1987,0
490.81,5,19,1,0,0,0,170,897.09,West Bengal,Food,1999,0
3989.45,5,5,1,2,1,0,51,53.35,Delhi,Utilities,1987,1
364.04,18,5,1,2,1,0,34,3541.65,Karnataka,Food,1974,1
161.75,1,12,1,1,0,0,131,962.09,Uttar Pradesh,Clothing,1972,0
926.42,2,19,1,0,0,0,698,654.74,Tamil Nadu,Fuel,1976,0
205.29,9,16,1,1,0,0,207,416.48,Telangana,Education,1984,0
875.09,3,18,1,1,0,1,234,1377.41,Rajasthan,Education,1998,0
1118.17,8,12,1,0,0,1,539,1379.32,Gujarat,Food,1987,0
1063.49,4,15,1,1,0,1,663,453.31,Kerala,Food,1999,0
288.93,4,14,1,1,0,0,351,385.33,Delhi,Healthcare,1973,0
488.46,3,10,1,1,0,0,101,180.47,Telangana,Fuel,1985,0
3104.66,5,17,1,1,0,0,391,30.61,Karnataka,Grocery,1973,0
1292.23,2,19,1,1,0,0,250,2189.42,Rajasthan,Healthcare,1979,0
133.04,5,6,1,1,0,1,584,328.35,Karnataka,Clothing,1990,0
2500.72,5,12,1,1,0,0,618,13.54,Uttar Pradesh,Travel,1980,0
1308.99,6,21,1,1,0,0,609,339.33,Delhi,Electronics,1997,0
759.54,6,15,1,0,0,1,54,353.9,Uttar Pradesh,Fuel,1977,0
17068.82,12,3,2,1,0,2,45,103.32,Gujarat,Healthcare,1982,1
343.73,7,20,1,1,0,1,169,96.58,West Bengal,Healthcare,1972,0
1950.97,9,18,1,0,0,1,517,1163.4,Tamil Nadu,Education,1975,0
2553.98,1,7,1,0,0,1,389,1873.94,Rajasthan,Travel,1973,0
1275.06,6,8,1,1,0,0,517,198.56,Rajasthan,Clothing,1985,0
3765.07,17,23,1,0,1,0,29,1151.13,Karnataka,Travel,1981,1
2023.67,4,8,1,1,0,0,544,1447.6,Delhi,Fuel,1983,0
410.57,6,21,1,0,0,0,416,760.53,Maharashtra,Travel,1989,0
1413.41,4,21,1,0,0,0,447,10.0,West Bengal,Food,1975,0
465.43,3,16,1,1,0,1,530,760.35,Maharashtra,Travel,1973,0
312.38,8,9,1,0,0,1,559,2319.63,West Bengal,Grocery,1974,0
73.09,6,21,1,0,0,0,612,234.82,Tamil Nadu,Utilities,1989,0
1518.21,2,16,1,1,0,0,342,54.8,Uttar Pradesh,Fuel,1987,0
1342.63,6,19,1,0,0,0,301,744.29,Uttar Pradesh,Healthcare,1977,0
602.73,5,10,1,1,0,1,334,213.85,Telangana,Food,1995,0
2349.14,1,10,1,0,0,0,671,929.15,Karnataka,Fuel,1980,0
2062.73,3,6,1,1,0,1,207,1486.71,Delhi,Entertainment,1999,0
3294.3,6,23,2,0,1,1,41,3713.84,Telangana,Healthcare,1993,1
62.37,3,18,1,1,0,0,330,587.19,Rajasthan,Travel,1981,0
343.38,4,10,1,1,0,0,23,450.5,Maharashtra,Healthcare,1987,0
88.19,3,16,1,1,0,1,535,4677.87,Karnataka,Electronics,1999,0
300.88,9,9,1,1,0,0,239,2729.72,Rajasthan,Education,1991,0
186.49,2,21,1,0,0,0,35,1683.01,Rajasthan,Healthcare,1994,0
2681.74,2,8,1,0,0,0,584,1207.84,Rajasthan,Education,1987,0
1923.04,1,14,1,1,0,0,411,484.25,Delhi,Education,1972,0
222.27,19,5,3,0,0,0,17,7835.54,West Bengal,Travel,1992,1
255.27,9,21,1,1,0,1,482,50.11,Karnataka,Food,1993,0
1604.68,14,22,1,1,1,0,37,14689.11,Kerala,Food,1973,1
217.38,8,16,1,1,0,1,197,2117.34,Gujarat,Education,1994,0
208.68,9,19,1,1,0,0,322,366.05,Maharashtra,Entertainment,1997,0
732.85,3,12,1,1,0,0,402,3525.78,West Bengal,Healthcare,1976,0
121.64,1,20,1,1,0,1,580,396.05,Maharashtra,Utilities,1976,0
1150.05,3,8,1,1,0,1,14,36.18,Kerala,Entertainment,1981,0
682.99,3,13,1,0,0,1,395,241.87,Tamil Nadu,Entertainment,1991,0
2258.65,9,8,1,0,0,1,279,357.66,Karnataka,Education,1983,0
278.21,1,21,1,0,0,1,347,3766.79,West Bengal,Travel,1997,0
1097.26,9,17,1,1,0,1,541,1909.03,Kerala,Food,1990,0
2837.87,8,10,1,0,0,0,420,471.28,Karnataka,Electronics,1997,0
1156.51,7,7,1,0,0,0,202,245.09,Gujarat,Food,1992,0
2410.84,7,9,1,0,0,0,22,80.95,Telangana,Electronics,1991,0
10128.48,22,4,2,2,1,1,54,1543.05,Tamil Nadu,Healthcare,1978,1
2580.22,7,14,1,0,0,1,36,479.39,Delhi,Utilities,1981,0
6954.32,3,2,1,2,0,0,7,3015.24,Delhi,Healthcare,1981,1
12020.57,17,22,1,1,1,2,37,2945.6,West Bengal,Clothing,1982,1
1398.68,2,8,1,0,0,0,174,1492.02,Telangana,Entertainment,1987,0
247.92,7,17,1,1,0,1,729,695.48,Kerala,Clothing,1986,0
356.08,7,12,1,0,0,1,130,1086.69,Karnataka,Food,1986,0
806.77,4,13,1,1,0,0,170,70.8,Rajasthan,Entertainment,1987,0
2488.72,28,5,3,0,0,1,58,5496.34,Karnataka,Clothing,1980,1
1235.18,8,14,1,0,0,0,186,1346.15,Rajasthan,Entertainment,1986,0
181.58,6,8,1,0,0,0,292,77.19,Uttar Pradesh,Clothing,1982,0
1197.56,6,9,1,0,0,0,141,1083.43,Gujarat,Food,1997,0
1249.63,8,12,1,1,0,0,611,224.9,Telangana,Travel,1993,0
1407.78,7,19,1,1,0,1,24,81.52,Karnataka,Entertainment,1988,0
55.03,3,9,1,1,0,1,46,671.46,West Bengal,Education,1979,0
3879.39,7,10,1,0,0,0,88,1129.37,Rajasthan,Clothing,1997,0
6879.24,7,0,4,0,1,2,3,6080.64,Gujarat,Utilities,1981,1
2651.7,5,11,1,1,0,0,538,5553.25,Maharashtra,Grocery,1986,0
445.65,6,21,1,0,0,0,648,698.95,Karnataka,Education,1978,0
955.57,9,13,1,1,0,0,528,705.64,Rajasthan,Grocery,1981,0
7094.85,5,1,1,2,0,1,21,6413.76,Uttar Pradesh,Electronics,1984,1
5566.82,20,2,4,2,1,1,52,6289.99,Delhi,Food,1996,1
656.24,2,15,1,1,0,1,323,57.64,Tamil Nadu,Healthcare,1981,0
51.92,7,9,1,1,0,1,708,143.17,Gujarat,Fuel,1974,0
2216.79,20,1,1,1,1,0,55,2352.93,Maharashtra,Education,1997,1
1040.05,8,17,1,0,0,0,532,819.4,Maharashtra,Clothing,1998,0
474.57,8,21,1,1,0,0,74,1624.01,Karnataka,Grocery,1997,0
1100.05,9,6,1,0,0,0,165,561.16,Karnataka,Utilities,1992,0
935.43,1,18,1,0,0,0,584,2687.86,Karnataka,Education,1985,0
314.61,6,15,1,1,0,1,328,720.46,Maharashtra,Clothing,1973,0
886.72,9,6,1,0,0,0,95,103.05,Uttar Pradesh,Entertainment,1993,0
978.46,2,10,1,0,0,1,672,722.41,Delhi,Entertainment,1982,0
580.32,1,18,1,1,0,0,511,1896.06,Karnataka,Entertainment,1988,0
75.13,1,8,1,1,0,1,6,322.05,West Bengal,Clothing,1986,0
2864.89,8,6,1,1,0,0,400,10.0,West Bengal,Clothing,1996,0
1082.32,17,23,4,1,1,2,17,5605.58,Rajasthan,Electronics,1983,1
17.4,4,18,1,0,0,1,161,1849.76,Karnataka,Education,1993,0
1718.39,9,0,3,0,1,2,25,1687.46,Gujarat,Food,1971,1
1953.13,5,17,1,1,0,0,485,386.61,Maharashtra,Food,1985,0
774.75,4,8,1,1,0,0,337,1339.84,Delhi,Grocery,1993,0
571.22,2,20,1,1,0,0,689,399.06,West Bengal,Fuel,1980,0
90.8,2,17,1,1,0,1,636,332.52,Tamil Nadu,Grocery,1982,0
1839.52,1,9,1,0,0,1,539,99.18,Rajasthan,Electronics,1994,0
1850.94,2,9,1,1,0,0,345,2900.61,Gujarat,Education,1988,0
3479.68,7,14,1,1,0,0,496,1324.93,Rajasthan,Utilities,1982,0
1914.08,3,7,1,1,0,0,592,299.34,Uttar Pradesh,Food,1983,0
5578.86,1,21,1,0,0,1,334,355.61,Delhi,Healthcare,1987,0
502.18,6,17,1,0,0,0,125,2099.95,Kerala,Healthcare,1972,0
392.39,2,20,1,1,0,0,113,1000.53,Rajasthan,Travel,1998,0
602.83,1,19,1,0,0,1,307,177.45,Delhi,Electronics,1995,0
864.92,2,18,1,0,0,1,431,720.58,Tamil Nadu,Electronics,1977,0
765.64,3,21,1,0,0,1,465,659.67,Delhi,Grocery,1990,0
3783.55,6,12,1,1,0,1,581,615.57,Karnataka,Fuel,1997,0
1513.23,1,7,1,0,0,0,709,261.82,Gujarat,Grocery,1970,0
75.1,6,17,1,1,0,1,77,51.63,Telangana,Clothing,1982,0
932.62,1,17,1,1,0,0,552,79.01,Tamil Nadu,Electronics,1980,0
1149.5,8,19,1,1,0,0,380,221.64,Telangana,Travel,1996,0
190.74,1,18,1,1,0,1,144,2051.49,Delhi,Food,1992,0
233.9,2,10,1,1,0,0,184,51.28,Rajasthan,Fuel,1978,0
1949.16,3,9,1,0,0,0,115,579.39,Delhi,Entertainment,1974,0
10775.56,24,0,3,1,1,2,19,3263.11,Karnataka,Utilities,1989,1
1137.19,7,14,1,1,0,1,656,252.1,Karnataka,Grocery,1994,0
702.69,4,12,1,0,0,1,625,683.85,Kerala,Fuel,1993,0
347.03,7,6,1,1,0,0,608,3242.83,Delhi,Clothing,1995,0
224.93,8,10,1,1,0,0,211,299.94,Karnataka,Entertainment,1983,0
560.88,7,14,1,0,0,0,184,1040.11,Kerala,Entertainment,1974,0
134.17,4,6,1,0,0,0,250,654.34,Delhi,Food,1996,0
3674.96,5,17,1,0,0,0,541,1296.64,Maharashtra,Electronics,1970,0
234.38,1,7,1,0,0,1,143,187.15,Maharashtra,Electronics,1989,0
1209.01,5,13,1,1,0,0,364,350.15,Tamil Nadu,Utilities,1996,0
1162.66,5,16,1,0,0,0,627,1902.41,Tamil Nadu,Education,1976,0
3562.92,8,19,1,0,0,1,627,778.41,West Bengal,Electronics,1979,0
1163.51,4,7,1,0,0,0,103,512.95,Maharashtra,Entertainment,1974,0
412.2,9,8,1,1,0,1,606,621.75,West Bengal,Healthcare,1985,0
5846.97,3,1,1,0,1,1,16,75.91,West Bengal,Electronics,1990,1
75.72,6,19,1,1,0,1,235,84.52,Delhi,Clothing,1984,0
3446.96,2,13,1,1,0,0,691,2884.69,Tamil Nadu,Education,1988,0
1038.96,7,13,1,0,0,0,199,1193.09,West Bengal,Healthcare,1999,0
9253.0,19,1,1,2,1,0,11,5976.31,Kerala,Grocery,1978,1
536.5,7,14,1,1,0,1,348,771.13,Maharashtra,Healthcare,1977,0
54.5,3,11,1,0,0,1,268,1972.75,Telangana,Healthcare,1993,0
121.92,6,7,1,0,0,0,516,403.44,West Bengal,Education,1984,0
480.07,4,17,1,0,0,1,673,427.19,Rajasthan,Fuel,1979,0
1560.15,8,6,1,0,0,0,476,41.9,Uttar Pradesh,Food,1984,0
51.12,2,14,1,0,0,0,80,1730.09,West Bengal,Electronics,1989,0
568.02,8,12,1,1,0,0,364,359.92,Maharashtra,Electronics,1973,0
1293.1,6,11,1,1,0,0,202,1129.71,Kerala,Healthcare,1994,0
1790.65,25,1,4,0,1,1,29,13843.4,Gujarat,Food,1982,1
1073.23,7,16,1,1,0,1,298,344.1,Gujarat,Entertainment,1979,0
335.43,7,17,1,0,0,1,638,1042.6,Maharashtra,Fuel,1995,0
769.24,7,6,1,0,0,1,237,208.04,Kerala,Healthcare,1983,0
2763.82,3,18,1,0,0,0,365,1625.97,Delhi,Utilities,1995,0
1676.52,7,19,1,0,0,0,81,644.74,Tamil Nadu,Entertainment,1983,0
1458.24,9,17,1,1,0,1,166,125.02,Rajasthan,Food,1970,0
1851.82,5,13,1,1,0,0,590,2252.75,Telangana,Entertainment,1999,0
5459.78,29,0,2,0,0,1,18,2131.25,Uttar Pradesh,Healthcare,1980,1
443.23,7,14,1,0,0,1,695,281.34,West Bengal,Travel,1977,0
565.91,1,16,1,0,0,1,727,198.28,Delhi,Healthcare,1972,0
3952.44,5,18,1,0,0,1,557,554.64,West Bengal,Utilities,1995,0
2106.52,9,13,1,1,0,1,604,61.86,Maharashtra,Fuel,1999,0
421.82,5,13,1,0,0,1,577,1671.59,Kerala,Entertainment,1993,0
2479.83,6,16,1,1,0,0,263,1032.25,Maharashtra,Fuel,1999,0
1110.27,3,12,1,0,0,0,115,1586.32,Tamil Nadu,Clothing,1989,0
1730.12,7,7,1,0,0,1,726,460.7,West Bengal,Grocery,1977,0
1357.83,4,14,1,0,0,1,355,624.48,Uttar Pradesh,Grocery,1970,0
204.75,6,20,1,1,0,1,570,477.97,Tamil Nadu,Healthcare,1995,0
3106.92,12,1,2,0,1,0,12,1854.08,Gujarat,Education,1987,1
4753.33,9,1,2,0,1,0,14,4854.68,Telangana,Electronics,1988,1
1347.13,2,7,1,1,0,0,240,37.33,West Bengal,Grocery,1993,0
742.85,5,6,1,0,0,0,565,1073.69,Kerala,Fuel,1985,0
1148.45,7,20,1,0,0,1,473,130.65,Karnataka,Utilities,1985,0
1079.24,6,10,1,0,0,0,496,402.69,Rajasthan,Entertainment,1978,0
174.03,4,6,1,1,0,0,638,869.19,Kerala,Utilities,1986,0
52.12,1,20,1,1,0,1,719,728.24,Rajasthan,Utilities,1986,0
957.57,2,6,1,0,0,0,371,205.47,Gujarat,Utilities,1983,0
112.84,7,14,1,1,0,1,444,2143.07,West Bengal,Entertainment,1991,0
2430.52,6,6,1,0,0,1,229,1211.8,West Bengal,Fuel,1989,0
2249.79,5,8,1,1,0,1,256,598.41,West Bengal,Food,1974,0
1556.81,2,13,1,0,0,1,355,1548.08,Kerala,Food,1996,0
162.52,6,7,1,1,0,1,703,1236.26,Tamil Nadu,Travel,1999,0
2014.64,22,3,4,1,1,2,48,2866.03,Gujarat,Food,1988,1
3357.82,5,11,1,0,0,1,602,1321.78,Telangana,Education,1999,0
1145.35,6,12,1,1,0,0,207,1447.72,Telangana,Education,1977,0
192.9,6,8,1,1,0,1,151,795.08,Gujarat,Clothing,1981,0
1211.14,3,8,1,1,0,1,61,471.55,Gujarat,Education,1976,0
3044.89,5,10,1,1,0,1,718,401.62,Kerala,Electronics,1977,0
1018.94,4,19,1,0,0,0,728,491.17,West Bengal,Electronics,1979,0
4635.41,6,16,1,0,0,0,414,756.61,Tamil Nadu,Grocery,1993,0
2719.65,4,12,1,1,0,1,390,1066.51,Tamil Nadu,Clothing,1982,0
1527.75,7,12,1,1,0,1,652,895.01,Delhi,Education,1979,0
1014.47,8,14,1,0,0,1,567,2180.39,Uttar Pradesh,Grocery,1970,0
510.11,5,13,1,1,0,1,404,372.77,Kerala,Fuel,1997,0
563.89,1,20,1,1,0,1,504,679.21,Telangana,Clothing,1990,0
343.68,6,14,1,0,0,0,581,2072.56,Kerala,Grocery,1977,0
562.97,1,9,1,1,0,1,309,1075.57,Gujarat,Grocery,1979,0
570.75,3,12,1,0,0,0,83,378.33,Uttar Pradesh,Grocery,1999,0
1038.3,6,11,1,1,0,1,134,2073.74,Delhi,Electronics,1986,0
521.34,5,6,1,1,0,0,301,2459.52,Uttar Pradesh,Electronics,1972,0
399.43,9,20,1,0,0,1,507,78.41,Delhi,Travel,1990,0
306.29,3,11,1,0,0,1,185,186.04,Karnataka,Healthcare,1971,0
1321.75,1,9,1,0,0,1,140,1156.22,Kerala,Food,1997,0
581.65,6,9,1,0,0,1,204,495.22,Tamil Nadu,Fuel,1980,0
1114.48,8,19,1,0,0,0,145,460.16,West Bengal,Healthcare,1995,0
1298.02,8,15,1,0,0,1,133,268.84,Uttar Pradesh,Healthcare,1985,0
853.31,6,7,1,1,0,1,144,855.24,West Bengal,Fuel,1994,0
3248.13,4,1,3,1,1,2,5,2368.3,Gujarat,Education,1988,1
949.14,2,16,1,1,0,0,409,1305.49,Rajasthan,Entertainment,1983,0
1577.21,2,15,1,1,0,0,342,731.68,Uttar Pradesh,Entertainment,1977,0
2489.77,1,10,1,1,0,0,350,181.37,Telangana,Fuel,1981,0
568.28,9,15,1,0,0,1,352,2349.16,Telangana,Entertainment,1981,0
1062.73,5,17,1,0,0,1,421,624.3,Maharashtra,Education,1985,0
552.87,6,9,1,0,0,0,550,2478.15,West Bengal,Fuel,1979,0
6988.25,10,22,2,2,1,0,45,10654.49,West Bengal,Utilities,1998,1
2378.69,9,8,1,1,0,0,336,2764.33,Maharashtra,Education,1973,0
1339.58,5,14,1,0,0,0,23,230.07,Telangana,Education,1992,0
540.37,5,13,1,1,0,1,448,1331.42,Rajasthan,Grocery,1987,0
1175.73,3,21,1,0,0,0,260,1257.6,Karnataka,Electronics,1999,0
6631.05,8,17,1,0,0,1,92,570.09,Delhi,Education,1982,0
49.08,9,11,1,0,0,1,435,59.14,Delhi,Fuel,1989,0
211.98,1,12,1,0,0,0,237,4146.74,Telangana,Electronics,1971,0
8559.64,21,1,2,0,0,0,31,6064.17,Maharashtra,Education,1984,1
44.67,21,4,4,1,0,0,33,8696.24,Telangana,Clothing,1987,1
110.81,8,17,1,0,0,1,577,1165.61,Kerala,Education,1994,0
1838.96,9,11,1,0,0,0,598,17.76,Gujarat,Entertainment,1976,0
757.58,2,17,1,0,0,1,344,213.32,West Bengal,Electronics,1979,0
9989.35,21,22,3,2,1,1,13,2846.13,Rajasthan,Electronics,1988,1
550.11,3,7,1,1,0,0,412,56.13,Karnataka,Fuel,1977,0
8116.4,17,0,3,1,0,0,39,12350.48,Karnataka,Education,1994,1
1914.58,6,15,1,0,0,1,82,584.02,West Bengal,Clothing,1986,0
1960.58,6,17,1,0,0,0,695,3707.78,West Bengal,Travel,1987,0
433.46,9,14,1,0,0,1,464,1161.68,Gujarat,Entertainment,1981,0
1294.93,7,20,1,1,0,0,648,1894.57,Tamil Nadu,Utilities,1985,0
1618.29,8,17,1,0,0,1,722,772.87,Kerala,Electronics,1973,0
204.43,7,17,1,0,0,1,8,3645.16,Maharashtra,Healthcare,1984,0
2673.61,4,14,1,0,0,0,640,998.93,Uttar Pradesh,Clothing,1992,0
295.09,4,17,1,0,0,1,577,244.68,Maharashtra,Fuel,1977,0
5115.06,28,4,3,0,0,2,31,295.08,Rajasthan,Education,1992,1
1743.63,6,14,1,1,0,1,134,410.07,Delhi,Healthcare,1996,0
212.57,5,19,1,0,0,1,684,113.86,Kerala,Utilities,1984,0
1724.97,3,15,1,1,0,1,92,30.37,Karnataka,Travel,1972,0
3257.8,5,8,1,1,0,1,717,710.63,Kerala,Travel,1998,0
200.07,3,14,1,1,0,1,413,706.79,Telangana,Travel,1980,0
2004.46,5,13,1,0,0,1,72,998.44,Maharashtra,Clothing,1982,0
555.52,7,21,1,1,0,1,293,521.05,Uttar Pradesh,Fuel,1999,0
493.68,8,18,1,0,0,0,545,755.46,Uttar Pradesh,Entertainment,1992,0
391.96,7,15,1,1,0,0,50,16.72,Delhi,Travel,1989,0
1745.44,3,6,1,0,0,0,416,241.75,Tamil Nadu,Electronics,1971,0
435.48,9,12,1,1,0,0,600,164.63,Maharashtra,Entertainment,1973,0
257.21,5,13,1,1,0,0,487,1325.82,Uttar Pradesh,Utilities,1997,0
171.15,6,13,1,0,0,1,260,1607.75,Tamil Nadu,Entertainment,1972,0
629.13,5,7,1,0,0,1,51,1933.72,Kerala,Clothing,1997,0
774.05,6,20,1,1,0,0,93,208.22,Rajasthan,Food,1977,0
480.81,2,13,1,0,0,0,670,13.1,Kerala,Entertainment,1985,0
318.88,8,10,1,1,0,0,678,126.46,West Bengal,Education,1996,0
10.0,7,14,1,0,0,0,424,467.27,Telangana,Entertainment,1984,0
37.38,4,15,1,0,0,1,280,367.55,Rajasthan,Healthcare,1987,0
807.79,1,21,1,1,0,0,703,353.47,Uttar Pradesh,Entertainment,1981,0
1517.99,4,17,1,1,0,1,174,279.7,Delhi,Entertainment,1992,0
697.08,9,11,1,1,0,0,697,332.56,Kerala,Entertainment,1980,0
1756.44,2,6,1,0,0,1,267,319.39,Delhi,Healthcare,1976,0
152.73,3,18,1,1,0,0,424,599.15,Kerala,Entertainment,1973,0
533.48,8,7,1,1,0,1,495,163.01,Rajasthan,Electronics,1977,0
1420.2,27,0,1,0,0,0,25,3956.91,Maharashtra,Utilities,1987,1
939.1,1,19,1,0,0,1,495,2617.6,West Bengal,Electronics,1988,0
257.7,5,15,1,1,0,0,480,1582.21,Uttar Pradesh,Clothing,1988,0
3248.75,3,12,1,1,0,1,610,2619.87,Maharashtra,Clothing,1980,0
575.84,3,10,1,1,0,1,573,3062.84,Karnataka,Healthcare,1981,0
1109.6,8,18,1,1,0,0,678,449.45,Gujarat,Fuel,1991,0
362.33,1,17,1,1,0,0,84,1050.27,Gujarat,Education,1970,0
781.85,5,16,1,0,0,0,51,1344.98,Tamil Nadu,Entertainment,1991,0
1665.3,6,7,1,1,0,0,214,545.3,Maharashtra,Healthcare,1987,0
10.0,3,12,1,1,0,0,485,3693.1,Maharashtra,Electronics,1994,0
912.96,1,14,1,1,0,0,479,2771.19,Rajasthan,Education,1982,0
4008.21,5,19,1,0,0,0,33,518.19,Karnataka,Electronics,1979,0
385.07,1,18,1,1,0,0,442,221.6,West Bengal,Food,1973,0
939.62,5,6,1,0,0,1,621,1656.99,Tamil Nadu,Food,1992,0
438.79,28,0,2,0,1,0,16,3163.37,West Bengal,Travel,1983,1
2481.58,1,16,1,1,0,1,620,895.9,Uttar Pradesh,Grocery,1987,0
507.74,4,6,1,1,0,0,212,1519.56,Telangana,Fuel,1971,0
8827.92,29,4,3,1,0,2,13,7535.17,Telangana,Education,1970,1
345.91,4,17,1,0,0,1,691,773.53,Rajasthan,Grocery,1981,0
690.61,9,9,1,0,0,0,402,939.68,West Bengal,Education,1978,0
1313.35,8,21,1,1,0,1,269,249.9,Delhi,Grocery,1981,0
645.31,2,13,1,1,0,0,58,497.72,Rajasthan,Healthcare,1985,0
214.28,9,17,1,1,0,0,247,16.34,Karnataka,Travel,1972,0
5512.2,20,0,3,0,1,2,12,3763.7,Kerala,Electronics,1973,1
498.44,9,13,1,0,0,0,627,838.55,Delhi,Education,1995,0
2113.64,16,23,3,2,1,0,32,678.9,Kerala,Fuel,1981,1
3335.18,9,10,1,1,0,1,35,38.55,Uttar Pradesh,Food,1990,0
655.55,2,21,1,1,0,0,130,1265.87,Tamil Nadu,Entertainment,1985,0
63.94,2,17,1,0,0,0,404,16.75,Karnataka,Food,1998,0
779.26,9,8,1,1,0,0,506,1075.52,Kerala,Electronics,1983,0
2147.02,20,2,3,2,1,0,10,3756.62,Karnataka,Food,1998,1
535.23,2,20,1,0,0,0,167,717.17,Gujarat,Clothing,1991,0
3347.97,3,16,1,0,0,0,507,1370.04,Karnataka,Healthcare,1999,0
224.29,6,9,1,0,0,0,507,5886.08,Karnataka,Travel,1981,0
775.47,9,6,1,1,0,1,481,985.49,Karnataka,Clothing,1977,0
3159.18,1,14,1,0,0,1,641,1293.76,Gujarat,Grocery,1986,0
380.78,8,6,1,0,0,1,714,768.19,West Bengal,Electronics,1991,0
957.06,5,19,1,0,0,0,653,637.1,Maharashtra,Grocery,1982,0
1237.77,1,15,1,0,0,1,108,514.56,Maharashtra,Grocery,1992,0
3170.63,3,13,1,0,0,1,181,943.2,West Bengal,Fuel,1970,0
252.35,11,4,1,2,0,0,24,667.6,Maharashtra,Food,1982,1
1695.33,5,6,1,1,0,0,442,124.41,Tamil Nadu,Education,1978,0
894.02,1,14,1,0,0,1,364,3714.93,Gujarat,Travel,1991,0
1121.19,6,13,1,1,0,1,671,2042.34,Rajasthan,Utilities,1985,0
1126.97,6,17,1,1,0,0,62,55.65,Maharashtra,Utilities,1971,0
4003.12,22,3,1,2,1,0,21,15583.59,Tamil Nadu,Clothing,1981,1
337.82,6,10,1,1,0,0,356,534.23,Telangana,Utilities,1995,0
3476.55,9,18,1,1,0,0,717,198.72,Rajasthan,Healthcare,1995,0
1535.48,1,18,1,1,0,1,490,503.9,Tamil Nadu,Entertainment,1997,0
3237.8,5,18,1,1,0,0,4,254.67,Uttar Pradesh,Utilities,1982,0
1619.03,2,9,1,0,0,0,15,218.29,Kerala,Electronics,1996,0
10504.94,26,23,2,1,1,1,48,792.5,Uttar Pradesh,Fuel,1978,1
1461.63,6,6,1,1,0,0,612,2933.38,Kerala,Food,1996,0
678.58,6,14,1,1,0,0,652,184.59,Telangana,Entertainment,1981,0
180.07,6,12,1,0,0,0,308,1179.27,Maharashtra,Entertainment,1990,0
820.06,3,20,1,1,0,1,330,1218.15,Delhi,Clothing,1982,0
624.63,2,12,1,0,0,1,664,1702.61,Maharashtra,Electronics,1999,0
3314.64,1,12,1,1,0,0,138,231.4,Telangana,Grocery,1975,0
1325.36,5,8,1,0,0,1,510,944.15,Karnataka,Fuel,1977,0
721.34,1,6,1,1,0,0,595,878.81,Maharashtra,Fuel,1983,0
1926.59,9,13,1,0,0,0,449,97.28,Tamil Nadu,Electronics,1980,0
38.04,4,13,1,1,0,0,468,413.93,Kerala,Entertainment,1976,0
3060.5,6,20,1,0,0,0,312,1212.32,Telangana,Grocery,1976,0
828.54,8,18,1,0,0,1,386,491.68,Gujarat,Grocery,1996,0
1202.23,5,9,1,1,0,0,98,1349.46,Rajasthan,Education,1970,0
1564.56,6,7,1,0,0,1,509,832.81,Tamil Nadu,Entertainment,1981,0
1372.05,5,15,1,1,0,0,716,817.77,Kerala,Entertainment,1990,0
3446.63,7,8,1,0,0,0,611,571.14,Kerala,Entertainment,1972,0
1834.72,9,21,1,1,0,0,527,33.26,Kerala,Fuel,1970,0
787.94,8,21,1,1,0,0,463,210.93,Tamil Nadu,Healthcare,1975,0
6498.98,3,21,1,0,0,1,417,897.86,Rajasthan,Healthcare,1978,0
1195.06,7,12,1,1,0,0,543,1668.37,Telangana,Electronics,1973,0
3529.11,3,18,1,0,0,0,502,892.28,Delhi,Electronics,1972,0
128.33,2,7,1,0,0,1,159,1420.18,Tamil Nadu,Electronics,1998,0
50.12,2,20,1,0,0,0,366,728.42,Uttar Pradesh,Entertainment,1974,0
4783.01,11,4,2,0,0,2,34,5311.66,Telangana,Travel,1975,1
1168.24,1,9,1,0,0,0,522,488.88,West Bengal,Fuel,1982,0
599.48,1,18,1,1,0,1,429,1368.38,West Bengal,Healthcare,1974,0
1277.87,9,6,1,0,0,0,205,1019.12,Gujarat,Fuel,1981,0
1283.1,8,21,1,0,0,0,624,3247.94,West Bengal,Grocery,1996,0
1500.65,1,19,1,0,0,1,23,1009.94,Tamil Nadu,Grocery,1988,0
487.75,5,13,1,1,0,1,226,239.76,Delhi,Fuel,1995,0
375.27,9,18,1,1,0,0,496,1272.03,Rajasthan,Utilities,1980,0
2310.23,3,18,1,0,0,1,24,1250.42,Delhi,Travel,1992,0
10.0,2,12,1,0,0,1,24,10.0,Telangana,Travel,1994,0
2028.07,9,14,1,1,0,1,592,1098.21,Delhi,Food,1989,0
1358.8,8,13,1,0,0,1,57,1484.87,West Bengal,Healthcare,1990,0
332.34,9,21,1,1,0,0,6,1330.67,Karnataka,Clothing,1991,0
885.1,2,15,1,1,0,0,141,445.11,Maharashtra,Grocery,1994,0
2084.49,4,10,1,1,0,0,238,380.31,Maharashtra,Entertainment,1974,0
993.84,2,11,1,1,0,1,321,364.37,Maharashtra,Healthcare,1994,0
258.59,9,17,1,1,0,0,389,1460.49,Rajasthan,Travel,1983,0
140.53,3,6,1,0,0,1,717,998.13,Telangana,Utilities,1993,0
2920.54,22,22,4,0,0,1,55,4000.71,Tamil Nadu,Electronics,1986,1
209.76,5,6,1,0,0,1,547,1290.57,Kerala,Clothing,1985,0
4265.05,5,19,1,1,0,1,42,601.61,Maharashtra,Food,1970,0
811.07,2,19,1,1,0,1,502,170.03,Uttar Pradesh,Grocery,1973,0
10.0,9,16,1,0,0,0,296,1066.57,Maharashtra,Entertainment,1981,0
240.35,4,21,1,0,0,1,369,45.41,Telangana,Travel,1992,0
1932.0,3,18,1,0,0,0,109,168.37,Maharashtra,Healthcare,1973,0
268.46,8,1,4,1,0,0,1,3987.33,Rajasthan,Clothing,1980,1
719.74,2,9,1,0,0,1,501,38.24,Rajasthan,Clothing,1987,0
2162.52,4,12,1,0,0,1,3,101.86,Karnataka,Electronics,1974,0
1900.31,8,18,1,0,0,1,142,721.69,Telangana,Healthcare,1989,0
2576.38,4,14,1,0,0,0,417,279.21,Karnataka,Utilities,1995,0
98.19,2,17,1,0,0,0,196,323.93,Delhi,Fuel,1989,0
24982.51,22,2,3,1,1,2,26,4237.11,Uttar Pradesh,Electronics,1972,1
87.5,9,21,1,0,0,1,30,654.01,Telangana,Food,1990,0
43.7,1,16,1,0,0,1,524,1284.87,Telangana,Clothing,1974,0
583.57,1,18,1,1,0,0,432,402.45,Kerala,Clothing,1993,0
2345.72,2,9,1,0,0,0,230,677.4,Gujarat,Healthcare,1987,0
30.63,1,16,1,0,0,0,273,30.58,West Bengal,Food,1998,0
1258.76,4,18,1,0,0,0,472,64.93,Delhi,Food,1986,0
277.66,8,7,1,1,0,1,712,750.59,Gujarat,Education,1996,0
4468.96,8,19,1,0,0,0,527,23.8,Maharashtra,Food,1971,0
1243.57,8,11,1,0,0,0,498,2314.83,West Bengal,Healthcare,1975,0
1906.56,28,4,2,1,1,2,2,3952.3,Rajasthan,Electronics,1985,1
1014.52,2,16,1,0,0,0,438,1258.01,Gujarat,Education,1985,0
673.27,6,13,1,1,0,1,615,809.78,Karnataka,Healthcare,1977,0
715.54,2,10,1,0,0,1,503,237.52,Delhi,Education,1979,0
1304.34,9,17,1,1,0,1,64,516.07,Kerala,Electronics,1989,0
297.17,4,20,1,0,0,1,534,164.31,Karnataka,Clothing,1980,0
1153.53,3,21,1,0,0,0,156,567.07,Telangana,Clothing,1982,0
927.07,4,9,1,1,0,1,640,446.45,Kerala,Utilities,1985,0
160.51,9,16,1,0,0,1,6,2020.61,Kerala,Fuel,1991,0
1828.0,9,19,1,0,0,1,103,1075.63,Uttar Pradesh,Healthcare,1994,0
1974.64,4,14,1,1,0,1,376,353.82,West Bengal,Grocery,1979,0
90.29,1,21,1,1,0,1,621,680.22,Gujarat,Utilities,1995,0
650.5,3,9,1,1,0,1,465,1412.72,West Bengal,Utilities,1980,0
91.42,22,2,1,2,0,1,39,189.25,Uttar Pradesh,Education,1982,1
4754.22,9,6,1,1,0,1,201,4820.41,Rajasthan,Grocery,1980,0
315.96,9,19,1,0,0,0,301,1929.99,Uttar Pradesh,Food,1991,0
924.65,2,19,1,0,0,0,153,355.01,Rajasthan,Healthcare,1977,0
15227.19,13,3,4,2,0,2,20,3108.14,Gujarat,Healthcare,1997,1
1432.93,6,19,1,1,0,0,432,711.54,West Bengal,Food,1971,0
99.5,6,8,1,0,0,0,350,760.3,Gujarat,Grocery,1994,0
1964.8,8,9,1,1,0,1,243,1776.45,Kerala,Healthcare,1991,0
1309.72,3,14,1,0,0,0,660,1359.71,Karnataka,Electronics,1989,0
924.33,6,13,1,1,0,1,230,3032.74,Delhi,Fuel,1974,0
801.14,2,14,1,1,0,0,86,1034.2,West Bengal,Travel,1994,0
10.0,9,20,1,1,0,1,284,445.54,Karnataka,Clothing,1988,0
665.48,2,8,1,0,0,0,104,926.52,Uttar Pradesh,Clothing,1978,0
524.45,2,16,1,1,0,0,155,51.71,Gujarat,Entertainment,1999,0
280.91,8,13,1,0,0,1,449,1722.87,Delhi,Electronics,1993,0
934.25,6,12,1,0,0,0,436,298.67,Rajasthan,Education,1974,0
3153.36,6,8,1,1,0,1,155,535.96,Uttar Pradesh,Entertainment,1972,0
244.66,7,8,1,1,0,1,451,39.53,Delhi,Food,1989,0
1644.69,9,13,1,1,0,1,64,804.95,Uttar Pradesh,Food,1995,0
2912.49,3,11,1,1,0,0,268,472.28,Kerala,Grocery,1999,0
355.89,6,18,1,1,0,1,55,1423.35,Telangana,Entertainment,1995,0
81.23,6,7,1,0,0,0,362,757.71,Maharashtra,Electronics,1985,0
4963.24,11,22,1,0,0,0,53,3160.94,Uttar Pradesh,Fuel,1997,1
665.7,8,17,1,1,0,0,380,1528.34,Uttar Pradesh,Utilities,1970,0
279.84,6,21,1,0,0,0,535,3000.54,Uttar Pradesh,Travel,1979,0
1150.93,1,16,1,0,0,0,186,2075.63,Tamil Nadu,Healthcare,1991,0
114.58,7,8,1,0,0,0,208,462.92,West Bengal,Food,1993,0
3327.98,3,6,1,1,0,1,475,254.71,Rajasthan,Education,1997,0
333.71,2,20,1,0,0,0,38,147.56,Kerala,Grocery,1997,0
325.56,7,12,1,1,0,1,378,282.36,West Bengal,Entertainment,1990,0
2016.53,4,12,1,1,0,0,689,916.09,West Bengal,Entertainment,1993,0
1370.08,7,9,1,1,0,1,345,683.73,Maharashtra,Utilities,1979,0
36.82,6,12,1,0,0,1,677,375.05,Delhi,Fuel,1975,0
1578.29,6,15,1,0,0,1,560,510.8,Tamil Nadu,Electronics,1973,0
443.68,9,12,1,1,0,0,542,869.46,Uttar Pradesh,Travel,1995,0
1216.2,8,6,1,1,0,0,604,1510.39,Gujarat,Clothing,1975,0
200.71,7,19,1,1,0,1,332,358.69,Kerala,Healthcare,1973,0
592.44,6,12,1,0,0,0,166,243.65,Maharashtra,Electronics,1982,0
270.69,4,17,1,1,0,0,297,318.37,Karnataka,Food,1994,0
2287.38,6,8,1,0,0,0,446,423.44,West Bengal,Food,1994,0
910.86,1,13,1,0,0,0,685,281.4,Maharashtra,Fuel,1998,0
2305.51,1,18,1,1,0,1,677,136.78,Rajasthan,Electronics,1981,0
1480.94,2,20,1,0,0,1,381,425.86,Rajasthan,Clothing,1994,0
1884.22,6,8,1,0,0,0,669,2685.25,Uttar Pradesh,Healthcare,1999,0
530.13,4,14,1,0,0,0,24,438.64,Tamil Nadu,Travel,1970,0
145.03,9,10,1,0,0,0,14,604.77,Uttar Pradesh,Entertainment,1980,0
715.22,4,20,1,1,0,1,203,352.83,Tamil Nadu,Entertainment,1996,0
1832.22,8,14,1,1,0,1,98,18.55,Telangana,Clothing,1977,0
591.57,1,20,1,1,0,1,586,476.38,Maharashtra,Fuel,1982,0
66.89,8,6,1,1,0,0,410,269.72,Delhi,Travel,1981,0
2650.87,7,15,1,0,0,0,212,527.99,West Bengal,Grocery,1980,0
364.81,5,19,1,1,0,0,172,1744.22,West Bengal,Fuel,1980,0
3019.68,5,15,1,0,0,1,17,378.72,Maharashtra,Utilities,1990,0
582.6,5,17,1,0,0,0,157,1208.86,Gujarat,Utilities,1980,0
844.93,5,14,1,1,0,0,305,769.5,Maharashtra,Food,1981,0
1181.21,6,12,1,0,0,1,604,543.23,Delhi,Clothing,1988,0
2097.77,6,17,1,1,0,0,329,883.47,Kerala,Healthcare,1986,0
475.55,6,9,1,0,0,1,265,2659.95,Delhi,Electronics,1971,0
928.94,4,20,1,0,0,0,671,252.62,West Bengal,Education,1990,0
1347.62,3,12,1,0,0,0,683,96.06,West Bengal,Fuel,1979,0
1073.01,5,19,1,1,0,0,650,1539.0,Maharashtra,Education,1972,0
3818.79,2,12,1,0,0,1,9,680.48,Uttar Pradesh,Grocery,1996,0
647.46,8,11,1,0,0,1,120,212.51,Uttar Pradesh,Education,1993,0
62.4,5,6,1,1,0,0,682,257.56,Gujarat,Utilities,1987,0
2200.18,2,10,1,0,0,1,248,1412.74,Gujarat,Electronics,1990,0
879.81,1,10,1,0,0,0,90,779.41,West Bengal,Food,1999,0
593.9,2,10,1,1,0,0,445,273.48,West Bengal,Education,1982,0
618.82,10,22,4,1,1,0,50,3143.21,Gujarat,Fuel,1980,1
5936.76,29,0,4,1,0,2,37,1745.82,Gujarat,Food,1974,1
185.57,1,13,1,0,0,1,281,1285.6,Maharashtra,Electronics,1994,0
1351.9,9,12,1,0,0,0,625,767.62,Gujarat,Entertainment,1978,0
769.61,7,6,1,0,0,1,288,1118.43,Telangana,Food,1990,0
2089.18,7,16,1,1,0,1,484,201.12,Uttar Pradesh,Healthcare,1980,0
343.34,2,16,1,1,0,0,704,23.46,Tamil Nadu,Food,1998,0
1552.37,3,21,1,1,0,0,677,2863.08,Kerala,Grocery,1999,0
655.41,6,10,1,0,0,0,523,383.71,Tamil Nadu,Clothing,1992,0
571.07,2,13,1,0,0,0,616,913.39,Delhi,Clothing,1980,0
82.09,1,20,1,1,0,1,345,46.44,Maharashtra,Clothing,1991,0
2057.56,9,14,1,1,0,0,430,3838.96,Maharashtra,Grocery,1982,0
1248.32,2,18,1,1,0,1,125,1315.47,Kerala,Fuel,1987,0
3687.69,3,12,1,1,0,1,576,2210.27,Tamil Nadu,Grocery,1999,0
5500.68,1,10,1,1,0,0,181,113.62,Kerala,Clothing,1979,0
17.48,1,18,1,1,0,1,515,168.8,West Bengal,Entertainment,1997,0
3648.15,7,16,1,0,0,1,181,973.25,Maharashtra,Utilities,1998,0
70.53,8,9,1,1,0,0,536,551.33,Delhi,Healthcare,1988,0
2196.76,4,18,1,0,0,1,559,52.8,Kerala,Travel,1996,0
2491.96,5,19,1,0,0,1,430,1614.84,Karnataka,Travel,1971,0
2881.01,7,6,1,0,0,0,109,350.41,Delhi,Entertainment,1978,0
2309.84,2,13,1,0,0,0,440,379.45,Uttar Pradesh,Electronics,1988,0
772.22,8,19,1,0,0,0,598,145.51,Gujarat,Education,1976,0
143.5,7,11,1,0,0,0,510,765.49,Uttar Pradesh,Healthcare,1980,0
659.39,9,12,1,1,0,1,496,1274.64,Uttar Pradesh,Utilities,1990,0
892.68,7,12,1,1,0,0,619,150.18,Delhi,Education,1994,0
796.25,7,13,1,1,0,0,727,527.47,Rajasthan,Electronics,1993,0
904.65,2,9,1,1,0,0,688,1390.6,Gujarat,Utilities,1985,0
512.81,4,12,1,1,0,1,667,1963.75,Uttar Pradesh,Utilities,1990,0
311.73,4,15,1,1,0,0,201,1159.47,West Bengal,Travel,1976,0
74.13,2,21,1,0,0,0,219,2236.56,Gujarat,Fuel,1976,0
437.36,8,21,1,0,0,1,167,403.25,Maharashtra,Food,1979,0
1560.11,6,12,1,0,0,1,121,817.16,Uttar Pradesh,Travel,1970,0
1117.14,4,8,1,1,0,0,569,174.52,Tamil Nadu,Clothing,1980,0
179.82,6,20,1,1,0,0,391,982.53,Tamil Nadu,Electronics,1991,0
1791.64,9,19,1,1,0,1,287,1270.31,Karnataka,Fuel,1992,0
426.03,5,9,1,1,0,0,163,104.16,Delhi,Healthcare,1975,0
85.63,1,12,1,1,0,0,349,944.42,Rajasthan,Healthcare,1977,0
150.97,1,10,1,1,0,0,424,123.89,Karnataka,Travel,1999,0
831.22,5,14,1,0,0,1,32,315.55,West Bengal,Travel,1988,0
485.31,10,23,1,2,1,0,34,3608.34,Uttar Pradesh,Travel,1977,1
308.32,3,18,1,1,0,0,667,2884.05,Telangana,Electronics,1970,0
550.37,1,7,1,0,0,0,256,1312.1,Delhi,Travel,1980,0
1251.48,4,8,1,0,0,1,14,1075.28,Delhi,Education,1973,0
950.51,3,18,1,1,0,1,39,37.73,Tamil Nadu,Travel,1976,0
743.1,5,10,1,0,0,1,222,1445.15,Maharashtra,Clothing,1993,0
325.73,6,12,1,1,0,1,239,1105.9,Gujarat,Clothing,1970,0
646.81,5,12,1,0,0,1,447,936.14,Uttar Pradesh,Food,1996,0
1878.22,5,12,1,0,0,1,439,275.89,Karnataka,Education,1970,0
1133.29,3,15,1,0,0,1,218,935.24,Uttar Pradesh,Grocery,1975,0
3022.16,2,10,1,1,0,1,446,842.74,Telangana,Travel,1979,0
2585.02,8,9,1,0,0,1,652,1073.62,Maharashtra,Entertainment,1998,0
496.75,9,17,1,0,0,1,207,785.14,Kerala,Utilities,1999,0
834.4,1,3,2,2,0,2,22,4536.08,Gujarat,Healthcare,1973,1
88.64,3,18,1,1,0,1,379,662.37,Rajasthan,Electronics,1973,0
4869.8,5,11,1,0,0,0,395,5982.64,Kerala,Clothing,1974,0
2682.08,8,19,1,1,0,1,335,2381.15,Gujarat,Fuel,1990,0
2160.55,1,20,1,1,0,1,315,338.03,West Bengal,Utilities,1987,0
740.1,1,10,1,1,0,0,718,261.33,Gujarat,Entertainment,1995,0
459.95,6,8,1,0,0,1,335,78.41,Maharashtra,Clothing,1990,0
450.14,1,10,1,0,0,0,535,749.93,Rajasthan,Fuel,1984,0
377.91,3,21,1,0,0,1,555,7087.43,Telangana,Entertainment,1977,0
126.39,8,8,1,1,0,1,703,657.14,Gujarat,Grocery,1971,0
100.71,5,13,1,1,0,0,214,483.5,Tamil Nadu,Food,1975,0
1799.53,1,14,1,1,0,1,118,2555.22,Telangana,Electronics,1999,0
919.54,9,6,1,0,0,1,80,1418.14,Gujarat,Clothing,1990,0
430.86,13,22,2,0,1,1,23,16801.38,Karnataka,Fuel,1994,1
3140.65,1,14,1,0,0,1,664,1458.64,Telangana,Clothing,1988,0
3142.95,8,16,1,1,0,0,74,730.11,Maharashtra,Healthcare,1988,0
553.07,9,20,1,0,0,0,611,78.76,Telangana,Electronics,1975,0
150.11,9,11,1,0,0,1,471,2287.81,Karnataka,Grocery,1996,0
2115.64,4,17,1,0,0,1,164,350.47,Uttar Pradesh,Healthcare,1992,0
1804.82,8,13,1,1,0,0,71,246.31,Tamil Nadu,Utilities,1994,0
3647.5,6,10,1,0,0,1,46,23.68,Gujarat,Utilities,1978,0
137.94,7,17,1,0,0,0,199,3442.19,Delhi,Clothing,1996,0
136.72,4,13,1,1,0,0,509,2845.14,Karnataka,Clothing,1973,0
5297.96,9,16,1,0,0,1,442,762.02,Kerala,Education,1984,0
973.79,1,21,1,0,0,1,436,151.96,Rajasthan,Clothing,1978,0
996.42,8,21,1,1,0,1,352,189.09,Uttar Pradesh,Entertainment,1992,0
113.77,4,9,1,0,0,0,425,1868.04,Kerala,Grocery,1989,0
88.04,4,18,1,0,0,1,288,73.03,Delhi,Grocery,1971,0
1524.11,7,14,1,1,0,1,617,1825.83,Uttar Pradesh,Healthcare,1971,0
3086.61,6,7,1,1,0,0,695,590.81,Gujarat,Food,1978,0
789.44,6,11,1,1,0,0,299,999.35,Tamil Nadu,Travel,1989,0
10853.01,2,23,3,1,1,0,30,7941.09,Gujarat,Electronics,1999,1
973.03,2,14,1,1,0,1,417,32.08,Telangana,Fuel,1981,0
891.6,7,8,1,1,0,1,596,690.06,Rajasthan,Travel,1985,0
324.47,9,19,1,0,0,1,338,883.88,Delhi,Clothing,1984,0
3322.52,12,2,3,0,0,1,39,1938.33,West Bengal,Travel,1992,1
2389.48,5,13,1,1,0,1,454,1619.56,West Bengal,Healthcare,1982,0
5712.04,23,23,3,2,1,1,32,7400.38,West Bengal,Healthcare,1978,1
2972.16,9,12,1,0,0,1,534,2939.45,Telangana,Entertainment,1992,0
408.1,9,11,1,0,0,0,143,433.39,Tamil Nadu,Travel,1997,0
1003.76,8,12,1,0,0,1,701,2374.34,Delhi,Food,1987,0
7152.99,14,4,2,2,1,1,21,1515.37,Gujarat,Travel,1973,1
1565.55,4,10,1,1,0,0,16,1372.42,Uttar Pradesh,Healthcare,1970,0
524.16,3,12,1,0,0,0,422,1835.8,Tamil Nadu,Fuel,1994,0
729.08,2,16,1,0,0,0,120,240.13,West Bengal,Clothing,1970,0
1180.23,6,17,1,1,0,0,346,1455.18,West Bengal,Travel,1999,0
383.82,6,20,1,0,0,1,669,977.19,West Bengal,Healthcare,1999,0
3284.99,6,13,1,1,0,0,661,521.81,Tamil Nadu,Entertainment,1984,0
2364.41,4,21,1,0,0,1,666,583.38,Gujarat,Electronics,1989,0
9591.46,6,3,4,1,0,0,9,1198.73,Uttar Pradesh,Fuel,1988,1
792.87,5,6,1,0,0,0,407,103.04,West Bengal,Entertainment,1999,0
3813.93,1,21,1,0,0,1,131,919.7,Uttar Pradesh,Utilities,1988,0
866.92,7,21,1,0,0,0,421,1256.35,Rajasthan,Education,1991,0
449.99,2,15,1,1,0,0,200,1570.96,Uttar Pradesh,Utilities,1985,0
1864.24,4,14,1,1,0,1,513,318.78,Gujarat,Food,1982,0
737.47,7,17,1,1,0,0,77,1883.08,Karnataka,Grocery,1990,0
1287.21,19,2,4,0,0,2,37,7830.98,Maharashtra,Healthcare,1974,1
457.48,9,18,1,1,0,1,149,1481.95,Telangana,Utilities,1999,0
71.51,7,15,1,1,0,0,402,386.82,West Bengal,Entertainment,1993,0
920.97,2,16,1,1,0,1,172,275.4,Rajasthan,Electronics,1975,0
1423.27,3,12,1,0,0,1,714,230.58,Maharashtra,Fuel,1970,0
1609.44,2,6,1,1,0,0,313,1560.58,Rajasthan,Entertainment,1976,0
3743.17,1,8,1,0,0,1,184,491.8,Kerala,Utilities,1987,0
1272.56,4,6,1,1,0,0,367,1426.68,Uttar Pradesh,Entertainment,1983,0
487.76,7,20,1,0,0,0,5,287.47,Karnataka,Fuel,1979,0
3787.3,8,13,1,1,0,0,441,1517.86,Tamil Nadu,Utilities,1973,0
879.46,3,6,1,1,0,1,472,1363.18,Rajasthan,Education,1996,0
1460.72,6,11,1,0,0,1,587,3068.6,Kerala,Utilities,1995,0
795.61,7,16,1,0,0,1,168,267.0,Kerala,Utilities,1972,0
53.48,3,12,1,1,0,1,575,701.13,Rajasthan,Food,1978,0
21.31,6,19,1,0,0,0,52,1481.15,Maharashtra,Grocery,1970,0
2983.41,1,12,1,1,0,1,277,28.6,West Bengal,Clothing,1981,0
2715.73,1,20,1,1,0,0,589,258.02,Gujarat,Entertainment,1997,0
831.08,5,11,1,0,0,0,133,2308.51,Maharashtra,Utilities,1996,0
981.62,3,18,1,1,0,1,68,2691.73,Kerala,Healthcare,1985,0
206.29,7,19,1,0,0,0,577,45.21,Kerala,Utilities,1996,0
5163.03,18,1,2,1,0,2,27,2565.76,Karnataka,Entertainment,1989,1
473.36,7,7,1,0,0,0,592,58.3,West Bengal,Clothing,1980,0
498.48,6,6,1,0,0,1,178,809.59,Karnataka,Fuel,1970,0
815.23,5,15,1,1,0,0,370,107.41,Kerala,Entertainment,1989,0
1626.39,5,15,1,0,0,1,184,3014.32,Gujarat,Utilities,1982,0
12548.24,16,3,3,0,0,1,2,1528.04,Karnataka,Clothing,1979,1
4123.78,6,7,1,1,0,1,531,2456.0,Uttar Pradesh,Grocery,1976,0
3586.38,16,3,4,1,0,1,59,1313.47,Telangana,Food,1988,1
371.43,2,15,1,0,0,1,142,420.25,Kerala,Fuel,1990,0
766.57,5,19,1,1,0,0,347,583.78,Kerala,Electronics,1975,0
453.07,3,15,1,0,0,0,79,580.61,Tamil Nadu,Education,1978,0
1238.85,7,19,1,0,0,1,234,294.44,Karnataka,Entertainment,1999,0
1791.6,4,5,2,2,1,0,2,6203.24,West Bengal,Clothing,1997,1
742.74,2,18,1,0,0,0,576,1014.73,Delhi,Food,1986,0
2156.43,1,9,1,0,0,0,245,463.94,Maharashtra,Clothing,1979,0
2408.2,1,13,1,0,0,1,577,581.0,Kerala,Clothing,1975,0
3683.88,6,12,1,1,0,1,202,771.07,Gujarat,Fuel,1994,0
2597.5,1,16,1,0,0,0,680,906.78,Uttar Pradesh,Electronics,1987,0
469.91,9,20,1,0,0,0,435,304.39,Tamil Nadu,Electronics,1981,0
1099.79,6,9,1,1,0,0,95,10.0,Uttar Pradesh,Electronics,1995,0
1438.84,4,21,1,1,0,1,483,617.99,Uttar Pradesh,Healthcare,1977,0
607.17,6,10,1,0,0,1,659,302.89,Tamil Nadu,Utilities,1992,0
307.17,7,18,1,1,0,0,153,4857.68,Rajasthan,Grocery,1992,0
1166.75,5,9,1,1,0,1,187,2464.44,Uttar Pradesh,Grocery,1992,0
1712.27,1,15,1,0,0,1,114,243.74,Kerala,Food,1994,0
3004.34,9,17,1,0,0,0,520,1635.88,Uttar Pradesh,Clothing,1981,0
1732.44,8,20,1,0,0,0,651,703.06,Kerala,Grocery,1978,0
33.06,2,9,1,1,0,1,21,190.74,Uttar Pradesh,Education,1982,0
3987.94,2,14,1,1,0,0,66,4262.08,Gujarat,Fuel,1970,0
1942.76,8,6,1,1,0,0,137,970.35,Kerala,Grocery,1972,0
349.05,5,15,1,0,0,1,389,2963.99,Rajasthan,Entertainment,1976,0
2442.7,6,13,1,1,0,1,497,1327.6,Uttar Pradesh,Grocery,1978,0
2325.99,5,12,1,1,0,1,306,495.29,Kerala,Entertainment,1976,0
4120.44,14,5,2,2,0,0,26,3436.22,Kerala,Fuel,1982,1
1367.39,2,17,1,0,0,0,519,989.01,West Bengal,Grocery,1981,0
534.83,1,18,1,0,0,0,725,767.48,Delhi,Education,1995,0
129.21,1,17,1,1,0,0,275,216.7,Delhi,Entertainment,1994,0
8227.47,21,3,3,2,1,2,27,4223.9,Delhi,Entertainment,1970,1
652.59,4,17,1,0,0,0,433,10.0,Uttar Pradesh,Electronics,1986,0
5044.25,24,3,1,2,0,2,34,5822.29,Maharashtra,Healthcare,1998,1
1937.54,2,8,1,1,0,1,570,119.17,Uttar Pradesh,Utilities,1983,0
1138.71,5,17,1,0,0,0,581,2147.95,West Bengal,Utilities,1994,0
5711.15,8,13,1,0,0,0,306,132.54,Uttar Pradesh,Fuel,1972,0
510.98,5,21,1,0,0,1,393,4338.33,Uttar Pradesh,Education,1981,0
1523.65,7,13,1,1,0,1,696,814.48,Uttar Pradesh,Travel,1970,0
214.0,6,13,1,0,0,1,16,1257.82,West Bengal,Grocery,1977,0
546.06,5,19,1,1,0,0,712,2852.49,Delhi,Fuel,1975,0
1992.93,1,20,1,1,0,0,15,3529.67,Karnataka,Entertainment,1978,0
2220.42,5,7,1,1,0,0,180,865.45,Telangana,Utilities,1998,0
2565.92,7,8,1,1,0,0,412,172.2,Gujarat,Entertainment,1987,0
3260.53,5,21,1,1,0,0,421,336.61,Delhi,Grocery,1985,0
457.79,8,16,1,0,0,1,24,103.87,Kerala,Entertainment,1994,0
249.62,1,21,1,0,0,1,400,26.35,Gujarat,Fuel,1991,0
1685.77,2,9,1,1,0,1,363,378.02,Kerala,Utilities,1997,0
344.89,1,15,1,0,0,0,622,1371.45,Delhi,Utilities,1991,0
965.46,7,20,1,1,0,0,678,1753.08,Karnataka,Education,1977,0
399.07,6,8,1,0,0,1,190,613.28,Kerala,Travel,1974,0
92.85,3,19,1,0,0,0,484,2460.89,Tamil Nadu,Healthcare,1994,0
297.16,9,9,1,1,0,1,393,146.72,Kerala,Utilities,1991,0
1055.56,9,19,1,1,0,1,657,1511.02,Maharashtra,Education,1970,0
1629.36,1,21,1,1,0,0,402,132.06,Rajasthan,Healthcare,1974,0
1479.68,2,6,1,0,0,1,288,2906.06,Uttar Pradesh,Food,1983,0
65.49,7,17,1,1,0,0,136,1633.38,Telangana,Grocery,1979,0
1869.39,8,9,1,1,0,0,701,102.34,Rajasthan,Utilities,1983,0
72.82,3,10,1,1,0,1,243,343.21,Telangana,Travel,1970,0
1313.29,9,9,1,0,0,1,26,248.4,West Bengal,Entertainment,1974,0
805.15,1,7,1,1,0,1,449,537.41,West Bengal,Education,1995,0
563.21,1,14,1,0,0,0,380,107.61,Rajasthan,Electronics,1999,0
192.08,6,7,1,0,0,0,12,276.21,Kerala,Clothing,1974,0
220.5,1,14,1,1,0,0,543,151.7,Telangana,Fuel,1976,0
391.46,4,6,1,0,0,1,230,180.58,Maharashtra,Grocery,1980,0
592.53,2,12,1,1,0,0,589,805.04,Karnataka,Entertainment,1987,0
1369.49,1,14,1,0,0,1,277,228.22,Uttar Pradesh,Clothing,1984,0
2244.14,7,6,1,0,0,0,174,307.44,Delhi,Utilities,1992,0
784.77,3,9,1,0,0,1,238,924.11,Maharashtra,Education,1987,0
2456.45,7,19,1,1,0,1,514,1129.86,Maharashtra,Entertainment,1978,0
283.81,4,21,1,1,0,1,349,144.98,Gujarat,Grocery,1982,0
211.49,2,21,1,1,0,0,714,170.42,Uttar Pradesh,Food,1972,0
2126.74,9,21,1,0,0,0,369,1046.38,Gujarat,Travel,1988,0
27.15,8,14,1,0,0,1,348,1725.52,Karnataka,Education,1978,0
222.34,1,16,1,1,0,0,129,350.43,Uttar Pradesh,Grocery,1995,0
473.29,9,16,1,1,0,0,105,286.97,Karnataka,Fuel,1973,0
2580.66,6,20,1,0,0,1,685,200.05,Uttar Pradesh,Utilities,1997,0
1329.5,9,13,1,1,0,0,562,122.33,Delhi,Clothing,1993,0
1264.19,1,21,1,1,0,1,30,80.81,Telangana,Utilities,1998,0
496.58,3,14,1,1,0,1,263,654.25,Uttar Pradesh,Travel,1978,0
1254.92,8,20,1,1,0,1,729,1905.97,Uttar Pradesh,Education,1995,0
1768.62,9,14,1,0,0,1,549,1732.12,Telangana,Food,1989,0
1836.61,9,17,1,0,0,0,641,2373.24,Uttar Pradesh,Education,1972,0
1036.67,4,6,1,0,0,1,4,977.51,West Bengal,Entertainment,1997,0
1798.97,7,11,1,1,0,0,304,134.02,Karnataka,Food,1973,0
494.73,1,7,1,0,0,1,25,462.77,Uttar Pradesh,Food,1981,0
482.07,9,9,1,1,0,1,268,10.0,Karnataka,Electronics,1997,0
241.5,6,19,1,1,0,0,206,2230.62,Kerala,Education,1974,0
3235.38,8,13,1,1,0,1,205,1245.67,Tamil Nadu,Electronics,1972,0
2010.81,1,16,1,0,0,0,675,246.85,West Bengal,Utilities,1995,0
618.53,6,16,1,0,0,1,186,456.74,West Bengal,Food,1986,0
3972.53,2,20,1,1,0,1,444,247.3,Kerala,Travel,1982,0
251.03,4,15,1,0,0,1,393,985.13,West Bengal,Travel,1998,0
346.09,2,10,1,1,0,0,392,2080.44,Tamil Nadu,Education,1996,0
7598.39,7,8,1,0,0,0,149,2177.32,Gujarat,Entertainment,1988,0
124.64,2,10,1,0,0,0,586,84.72,Gujarat,Entertainment,1990,0
2038.38,5,10,1,1,0,0,536,216.12,Gujarat,Food,1993,0
1131.5,7,6,1,0,0,1,56,1562.57,Kerala,Food,1975,0
293.86,2,20,1,1,0,0,74,1451.99,Kerala,Clothing,1989,0
1707.94,7,17,1,1,0,1,391,327.18,Rajasthan,Education,1997,0
310.09,4,19,1,0,0,1,89,547.59,Kerala,Education,1971,0
103.98,9,21,1,1,0,0,71,239.47,Uttar Pradesh,Grocery,1971,0
1727.65,1,10,1,0,0,0,237,1695.33,Kerala,Education,1986,0
196.87,9,18,1,1,0,0,220,1522.11,Uttar Pradesh,Healthcare,1990,0
859.67,6,10,1,1,0,1,693,220.0,Delhi,Grocery,1985,0
27.84,8,13,1,1,0,0,301,182.72,Telangana,Grocery,1995,0
696.71,8,13,1,1,0,0,541,526.62,Tamil Nadu,Fuel,1999,0
2438.97,9,21,1,1,0,1,703,1954.97,West Bengal,Entertainment,1979,0
486.03,7,15,1,0,0,0,37,3291.02,Uttar Pradesh,Grocery,1980,0
36.43,3,9,1,0,0,1,288,569.5,Kerala,Education,1992,0
6476.01,24,5,2,0,0,1,45,237.95,Uttar Pradesh,Entertainment,1975,1
1043.87,8,12,1,0,0,0,418,662.66,Telangana,Utilities,1991,0
583.93,8,12,1,1,0,1,279,593.48,Karnataka,Fuel,1979,0
16.31,2,11,1,1,0,1,579,840.64,Tamil Nadu,Food,1986,0
2266.6,21,0,1,0,0,1,15,680.99,West Bengal,Healthcare,1980,1
409.9,1,9,1,0,0,0,691,1292.68,Maharashtra,Healthcare,1970,0
4800.31,9,8,1,1,0,0,711,654.94,West Bengal,Clothing,1998,0
312.21,8,10,1,1,0,1,171,478.82,Maharashtra,Education,1971,0
2963.24,1,16,1,0,0,1,537,848.08,Karnataka,Travel,1992,0
83.34,7,6,1,0,0,1,593,2071.75,Tamil Nadu,Utilities,1989,0
466.03,1,21,1,1,0,1,477,23.25,Maharashtra,Food,1984,0
1462.9,5,12,1,1,0,0,51,53.47,Kerala,Food,1996,0
682.09,1,10,1,1,0,0,662,693.4,Rajasthan,Electronics,1970,0
233.33,4,7,1,0,0,0,477,1468.09,Delhi,Education,1978,0
1231.48,2,6,1,1,0,0,216,301.13,Karnataka,Food,1974,0
164.46,5,8,1,0,0,1,604,10.0,Delhi,Clothing,1997,0
671.08,8,6,1,1,0,0,565,1497.13,Gujarat,Utilities,1979,0
2217.1,6,15,1,0,0,0,549,3831.66,Tamil Nadu,Food,1989,0
12592.53,8,23,3,1,1,1,15,6946.66,Kerala,Grocery,1999,1
7422.7,20,1,1,1,1,2,3,829.29,Gujarat,Travel,1973,1
162.55,8,11,1,0,0,0,548,220.5,Tamil Nadu,Clothing,1986,0
2075.79,6,20,1,0,0,0,159,199.53,Uttar Pradesh,Travel,1975,0
1081.34,9,18,1,0,0,0,404,1490.66,Rajasthan,Electronics,1972,0
126.65,2,7,1,0,0,1,540,45.31,Kerala,Healthcare,1974,0
1986.57,9,15,1,1,0,1,632,865.41,Karnataka,Utilities,1972,0
305.16,7,20,1,1,0,1,470,255.73,West Bengal,Grocery,1977,0
856.09,4,21,1,0,0,0,329,341.27,Telangana,Electronics,1971,0
751.21,1,9,1,1,0,0,38,1394.65,Rajasthan,Entertainment,1984,0
2648.93,3,19,1,1,0,1,649,593.43,Gujarat,Food,1974,0
167.95,9,11,1,0,0,0,13,2556.03,Kerala,Travel,1976,0
1360.61,5,16,1,0,0,1,313,169.71,West Bengal,Fuel,1978,0
1623.98,2,19,1,1,0,1,385,1052.94,Uttar Pradesh,Entertainment,1986,0
5236.68,5,15,1,0,0,0,645,1176.75,Tamil Nadu,Clothing,1997,0
2768.86,4,19,1,0,0,1,725,11.7,Karnataka,Food,1986,0
2317.52,17,4,4,0,0,2,56,1393.59,Telangana,Healthcare,1974,1
688.09,3,12,1,0,0,1,432,425.75,Kerala,Utilities,1973,0
146.83,1,12,1,1,0,1,368,30.08,Rajasthan,Education,1981,0
731.77,3,16,1,1,0,0,199,186.67,Delhi,Utilities,1974,0
1918.5,6,16,1,0,0,0,76,1642.99,West Bengal,Travel,1987,0
303.99,8,14,1,1,0,1,433,106.6,Karnataka,Fuel,1971,0
574.77,7,15,1,1,0,0,669,861.41,Tamil Nadu,Food,1977,0
940.22,5,13,1,0,0,0,715,107.94,Telangana,Travel,1988,0
36.06,9,19,1,0,0,0,341,160.18,Tamil Nadu,Utilities,1984,0
955.93,9,9,1,1,0,0,45,663.23,Rajasthan,Entertainment,1986,0
868.0,9,20,1,1,0,0,718,1046.66,Kerala,Travel,1992,0
1107.58,6,18,1,0,0,1,305,117.5,Telangana,Electronics,1983,0
3254.16,18,22,1,0,0,0,59,6553.25,Gujarat,Clothing,1989,1
969.94,2,21,1,1,0,0,494,3327.98,Uttar Pradesh,Education,1977,0
393.43,6,9,1,1,0,1,579,1113.4,Gujarat,Education,1970,0
33.19,6,8,1,1,0,0,58,78.73,Karnataka,Education,1997,0
3377.51,5,0,3,0,1,0,36,3152.49,West Bengal,Grocery,1978,1
252.74,8,7,1,0,0,0,409,195.36,Telangana,Education,1997,0
362.53,8,10,1,0,0,0,84,175.62,Telangana,Entertainment,1997,0
1142.52,1,19,1,1,0,0,356,178.15,West Bengal,Utilities,1998,0
1246.33,6,8,1,0,0,0,617,60.85,Karnataka,Grocery,1991,0
2606.46,7,20,1,1,0,1,174,234.4,Kerala,Travel,1971,0
3287.44,9,17,1,1,0,0,684,2136.22,Kerala,Healthcare,1977,0
207.36,1,9,1,1,0,1,466,194.25,West Bengal,Food,1978,0
6366.17,12,1,4,2,0,1,58,2656.17,Rajasthan,Food,1992,1
1992.34,8,9,1,0,0,0,208,594.52,Delhi,Clothing,1978,0
383.33,3,19,1,0,0,0,186,1639.28,Uttar Pradesh,Education,1986,0
847.05,9,20,1,0,0,0,469,928.07,Karnataka,Utilities,1973,0
3473.12,5,14,1,0,0,0,644,1592.15,Kerala,Clothing,1971,0
549.25,8,7,1,1,0,0,303,655.57,Uttar Pradesh,Entertainment,1994,0
1362.24,4,19,1,1,0,1,40,1724.77,West Bengal,Healthcare,1990,0
995.07,5,13,1,1,0,0,258,1868.83,Rajasthan,Grocery,1980,0
817.52,1,9,1,0,0,1,270,482.98,West Bengal,Travel,1995,0
579.15,9,8,1,1,0,0,290,1324.89,Gujarat,Food,1974,0
544.39,6,15,1,0,0,1,659,256.83,West Bengal,Utilities,1990,0
1250.37,3,20,1,0,0,0,88,919.89,Tamil Nadu,Grocery,1975,0
72.3,2,7,1,1,0,0,126,1555.64,Uttar Pradesh,Fuel,1985,0
689.93,3,15,1,1,0,0,283,887.6,Karnataka,Travel,1983,0
1031.75,1,18,1,0,0,1,408,1984.73,Delhi,Fuel,1996,0
658.98,3,19,1,1,0,1,350,145.69,Kerala,Utilities,1980,0
4322.3,2,15,1,1,0,0,558,140.02,West Bengal,Electronics,1975,0
431.46,9,7,1,1,0,0,511,1418.06,Telangana,Entertainment,1986,0
323.34,5,20,1,0,0,1,91,1060.48,Gujarat,Travel,1971,0
304.52,4,13,1,0,0,0,308,803.83,Gujarat,Grocery,1977,0
1991.48,7,8,1,1,0,1,487,295.6,West Bengal,Healthcare,1976,0
280.24,8,9,1,1,0,1,95,238.46,Kerala,Fuel,1990,0
2767.95,7,17,1,0,0,1,317,797.85,Kerala,Utilities,1984,0
352.94,29,3,3,1,0,1,39,2570.02,Gujarat,Travel,1994,1
60.03,2,7,1,0,0,1,65,91.12,Uttar Pradesh,Education,1972,0
142.79,5,14,1,0,0,1,651,1856.42,Rajasthan,Education,1970,0
2272.39,6,23,1,2,1,1,12,912.72,Delhi,Entertainment,1970,1
1999.0,6,6,1,1,0,0,379,137.58,Uttar Pradesh,Healthcare,1980,0
1329.32,7,9,1,0,0,0,503,2570.28,Tamil Nadu,Electronics,1976,0
182.73,1,15,1,0,0,1,232,1973.6,Kerala,Entertainment,1970,0
698.44,9,18,1,1,0,1,52,3723.45,Maharashtra,Utilities,1975,0
661.86,9,17,1,0,0,1,337,1566.9,West Bengal,Utilities,1987,0
221.57,2,18,1,0,0,1,328,84.94,Karnataka,Grocery,1982,0
246.23,2,6,1,0,0,1,647,835.92,Kerala,Travel,1990,0
2832.5,7,15,1,0,0,1,204,347.8,Gujarat,Travel,1996,0
3806.82,4,19,1,0,0,1,210,811.9,Rajasthan,Education,1995,0
642.6,8,18,1,1,0,0,198,72.03,Gujarat,Utilities,1971,0
1330.0,5,8,1,0,0,1,689,1748.12,Gujarat,Electronics,1976,0
261.38,6,19,1,1,0,1,591,1420.89,Delhi,Electronics,1989,0
4962.44,2,21,1,0,0,1,270,1322.0,Rajasthan,Entertainment,1997,0
373.11,2,21,1,1,0,0,83,3787.61,Karnataka,Education,1995,0
4990.86,5,1,1,2,1,0,57,2131.6,Tamil Nadu,Food,1980,1
1293.7,3,9,1,0,0,0,317,1504.63,Delhi,Utilities,1981,0
183.07,3,17,1,1,0,1,92,183.9,Gujarat,Entertainment,1998,0
198.88,8,21,1,0,0,1,395,757.98,Karnataka,Education,1990,0
489.86,6,8,1,1,0,1,553,3310.72,Tamil Nadu,Entertainment,1977,0
716.24,2,19,1,1,0,0,528,802.3,Tamil Nadu,Food,1981,0
1355.25,19,22,4,2,0,2,1,7225.97,Karnataka,Healthcare,1986,1
808.38,5,18,1,1,0,1,179,789.34,Telangana,Clothing,1979,0
1781.39,1,15,1,1,0,1,647,1456.94,Rajasthan,Healthcare,1989,0
4986.26,2,17,1,0,0,0,292,150.05,Gujarat,Food,1994,0
385.66,7,20,1,0,0,0,441,156.9,Telangana,Entertainment,1990,0
1064.75,2,17,1,0,0,0,562,109.87,Maharashtra,Entertainment,1978,0
1740.96,7,13,1,0,0,0,615,264.73,Telangana,Healthcare,1974,0
864.12,9,19,1,1,0,0,470,2568.26,Telangana,Fuel,1970,0
96.15,7,13,1,0,0,0,328,251.85,Gujarat,Clothing,1997,0
330.85,4,16,1,1,0,0,521,2381.79,West Bengal,Food,1989,0
1534.28,7,8,1,0,0,1,232,1234.95,Uttar Pradesh,Food,1978,0
1892.14,3,11,1,1,0,1,616,1181.52,Rajasthan,Clothing,1983,0
337.24,2,16,1,1,0,1,50,497.73,Maharashtra,Grocery,1982,0
291.42,4,16,1,0,0,1,141,300.17,Karnataka,Fuel,1974,0
2731.85,5,9,1,1,0,0,623,253.95,Telangana,Clothing,1997,0
715.1,3,13,1,1,0,0,319,5578.29,Tamil Nadu,Grocery,1998,0
603.26,8,7,1,1,0,0,670,1591.04,Maharashtra,Travel,1988,0
1452.58,4,19,1,1,0,0,432,930.72,Gujarat,Fuel,1988,0
2006.72,7,15,1,0,0,0,172,1477.06,Telangana,Food,1974,0
512.83,2,8,1,1,0,0,279,55.64,Tamil Nadu,Fuel,1992,0
4936.54,1,7,1,1,0,0,150,104.99,Karnataka,Electronics,1994,0
584.65,6,21,1,1,0,1,717,139.03,Delhi,Fuel,1985,0
105.7,28,23,4,1,1,1,28,1333.52,Karnataka,Healthcare,1984,1
584.95,8,20,1,0,0,1,582,680.12,Telangana,Clothing,1979,0
399.8,6,6,1,1,0,0,478,651.26,Gujarat,Food,1988,0
1300.31,6,10,1,0,0,0,727,685.98,Maharashtra,Utilities,1986,0
1825.69,16,23,2,0,0,0,2,637.96,Maharashtra,Travel,1987,1
5489.52,9,19,1,1,0,1,195,868.18,Telangana,Clothing,1997,0
1649.09,4,20,1,0,0,1,66,703.9,Delhi,Fuel,1984,0
84.13,8,7,1,0,0,0,649,4496.79,Gujarat,Fuel,1983,0
3284.34,2,8,1,1,0,1,170,399.51,Uttar Pradesh,Travel,1975,0
3094.3,7,8,1,0,0,1,25,148.66,Rajasthan,Fuel,1990,0
3529.94,7,16,1,0,0,1,673,318.3,Tamil Nadu,Utilities,1972,0
5062.33,4,6,1,1,0,1,99,3564.89,Gujarat,Fuel,1979,0
139.86,6,21,1,1,0,0,217,149.88,Maharashtra,Travel,1985,0
3344.01,6,10,1,0,0,1,100,1447.06,Telangana,Food,1983,0
1737.76,2,19,1,0,0,1,332,2987.16,Kerala,Healthcare,1990,0
810.61,9,6,1,0,0,0,706,100.84,Gujarat,Grocery,1992,0
825.31,8,6,1,0,0,0,467,466.29,Rajasthan,Entertainment,1977,0
637.01,1,20,1,1,0,0,366,415.14,West Bengal,Food,1976,0
1234.38,1,21,1,1,0,0,107,650.93,Gujarat,Food,1987,0
392.81,8,14,1,0,0,0,457,1432.15,Kerala,Fuel,1978,0
1117.98,1,19,1,0,0,1,135,319.8,Tamil Nadu,Grocery,1991,0
1331.51,9,16,1,0,0,1,523,407.01,Maharashtra,Travel,1984,0
11253.98,10,1,1,0,0,1,20,2834.57,Telangana,Utilities,1975,1
12202.33,28,2,2,2,1,2,6,977.72,Rajasthan,Fuel,1978,1
254.64,4,10,1,1,0,1,328,788.92,Telangana,Fuel,1987,0
111.31,9,21,1,0,0,0,129,799.89,Maharashtra,Entertainment,1976,0
1198.64,7,23,3,0,0,2,48,2955.1,Tamil Nadu,Grocery,1989,1
917.79,8,8,1,1,0,1,712,703.43,Karnataka,Utilities,1984,0
1607.97,1,21,1,1,0,0,649,341.38,Maharashtra,Travel,1973,0
3223.77,9,13,1,1,0,1,690,2479.73,Rajasthan,Fuel,1986,0
346.63,7,15,1,1,0,1,646,942.4,Uttar Pradesh,Utilities,1985,0
980.46,7,19,1,0,0,0,234,1073.04,Telangana,Grocery,1971,0
1324.68,7,15,1,1,0,0,691,84.38,Uttar Pradesh,Grocery,1985,0
4062.42,7,11,1,1,0,0,70,318.87,Tamil Nadu,Fuel,1977,0
297.47,8,18,1,0,0,1,233,10.0,West Bengal,Healthcare,1970,0
11450.07,21,3,2,1,0,0,47,1445.23,Telangana,Entertainment,1999,1
1474.89,5,20,1,1,0,0,380,106.06,Delhi,Fuel,1989,0
805.3,8,21,1,1,0,0,92,875.36,Delhi,Fuel,1974,0
637.42,6,7,1,1,0,0,430,858.24,Rajasthan,Utilities,1981,0
109.56,9,17,1,0,0,0,439,179.87,Maharashtra,Grocery,1993,0
742.79,3,8,1,1,0,1,498,905.33,Kerala,Education,1978,0
347.8,2,19,1,0,0,0,409,1282.57,Karnataka,Grocery,1993,0
2193.32,4,4,1,2,0,0,53,799.62,Rajasthan,Food,1982,1
1404.74,7,10,1,1,0,0,722,122.27,Gujarat,Healthcare,1973,0
1019.4,8,6,1,0,0,1,14,77.58,Tamil Nadu,Utilities,1984,0
10.0,9,15,1,1,0,1,378,3599.62,Rajasthan,Entertainment,1989,0
90.74,3,6,1,1,0,1,471,572.26,Karnataka,Entertainment,1993,0
1668.15,3,7,1,1,0,0,311,499.86,Maharashtra,Utilities,1989,0
10.0,4,21,1,0,0,1,350,322.32,West Bengal,Grocery,1977,0
453.94,5,16,1,1,0,0,559,1466.78,Kerala,Clothing,1982,0
1159.88,3,14,1,0,0,1,321,702.2,Delhi,Utilities,1979,0
791.32,1,21,1,0,0,0,436,1061.68,Delhi,Fuel,1980,0
731.36,6,14,1,1,0,1,174,92.89,Delhi,Education,1975,0
588.3,9,12,1,1,0,1,362,4058.05,Karnataka,Food,1971,0
945.43,2,18,1,0,0,1,150,346.83,Gujarat,Food,1982,0
2749.16,1,6,1,0,0,1,82,20.42,Uttar Pradesh,Grocery,1974,0
3107.06,1,6,1,1,0,0,323,1484.35,West Bengal,Clothing,1970,0
361.7,8,12,1,0,0,1,248,23.02,Karnataka,Food,1993,0
292.85,2,14,1,1,0,0,648,1932.62,Telangana,Healthcare,1992,0
53.64,7,13,1,0,0,0,507,352.04,Delhi,Entertainment,1993,0
1146.2,9,6,1,0,0,1,93,1022.65,Delhi,Fuel,1972,0
2404.42,8,20,1,1,0,1,726,357.67,West Bengal,Education,1992,0
435.79,1,14,1,1,0,0,192,333.72,West Bengal,Fuel,1971,0
79.82,8,13,1,0,0,0,633,461.87,Karnataka,Food,1997,0
1115.17,7,17,1,0,0,1,71,1426.21,Delhi,Grocery,1998,0
520.44,1,18,1,1,0,0,501,170.42,Uttar Pradesh,Education,1994,0
2945.29,3,18,1,1,0,1,446,652.06,West Bengal,Utilities,1992,0
1821.77,4,22,2,0,1,0,27,5854.69,Kerala,Entertainment,1995,1
219.75,6,6,1,1,0,1,662,1557.88,Karnataka,Fuel,1976,0
2548.47,6,17,1,1,0,0,253,49.59,Maharashtra,Travel,1989,0
675.42,2,12,1,0,0,1,529,871.68,Telangana,Clothing,1985,0
959.27,3,16,1,1,0,0,373,52.11,Rajasthan,Fuel,1987,0
4622.83,9,10,1,0,0,0,151,1397.54,Kerala,Fuel,1973,0
118.95,7,11,1,0,0,0,482,36.0,West Bengal,Electronics,1976,0
3518.84,2,19,1,1,0,1,239,403.08,Delhi,Grocery,1994,0
427.45,5,11,1,0,0,0,566,1246.24,Telangana,Fuel,1982,0
2339.41,3,19,1,1,0,0,216,553.14,Delhi,Grocery,1986,0
740.92,7,9,1,0,0,1,726,199.36,Telangana,Food,1979,0
1489.71,3,13,1,1,0,0,541,326.63,West Bengal,Clothing,1986,0
213.02,2,20,1,0,0,1,357,222.86,Tamil Nadu,Travel,1984,0
544.37,9,9,1,1,0,1,276,681.37,Kerala,Utilities,1999,0
1170.54,2,21,1,0,0,0,541,258.38,Gujarat,Fuel,1995,0
304.3,3,11,1,1,0,1,464,1033.63,Kerala,Utilities,1975,0
835.89,4,21,1,1,0,0,700,1538.52,Rajasthan,Healthcare,1984,0
1458.67,7,18,1,0,0,0,519,2600.55,West Bengal,Fuel,1987,0
1519.22,9,6,1,1,0,1,284,799.32,Uttar Pradesh,Education,1988,0
3432.38,2,16,1,1,0,0,690,1046.18,Kerala,Healthcare,1988,0
173.46,6,7,1,1,0,0,93,534.03,Delhi,Clothing,1975,0
2941.85,7,11,1,0,0,0,253,491.4,Telangana,Clothing,1974,0
101.17,8,17,1,0,0,1,550,2340.11,Telangana,Healthcare,1995,0
1623.12,8,16,1,0,0,1,183,3528.8,Tamil Nadu,Fuel,1985,0
1710.86,4,11,1,0,0,1,256,466.27,Delhi,Education,1995,0
1045.02,2,13,1,0,0,0,383,2599.74,Karnataka,Electronics,1974,0
5126.76,7,11,1,0,0,0,113,1572.27,Delhi,Entertainment,1972,0
2910.14,1,6,1,1,0,0,353,2376.12,Delhi,Healthcare,1988,0
363.16,2,19,1,1,0,0,573,1716.85,Gujarat,Electronics,1993,0
1755.02,3,21,1,1,0,0,136,456.0,Tamil Nadu,Travel,1971,0
83.92,4,8,1,0,0,0,656,1068.66,Gujarat,Healthcare,1999,0
10.0,1,6,1,1,0,0,370,236.8,Uttar Pradesh,Entertainment,1970,0
501.54,6,11,1,0,0,1,639,319.65,West Bengal,Utilities,1993,0
575.29,6,7,1,1,0,0,229,413.71,Kerala,Education,1975,0
823.86,1,7,1,0,0,1,80,180.72,West Bengal,Healthcare,1991,0
1043.6,3,19,1,0,0,1,409,1456.57,Gujarat,Clothing,1987,0
110.82,2,9,1,1,0,0,667,1856.56,Kerala,Food,1980,0
379.4,6,6,1,1,0,1,57,443.51,Gujarat,Utilities,1971,0
2979.65,4,8,1,1,0,1,226,142.01,Rajasthan,Electronics,1971,0
1700.42,7,18,1,1,0,1,168,683.88,Uttar Pradesh,Clothing,1977,0
431.11,5,10,1,0,0,1,416,608.01,Tamil Nadu,Education,1985,0
20572.08,12,2,4,2,1,2,1,7758.87,Gujarat,Education,1986,1
20.15,8,10,1,1,0,1,160,342.2,Karnataka,Clothing,1995,0
518.88,2,19,1,0,0,1,639,340.96,Rajasthan,Clothing,1980,0
2752.02,5,7,1,1,0,1,281,437.75,Maharashtra,Grocery,1988,0
456.75,3,21,1,0,0,1,522,2288.32,Rajasthan,Fuel,1977,0
493.3,8,21,1,1,0,1,344,689.65,Delhi,Entertainment,1984,0
893.19,3,16,1,0,0,1,99,575.24,Rajasthan,Clothing,1987,0
851.48,5,9,1,1,0,0,175,387.3,Uttar Pradesh,Entertainment,1996,0
844.47,3,14,1,1,0,1,602,130.83,West Bengal,Utilities,1980,0
188.17,4,10,1,0,0,0,544,1172.95,Tamil Nadu,Entertainment,1977,0
6149.69,5,12,1,0,0,1,292,2052.75,Maharashtra,Fuel,1995,0
1742.8,4,14,1,1,0,1,473,205.62,Rajasthan,Grocery,1981,0
2734.01,5,15,1,1,0,0,83,60.67,Gujarat,Grocery,1980,0
1908.03,6,17,1,1,0,1,159,10.0,Delhi,Entertainment,1971,0
2983.95,25,2,1,0,0,0,24,207.18,Uttar Pradesh,Grocery,1974,1
1066.57,7,17,1,0,0,1,297,797.29,Maharashtra,Clothing,1980,0
151.73,1,10,1,0,0,0,684,907.94,Gujarat,Entertainment,1975,0
334.4,7,7,1,1,0,1,237,197.27,West Bengal,Entertainment,1980,0
3515.83,7,12,1,1,0,0,369,466.6,Gujarat,Food,1983,0
277.37,9,6,1,1,0,0,463,369.56,West Bengal,Clothing,1974,0
192.59,2,6,1,0,0,0,540,357.26,Maharashtra,Fuel,1977,0
29.04,3,16,1,0,0,0,361,1646.59,Tamil Nadu,Fuel,1986,0
3483.32,8,13,1,0,0,0,70,509.6,Delhi,Entertainment,1980,0
182.74,9,11,1,1,0,0,75,2009.08,Tamil Nadu,Utilities,1989,0
595.55,4,8,1,1,0,0,266,1370.88,Kerala,Education,1992,0
3276.18,3,8,1,1,0,0,77,485.08,Kerala,Grocery,1986,0
1022.03,8,19,1,1,0,0,649,257.36,Maharashtra,Entertainment,1983,0
1088.42,8,6,1,0,0,1,594,1343.85,Maharashtra,Clothing,1996,0
729.54,2,7,1,0,0,0,51,1596.58,Tamil Nadu,Food,1995,0
2655.95,6,15,1,1,0,1,253,60.15,Telangana,Entertainment,1971,0
1075.83,7,10,1,1,0,1,644,34.99,West Bengal,Healthcare,1981,0
48.98,1,23,2,1,0,1,41,918.62,Tamil Nadu,Clothing,1988,1
1745.76,7,10,1,1,0,1,244,52.93,Rajasthan,Fuel,1987,0
320.53,2,7,1,0,0,0,520,351.42,West Bengal,Grocery,1984,0
951.84,1,10,1,1,0,1,387,1312.91,Gujarat,Entertainment,1988,0
1991.9,3,7,1,0,0,1,536,1968.52,Karnataka,Travel,1998,0
703.59,4,19,1,1,0,0,538,133.59,Rajasthan,Electronics,1987,0
6215.25,9,3,3,1,1,0,39,4272.03,Uttar Pradesh,Clothing,1980,1
552.7,9,13,1,0,0,1,539,492.86,Kerala,Grocery,1978,0
2328.41,7,12,1,0,0,1,156,152.9,Telangana,Travel,1982,0
7724.68,5,9,1,0,0,1,203,475.02,Telangana,Utilities,1985,0
37.62,4,8,1,0,0,1,225,853.97,Tamil Nadu,Utilities,1977,0
147.53,1,15,1,0,0,1,260,1662.04,Telangana,Electronics,1978,0
104.54,15,0,1,1,1,2,20,2699.29,Tamil Nadu,Education,1987,1
2279.52,2,18,1,1,0,0,334,109.28,West Bengal,Healthcare,1999,0
2264.71,7,11,1,1,0,1,423,1009.17,Tamil Nadu,Utilities,1997,0
206.11,3,9,1,0,0,0,421,620.83,Tamil Nadu,Utilities,1977,0
7601.62,5,22,3,1,1,1,43,1744.81,Maharashtra,Utilities,1978,1
34.62,8,14,1,1,0,1,443,780.69,Telangana,Fuel,1978,0
998.19,7,7,1,1,0,1,437,251.32,Telangana,Utilities,1971,0
1263.24,5,12,1,1,0,0,548,501.74,Maharashtra,Education,1980,0
759.39,1,16,1,1,0,1,510,45.03,Karnataka,Fuel,1982,0
1263.88,7,17,1,1,0,0,610,1423.96,Rajasthan,Food,1977,0
1092.93,2,10,1,0,0,1,556,193.02,Rajasthan,Fuel,1991,0
733.71,7,12,1,0,0,0,319,154.02,Karnataka,Entertainment,1985,0
1486.43,7,20,1,0,0,0,168,260.54,Delhi,Entertainment,1989,0
3358.06,7,13,1,0,0,1,147,4345.13,Rajasthan,Electronics,1971,0
1431.6,6,10,1,0,0,0,641,626.6,Rajasthan,Clothing,1971,0
487.88,6,12,1,0,0,0,273,1585.81,West Bengal,Education,1974,0
78.48,6,7,1,1,0,1,49,45.83,Delhi,Travel,1981,0
447.32,3,14,1,0,0,1,403,314.52,Gujarat,Grocery,1975,0
830.53,4,12,1,1,0,0,632,1153.32,Uttar Pradesh,Fuel,1992,0
1899.39,9,14,1,0,0,1,433,1878.82,Tamil Nadu,Education,1971,0
396.06,5,22,4,1,1,1,11,2664.93,Uttar Pradesh,Education,1971,1
2117.47,5,11,1,1,0,0,571,193.59,Tamil Nadu,Clothing,1984,0
2247.74,6,6,1,1,0,0,164,572.59,Kerala,Grocery,1979,0
6498.74,5,20,1,1,0,0,137,1124.35,Delhi,Food,1981,0
21.26,4,21,1,0,0,1,175,242.9,Telangana,Grocery,1989,0
1802.97,3,17,1,1,0,0,236,1195.14,Maharashtra,Food,1990,0
922.72,2,10,1,0,0,1,610,74.94,Telangana,Travel,1992,0
2756.01,8,8,1,1,0,1,102,518.46,Rajasthan,Grocery,1978,0
4540.92,8,14,1,1,0,1,701,1020.53,Karnataka,Food,1992,0
3222.14,9,8,1,0,0,1,684,113.12,Gujarat,Healthcare,1986,0
1166.47,5,18,1,1,0,0,475,704.31,Telangana,Electronics,1994,0
121.6,9,20,1,0,0,1,328,1784.1,Kerala,Fuel,1973,0
20.62,9,21,1,0,0,0,542,208.48,West Bengal,Utilities,1999,0
1201.69,3,15,1,1,0,0,538,1821.29,Delhi,Clothing,1983,0
1321.77,5,14,1,0,0,0,529,2762.07,Karnataka,Entertainment,1983,0
3297.24,6,14,1,1,0,1,79,588.2,Gujarat,Electronics,1981,0
3592.85,9,12,1,1,0,1,571,67.17,Delhi,Utilities,1985,0
207.98,5,6,1,0,0,0,631,1163.58,Delhi,Grocery,1977,0
156.86,2,19,1,0,0,1,219,117.78,Rajasthan,Fuel,1995,0
2310.18,5,20,1,0,0,0,715,663.4,Tamil Nadu,Education,1974,0
2369.43,2,9,1,0,0,1,608,639.77,Karnataka,Healthcare,1975,0
298.38,2,16,1,1,0,0,22,856.63,Maharashtra,Fuel,1981,0
101.24,7,6,1,0,0,0,42,223.16,Gujarat,Healthcare,1998,0
3000.87,7,19,1,0,0,1,83,1160.27,Kerala,Education,1992,0
1133.12,4,16,1,1,0,0,393,3484.5,Maharashtra,Food,1981,0
553.28,7,19,1,1,0,1,516,617.77,Maharashtra,Fuel,1990,0
84.98,7,15,1,0,0,0,470,3109.24,Maharashtra,Grocery,1988,0
915.33,9,8,1,0,0,1,121,2170.53,West Bengal,Food,1974,0
6448.26,9,16,1,0,0,1,372,1319.04,West Bengal,Entertainment,1981,0
4524.17,9,19,1,0,0,0,320,1047.65,Maharashtra,Food,1972,0
1108.0,5,17,1,0,0,0,675,483.39,Karnataka,Education,1990,0
47.89,3,11,1,0,0,1,170,47.8,Kerala,Entertainment,1972,0
202.41,9,13,1,0,0,0,123,237.39,Telangana,Grocery,1988,0
2243.11,20,0,4,1,1,1,47,8289.54,Delhi,Food,1973,1
1880.97,7,8,1,0,0,1,113,59.26,Kerala,Utilities,1974,0
1382.95,2,8,1,1,0,1,86,800.14,Maharashtra,Clothing,1999,0
1952.95,2,15,1,0,0,1,436,730.78,Gujarat,Education,1986,0
628.62,9,19,1,0,0,1,499,16.53,Delhi,Entertainment,1978,0
1284.22,8,17,1,0,0,0,193,1336.74,Kerala,Entertainment,1976,0
2272.11,3,7,1,0,0,0,167,71.47,Kerala,Travel,1983,0
3445.41,1,10,1,0,0,0,456,123.93,Uttar Pradesh,Grocery,1994,0
21739.47,18,2,4,0,0,1,32,10245.67,Uttar Pradesh,Entertainment,1979,1
590.01,6,16,1,0,0,1,477,1310.56,Telangana,Clothing,1985,0
70.47,3,8,1,1,0,1,642,1321.23,Karnataka,Utilities,1986,0
453.05,3,17,1,0,0,1,338,16.78,Karnataka,Electronics,1971,0
1097.46,7,21,1,1,0,1,262,2681.63,Rajasthan,Healthcare,1991,0
398.28,3,9,1,0,0,1,443,392.19,Telangana,Food,1996,0
2690.28,7,11,1,0,0,1,98,60.88,West Bengal,Healthcare,1978,0
893.07,8,16,1,1,0,0,486,606.18,Tamil Nadu,Utilities,1990,0
3501.61,4,21,1,1,0,0,485,316.05,West Bengal,Fuel,1999,0
2212.28,1,10,1,1,0,1,99,401.12,Karnataka,Electronics,1999,0
625.75,5,21,1,0,0,0,336,83.41,Rajasthan,Utilities,1986,0
2122.58,9,19,1,0,0,1,687,1621.33,Uttar Pradesh,Utilities,1997,0
21.72,3,18,1,1,0,1,303,145.82,Tamil Nadu,Travel,1995,0
379.06,9,18,1,0,0,1,486,1407.47,Gujarat,Grocery,1986,0
2458.91,8,11,1,1,0,0,503,388.63,Telangana,Healthcare,1977,0
1149.38,5,11,1,0,0,1,585,59.39,Uttar Pradesh,Travel,1985,0
1491.27,1,6,1,1,0,0,98,267.8,West Bengal,Entertainment,1973,0
426.37,4,12,1,0,0,0,442,1458.87,Telangana,Utilities,1985,0
468.66,7,11,1,0,0,1,133,1804.18,Rajasthan,Utilities,1982,0
6525.42,4,5,2,1,1,0,30,3314.11,Telangana,Clothing,1979,1
4286.6,1,14,1,1,0,1,422,435.91,Tamil Nadu,Entertainment,1991,0
5100.71,6,14,1,1,0,0,169,884.19,Kerala,Food,1984,0
182.07,9,19,1,0,0,1,96,116.27,West Bengal,Food,1973,0
519.5,1,21,1,0,0,0,86,304.61,Tamil Nadu,Education,1979,0
4056.18,2,17,1,0,0,0,661,174.82,Tamil Nadu,Clothing,1993,0
724.02,5,11,1,1,0,1,465,1852.77,Rajasthan,Food,1995,0
1263.26,9,16,1,1,0,1,543,824.26,Delhi,Food,1993,0
826.38,8,14,1,0,0,1,116,530.74,Tamil Nadu,Clothing,1976,0
256.82,3,10,1,1,0,1,670,1535.31,Telangana,Education,1976,0
118.92,8,6,1,0,0,1,433,324.77,Gujarat,Healthcare,1982,0
1008.12,8,7,1,0,0,1,299,670.56,Tamil Nadu,Fuel,1976,0
335.25,7,21,1,0,0,0,652,1968.65,Telangana,Healthcare,1999,0
2498.86,8,15,1,1,0,0,288,50.49,Rajasthan,Travel,1986,0
882.78,1,10,1,0,0,0,245,314.87,Maharashtra,Electronics,1991,0
158.62,1,8,1,1,0,1,348,1079.27,Karnataka,Grocery,1999,0
835.38,4,7,1,1,0,1,601,43.69,Gujarat,Entertainment,1995,0
312.18,5,13,1,1,0,1,378,1116.46,West Bengal,Fuel,1971,0
841.6,5,8,1,0,0,1,614,1448.83,Telangana,Education,1991,0
22.77,8,6,1,0,0,0,236,683.25,Telangana,Electronics,1988,0
1491.99,4,9,1,1,0,0,197,994.33,Rajasthan,Education,1983,0
51.98,1,11,1,1,0,0,417,2851.95,Rajasthan,Electronics,1991,0
2980.71,5,11,1,1,0,1,58,77.58,Tamil Nadu,Grocery,1981,0
443.84,4,15,1,1,0,0,196,1019.06,Karnataka,Clothing,1997,0
282.69,1,10,1,0,0,0,589,713.03,Kerala,Travel,1994,0
1723.31,8,17,1,0,0,0,328,513.98,Gujarat,Grocery,1981,0
583.95,9,11,1,0,0,1,418,1160.24,Uttar Pradesh,Travel,1996,0
2335.49,9,15,1,0,0,1,222,1819.27,Rajasthan,Utilities,1975,0
1709.71,9,14,1,0,0,0,423,836.58,Rajasthan,Education,1999,0
481.26,5,6,1,1,0,1,57,1239.84,Kerala,Food,1985,0
1512.21,5,11,1,1,0,1,171,321.33,Maharashtra,Healthcare,1989,0
1015.88,9,12,1,0,0,1,115,2559.29,Telangana,Healthcare,1989,0
879.97,4,19,1,1,0,0,363,834.13,Maharashtra,Utilities,1973,0
1416.62,1,10,1,1,0,0,38,290.61,Kerala,Entertainment,1999,0
309.22,1,7,1,0,0,0,609,282.19,Uttar Pradesh,Education,1970,0
1940.91,3,15,1,0,0,0,279,799.69,Kerala,Grocery,1979,0
1217.04,5,14,1,0,0,1,709,817.26,Telangana,Travel,1996,0
3436.05,3,12,1,0,0,0,416,2129.89,Karnataka,Clothing,1992,0
1269.84,9,19,1,0,0,0,172,2586.0,West Bengal,Entertainment,1970,0
169.1,1,21,1,0,0,0,610,1780.25,Karnataka,Electronics,1988,0
580.18,7,10,1,0,0,1,672,738.91,Delhi,Food,1970,0
1450.58,5,16,1,1,0,0,722,409.43,Gujarat,Education,1978,0
464.12,7,19,1,0,0,1,693,761.92,Telangana,Food,1995,0
1629.64,3,2,4,2,1,0,31,132.64,Rajasthan,Entertainment,1994,1
899.12,9,16,1,0,0,0,571,132.32,Gujarat,Entertainment,1983,0
701.51,17,0,1,0,1,1,57,333.72,Maharashtra,Entertainment,1995,1
66.73,6,19,1,1,0,0,545,1458.81,Rajasthan,Electronics,1980,0
3835.11,9,6,1,1,0,1,496,2058.51,Delhi,Grocery,1981,0
384.05,9,19,1,0,0,1,607,295.4,Rajasthan,Utilities,1999,0
1225.06,1,11,1,1,0,0,449,153.68,Karnataka,Clothing,1982,0
1816.14,2,8,1,0,0,0,502,10.0,Gujarat,Grocery,1981,0
117.33,2,20,1,0,0,0,326,608.61,Tamil Nadu,Travel,1984,0
4692.58,1,8,1,1,0,1,100,1377.93,Delhi,Food,1983,0
437.26,9,15,1,0,0,1,143,267.1,Uttar Pradesh,Travel,1973,0
1947.14,9,18,1,1,0,1,72,1842.2,Kerala,Travel,1978,0
4150.09,4,11,1,0,0,1,121,89.08,Delhi,Clothing,1999,0
2376.09,4,12,1,1,0,0,529,9389.87,Delhi,Electronics,1985,0
949.01,7,21,1,0,0,1,511,4265.75,Telangana,Grocery,1985,0
412.82,7,17,1,0,0,0,32,1377.86,Telangana,Food,1978,0
1434.11,1,16,1,1,0,0,389,978.97,Uttar Pradesh,Grocery,1983,0
1263.87,25,1,2,1,1,2,41,6909.09,Karnataka,Healthcare,1985,1
193.98,1,15,1,0,0,0,399,1883.98,Uttar Pradesh,Grocery,1971,0
2458.37,5,7,1,1,0,0,616,2607.69,Rajasthan,Electronics,1971,0
2000.94,4,11,1,0,0,1,436,194.17,Rajasthan,Food,1988,0
828.24,3,7,1,1,0,0,94,964.69,West Bengal,Education,1996,0
907.56,5,21,1,1,0,0,517,3210.16,Kerala,Fuel,1990,0
562.01,4,19,1,0,0,1,442,79.88,Karnataka,Education,1990,0
1388.04,1,7,1,1,0,0,507,504.45,Gujarat,Electronics,1985,0
3247.68,5,17,1,1,0,0,517,1673.61,Telangana,Healthcare,1995,0
1295.83,1,8,1,0,0,1,150,132.57,Uttar Pradesh,Grocery,1970,0
222.92,1,8,1,1,0,0,378,875.78,Maharashtra,Food,1982,0
1127.92,5,16,1,0,0,1,92,260.09,Delhi,Healthcare,1992,0
1689.7,6,9,1,1,0,1,433,947.03,Karnataka,Electronics,1973,0
916.56,3,9,1,0,0,0,428,2054.76,Uttar Pradesh,Electronics,1998,0
420.68,3,9,1,0,0,1,161,613.3,Rajasthan,Entertainment,1973,0
5964.53,20,1,3,0,1,1,57,5525.48,Kerala,Healthcare,1985,1
1059.42,7,6,1,1,0,1,181,2478.15,Maharashtra,Food,1976,0
395.81,3,7,1,0,0,0,173,840.3,Karnataka,Food,1976,0
985.05,4,20,1,1,0,0,320,1259.46,Delhi,Food,1991,0
47.04,3,8,1,1,0,1,33,485.34,Telangana,Utilities,1988,0
114.98,9,14,1,1,0,1,514,512.89,Kerala,Healthcare,1986,0
489.11,8,21,1,1,0,1,479,976.72,Karnataka,Electronics,1984,0
1168.79,3,7,1,1,0,0,540,1207.55,Delhi,Entertainment,1994,0
1476.0,4,8,1,0,0,1,707,83.55,Rajasthan,Electronics,1991,0
565.79,8,10,1,0,0,1,119,1265.34,Tamil Nadu,Education,1986,0
338.92,5,8,1,1,0,1,325,130.79,Telangana,Education,1996,0
825.99,5,19,1,0,0,1,626,184.61,Uttar Pradesh,Fuel,1974,0
656.93,5,10,1,0,0,0,569,683.65,Tamil Nadu,Entertainment,1992,0
484.77,7,10,1,1,0,1,195,730.68,West Bengal,Fuel,1972,0
1445.34,9,9,1,1,0,1,576,1888.88,West Bengal,Healthcare,1997,0
727.51,1,12,1,0,0,0,511,130.03,Tamil Nadu,Entertainment,1997,0
271.96,8,7,1,1,0,0,5,32.63,Kerala,Healthcare,1976,0
1623.16,7,13,1,0,0,0,562,70.71,Kerala,Utilities,1979,0
3787.98,5,18,1,1,0,0,268,248.18,Kerala,Grocery,1996,0
5087.64,11,0,4,0,1,1,53,15058.59,Delhi,Education,1973,1
427.65,4,11,1,0,0,1,424,632.02,Uttar Pradesh,Electronics,1970,0
725.62,3,17,1,0,0,0,612,38.74,West Bengal,Fuel,1999,0
848.08,1,10,1,1,0,1,346,3520.64,West Bengal,Utilities,1999,0
305.43,3,13,1,1,0,1,316,950.14,Tamil Nadu,Healthcare,1970,0
525.25,23,22,2,2,1,0,9,6317.18,West Bengal,Fuel,1971,1
1964.11,9,20,1,1,0,0,607,122.28,West Bengal,Education,1973,0
14382.24,27,5,3,1,1,1,4,9194.82,Karnataka,Education,1983,1
535.17,7,14,1,1,0,1,407,1287.76,Delhi,Electronics,1970,0
4754.43,4,23,2,1,0,0,47,6933.17,Telangana,Food,1983,1
1358.64,2,21,1,1,0,0,505,1671.91,Kerala,Utilities,1992,0
610.18,1,10,1,0,0,0,365,341.58,Rajasthan,Travel,1989,0
439.09,1,6,1,0,0,0,251,345.69,Maharashtra,Electronics,1975,0
1203.29,3,15,1,1,0,0,19,456.32,West Bengal,Healthcare,1975,0
1165.06,5,19,1,0,0,0,55,10.94,Delhi,Travel,1999,0
3001.19,7,7,1,0,0,1,290,435.94,Delhi,Utilities,1970,0
694.37,1,7,1,1,0,1,685,163.62,Rajasthan,Healthcare,1996,0
1035.21,3,17,1,1,0,1,314,501.3,Tamil Nadu,Travel,1975,0
267.35,4,21,1,0,0,1,316,226.12,Kerala,Utilities,1970,0
471.86,6,10,1,0,0,0,560,206.45,Tamil Nadu,Electronics,1983,0
1928.24,5,8,1,1,0,1,258,287.05,Telangana,Utilities,1997,0
2220.53,12,4,2,0,1,0,9,2908.48,West Bengal,Healthcare,1991,1
972.82,4,14,1,1,0,1,142,426.86,Gujarat,Food,1990,0
592.76,8,10,1,0,0,0,654,1310.35,Delhi,Clothing,1974,0
1305.94,2,21,1,1,0,1,335,427.77,Delhi,Entertainment,1979,0
998.35,9,10,1,0,0,0,454,614.03,West Bengal,Education,1994,0
948.75,9,2,3,2,1,1,21,1487.81,Maharashtra,Fuel,1983,1
2896.9,9,21,1,0,0,0,674,261.46,Rajasthan,Food,1987,0
247.61,2,19,1,1,0,1,482,1328.14,Delhi,Utilities,1992,0
448.53,9,19,1,0,0,1,616,1387.56,Uttar Pradesh,Grocery,1973,0
1034.94,9,10,1,1,0,0,36,327.68,Rajasthan,Grocery,1978,0
391.61,7,7,1,1,0,0,405,865.88,Telangana,Food,1986,0
660.77,7,13,1,0,0,0,149,1087.33,Delhi,Education,1988,0
1197.53,8,9,1,0,0,1,406,198.78,Karnataka,Utilities,1995,0
114.16,5,13,1,1,0,0,64,1299.21,Delhi,Grocery,1997,0
228.72,2,11,1,1,0,0,346,333.93,Rajasthan,Food,1994,0
1719.45,5,12,1,0,0,1,54,3218.59,Maharashtra,Grocery,1994,0
1025.88,4,13,1,1,0,1,348,387.2,Gujarat,Utilities,1991,0
4001.01,4,15,1,1,0,1,685,316.89,Maharashtra,Travel,1970,0
630.84,9,9,1,1,0,0,224,1265.54,West Bengal,Entertainment,1997,0
2012.42,3,16,1,1,0,1,148,1934.93,West Bengal,Clothing,1989,0
587.62,7,9,1,0,0,0,37,461.5,West Bengal,Travel,1974,0
3399.96,6,7,1,0,0,1,420,400.99,Gujarat,Healthcare,1971,0
5217.46,19,0,2,0,1,2,48,441.65,Telangana,Utilities,1997,1
914.35,7,10,1,1,0,1,264,1006.87,Rajasthan,Travel,1995,0
13737.96,4,5,3,0,0,1,2,129.12,Maharashtra,Fuel,1979,1
2344.73,3,8,1,0,0,1,196,345.62,Uttar Pradesh,Entertainment,1973,0
557.13,3,7,1,0,0,0,670,662.44,Maharashtra,Grocery,1985,0
256.09,7,9,1,1,0,0,275,4150.38,Uttar Pradesh,Grocery,1973,0
1107.6,9,21,1,0,0,0,614,1729.14,Tamil Nadu,Healthcare,1977,0
324.79,5,21,1,1,0,0,314,1777.05,Delhi,Electronics,1997,0
5269.57,6,16,1,1,0,0,561,397.78,Karnataka,Travel,1996,0
1836.82,3,9,1,0,0,0,226,312.78,Tamil Nadu,Food,1981,0
1232.4,6,21,1,1,0,0,652,1881.79,West Bengal,Grocery,1971,0
1143.25,1,17,1,0,0,0,526,3713.47,Delhi,Electronics,1997,0
5682.36,10,3,1,0,1,1,18,3144.63,Karnataka,Travel,1978,1
1728.57,1,16,1,1,0,1,257,1087.11,West Bengal,Travel,1993,0
1025.25,9,14,1,1,0,0,97,5300.01,Gujarat,Utilities,1990,0
29.84,17,4,1,1,1,0,10,4435.81,Maharashtra,Electronics,1991,1
2730.0,3,10,1,0,0,0,159,1515.86,Telangana,Food,1976,0
552.16,4,17,1,1,0,0,530,303.0,Telangana,Fuel,1991,0
48.66,8,21,1,0,0,0,417,878.29,Uttar Pradesh,Education,1982,0
569.63,8,9,1,1,0,0,202,1810.11,Tamil Nadu,Food,1990,0
606.22,5,10,1,0,0,0,330,591.0,Tamil Nadu,Healthcare,1999,0
999.39,6,15,1,1,0,1,172,2227.16,Telangana,Utilities,1972,0
2200.47,6,18,1,1,0,1,725,776.31,Rajasthan,Fuel,1989,0
2333.56,1,19,1,0,0,1,120,1528.15,Maharashtra,Healthcare,1994,0
942.49,1,12,1,0,0,0,681,169.49,Maharashtra,Entertainment,1987,0
296.97,3,13,1,1,0,1,104,1374.44,Telangana,Utilities,1979,0
292.82,5,9,1,0,0,1,685,5554.54,West Bengal,Healthcare,1999,0
1089.88,2,19,1,1,0,1,563,210.7,Kerala,Healthcare,1985,0
554.74,9,18,1,0,0,1,18,398.14,Maharashtra,Utilities,1994,0
486.94,9,19,1,1,0,1,64,3294.93,Maharashtra,Fuel,1993,0
841.25,5,20,1,1,0,1,15,2382.73,Karnataka,Entertainment,1996,0
135.78,1,17,1,1,0,0,419,2371.47,Uttar Pradesh,Clothing,1973,0
2074.59,1,18,1,0,0,1,242,1474.93,Uttar Pradesh,Travel,1971,0
1343.6,9,4,1,0,1,0,23,3311.53,Tamil Nadu,Travel,1998,1
592.42,4,7,1,0,0,1,583,1506.3,Uttar Pradesh,Utilities,1972,0
1659.88,2,7,1,1,0,1,518,365.07,Kerala,Healthcare,1990,0
360.39,9,15,1,0,0,0,671,333.9,Maharashtra,Grocery,1974,0
1408.4,7,14,1,0,0,1,133,1325.15,Rajasthan,Education,1990,0
402.83,5,16,1,1,0,0,158,789.8,Telangana,Clothing,1982,0
1201.28,2,21,1,0,0,0,256,971.17,Gujarat,Education,1990,0
1635.63,1,7,1,1,0,1,150,1091.13,West Bengal,Utilities,1998,0
1731.45,8,19,1,0,0,0,417,2689.91,Rajasthan,Grocery,1977,0
1377.9,6,7,1,1,0,1,487,707.95,Rajasthan,Entertainment,1998,0
67.59,1,9,1,1,0,1,506,961.1,Karnataka,Entertainment,1994,0
7028.19,2,10,1,1,0,0,117,247.38,Maharashtra,Food,1992,0
2321.93,5,20,1,1,0,0,122,331.76,West Bengal,Utilities,1973,0
1385.31,3,17,1,1,0,0,167,198.83,Uttar Pradesh,Entertainment,1988,0
3218.73,4,14,1,1,0,0,309,479.28,Rajasthan,Fuel,1978,0
11.9,3,6,1,0,0,1,100,476.61,Maharashtra,Fuel,1977,0
84.04,1,18,1,1,0,1,199,1909.09,Rajasthan,Education,1974,0
2935.5,6,16,1,0,0,0,599,3060.34,West Bengal,Entertainment,1975,0
612.29,7,9,1,1,0,0,111,787.17,Uttar Pradesh,Healthcare,1993,0
2018.05,5,18,1,0,0,1,283,151.52,Delhi,Food,1985,0
2141.41,3,20,1,0,0,0,639,383.22,Karnataka,Healthcare,1971,0
338.66,8,7,1,1,0,0,63,1157.91,Gujarat,Food,1972,0
7591.46,3,16,1,1,0,0,725,591.77,Uttar Pradesh,Entertainment,1972,0
660.01,5,13,1,0,0,1,416,214.97,Telangana,Utilities,1972,0
2440.54,1,9,1,1,0,1,301,2972.52,Telangana,Fuel,1991,0
605.57,1,6,1,0,0,1,708,1206.24,Delhi,Food,1998,0
1474.87,9,13,1,0,0,0,353,1281.19,Karnataka,Entertainment,1984,0
1426.67,7,16,1,0,0,1,576,1161.72,Gujarat,Education,1979,0
1017.0,1,14,1,0,0,1,510,1165.9,Gujarat,Grocery,1970,0
177.82,9,19,1,1,0,0,553,1081.03,Maharashtra,Entertainment,1994,0
1037.1,5,18,1,1,0,1,626,459.24,Karnataka,Travel,1996,0
384.29,2,1,2,1,0,0,44,5863.98,Rajasthan,Education,1970,1
850.67,6,9,1,0,0,1,162,1768.33,Telangana,Food,1980,0
1554.19,2,7,1,1,0,1,299,1025.47,Karnataka,Food,1990,0
2604.99,7,13,1,0,0,0,667,1350.79,Tamil Nadu,Healthcare,1980,0
876.32,2,9,1,0,0,0,639,207.0,Delhi,Travel,1996,0
1098.96,7,17,1,1,0,0,99,1348.46,Gujarat,Electronics,1978,0
1127.74,23,3,1,2,1,1,45,2553.21,Gujarat,Food,1982,1
535.19,6,15,1,1,0,0,20,3260.28,Karnataka,Education,1982,0
2386.41,2,5,2,0,1,2,54,3345.59,Kerala,Healthcare,1982,1
3197.94,8,6,1,0,0,0,462,609.17,Karnataka,Travel,1998,0
998.39,6,11,1,1,0,0,395,1439.22,Tamil Nadu,Electronics,1973,0
6414.14,1,0,3,0,0,2,27,797.56,Tamil Nadu,Healthcare,1993,1
869.05,3,13,1,0,0,0,269,1765.33,Rajasthan,Utilities,1976,0
1379.11,5,14,1,0,0,0,11,281.08,Uttar Pradesh,Travel,1975,0
3700.06,9,5,4,0,0,2,51,331.38,Uttar Pradesh,Education,1980,1
2013.29,7,13,1,1,0,1,502,3814.26,Tamil Nadu,Clothing,1997,0
85.51,9,20,1,1,0,1,33,694.69,Rajasthan,Travel,1990,0
267.28,6,6,1,0,0,1,620,149.09,Tamil Nadu,Electronics,1988,0
937.2,7,14,1,1,0,0,157,263.1,West Bengal,Electronics,1993,0
1437.26,9,10,1,0,0,0,66,386.45,Kerala,Education,1985,0
1738.11,3,19,1,0,0,1,158,305.0,Rajasthan,Entertainment,1971,0
1488.01,3,11,1,1,0,0,402,1161.81,Kerala,Healthcare,1994,0
881.56,2,17,1,0,0,1,185,1902.45,Karnataka,Travel,1976,0
1468.27,4,15,1,0,0,1,188,122.22,Tamil Nadu,Entertainment,1988,0
1920.71,4,16,1,1,0,0,378,3630.38,Uttar Pradesh,Healthcare,1981,0
463.31,6,12,1,1,0,1,39,1948.93,Rajasthan,Travel,1976,0
1675.92,1,15,1,0,0,1,424,64.46,Maharashtra,Healthcare,1995,0
1061.8,7,6,1,0,0,1,8,1052.33,Gujarat,Electronics,1978,0
1197.94,9,14,1,1,0,0,124,763.86,Uttar Pradesh,Grocery,1990,0
541.94,7,13,1,0,0,0,162,2903.99,Rajasthan,Electronics,1984,0
308.94,7,20,1,0,0,1,437,495.52,West Bengal,Healthcare,1972,0
1721.34,3,8,1,0,0,1,493,124.77,Rajasthan,Fuel,1983,0
235.02,4,12,1,1,0,0,249,611.77,Rajasthan,Travel,1987,0
1556.96,5,18,1,0,0,0,575,584.57,Kerala,Education,1975,0
136.97,4,10,1,0,0,1,444,2789.33,Telangana,Electronics,1973,0
61.85,2,7,1,1,0,0,586,1519.55,Rajasthan,Grocery,1980,0
941.08,1,18,1,1,0,1,557,16.93,Kerala,Healthcare,1996,0
2727.21,5,15,1,1,0,1,67,1547.35,Kerala,Electronics,1997,0
914.01,3,13,1,0,0,0,439,176.26,Kerala,Grocery,1972,0
2580.83,1,15,1,1,0,1,663,315.39,Gujarat,Utilities,1994,0
585.51,8,13,1,1,0,0,391,1395.01,Rajasthan,Utilities,1996,0
335.88,3,21,1,1,0,0,100,2585.65,Uttar Pradesh,Travel,1989,0
2381.4,5,10,1,1,0,0,347,481.35,Tamil Nadu,Fuel,1992,0
1378.5,4,15,1,0,0,1,686,29.87,Telangana,Electronics,1977,0
1523.91,5,19,1,0,0,1,581,287.97,Gujarat,Clothing,1988,0
150.02,7,13,1,0,0,1,168,1012.06,Tamil Nadu,Healthcare,1971,0
2838.12,3,14,1,1,0,0,687,931.8,Gujarat,Grocery,1989,0
957.61,7,14,1,0,0,1,725,483.96,Delhi,Healthcare,1991,0
983.73,8,14,1,0,0,1,148,375.97,West Bengal,Clothing,1983,0
8638.06,12,1,1,1,1,0,52,1262.19,Kerala,Food,1994,1
189.73,3,21,1,1,0,0,540,631.5,Gujarat,Entertainment,1994,0
1988.78,25,0,2,1,1,2,16,3039.32,West Bengal,Healthcare,1994,1
231.36,4,19,1,1,0,1,216,43.75,Rajasthan,Clothing,1996,0
2910.61,9,7,1,0,0,0,627,1207.63,Gujarat,Travel,1972,0
766.83,2,7,1,0,0,0,389,1871.08,Tamil Nadu,Fuel,1984,0
385.39,29,3,4,0,1,0,17,2176.62,Uttar Pradesh,Healthcare,1982,1
1673.89,6,8,1,1,0,0,331,5082.34,Rajasthan,Travel,1976,0
1081.23,4,8,1,0,0,1,537,510.78,Delhi,Healthcare,1986,0
2548.21,1,19,1,1,0,1,470,228.32,Uttar Pradesh,Education,1994,0
1176.49,5,14,1,1,0,0,703,2219.68,Karnataka,Grocery,1992,0
2896.81,8,14,1,1,0,1,455,852.85,Rajasthan,Clothing,1989,0
627.66,5,9,1,1,0,1,375,538.18,Tamil Nadu,Grocery,1993,0
2720.28,7,21,1,0,0,0,628,433.44,Tamil Nadu,Travel,1972,0
342.94,2,15,1,0,0,0,547,730.91,Tamil Nadu,Grocery,1976,0
931.96,2,20,1,0,0,0,671,1723.66,Gujarat,Electronics,1986,0
1229.55,1,12,1,0,0,1,337,742.7,Maharashtra,Utilities,1974,0
389.36,3,11,1,0,0,0,238,1374.27,Kerala,Food,1980,0
6908.63,1,23,4,0,1,1,3,3325.61,Gujarat,Education,1981,1
1956.64,6,20,1,0,0,0,368,269.32,Tamil Nadu,Entertainment,1993,0
30.53,5,8,1,0,0,0,646,261.36,West Bengal,Education,1980,0
927.65,8,8,1,0,0,1,614,411.48,Telangana,Travel,1983,0
405.97,4,20,1,1,0,1,137,3227.16,Tamil Nadu,Fuel,1972,0
173.93,5,10,1,1,0,0,372,318.27,Telangana,Clothing,1971,0
799.39,8,7,1,0,0,0,104,778.66,Delhi,Utilities,1978,0
70.02,5,1,3,0,1,0,10,98.02,Rajasthan,Food,1992,1
615.25,5,11,1,0,0,0,425,370.58,Uttar Pradesh,Clothing,1984,0
1592.86,6,21,1,1,0,0,608,53.76,Karnataka,Utilities,1987,0
99.93,2,21,1,1,0,1,592,891.25,Kerala,Healthcare,1978,0
1683.58,5,15,1,0,0,1,380,4936.26,Uttar Pradesh,Education,1989,0
76.36,7,7,1,0,0,1,51,761.68,West Bengal,Food,1999,0
414.92,5,7,1,0,0,0,223,777.68,Telangana,Education,1992,0
3114.27,4,19,1,0,0,1,433,491.62,Kerala,Electronics,1991,0
897.99,5,22,3,1,0,1,58,468.7,Kerala,Grocery,1991,1
1257.82,10,4,1,2,1,0,45,3176.78,Telangana,Entertainment,1988,1
1939.16,8,10,1,1,0,0,451,505.21,Kerala,Clothing,1996,0
17.15,1,9,1,0,0,1,647,879.68,Rajasthan,Food,1996,0
1326.88,9,12,1,1,0,0,565,709.99,Tamil Nadu,Food,1988,0
1082.09,3,18,1,0,0,1,135,1343.43,Telangana,Entertainment,1980,0
574.08,7,6,1,0,0,0,515,889.24,Telangana,Education,1981,0
1587.13,3,12,1,1,0,0,698,943.23,Kerala,Education,1979,0
2895.89,9,10,1,1,0,0,283,607.62,Maharashtra,Electronics,1977,0
966.97,7,14,1,0,0,0,269,27.53,West Bengal,Entertainment,1971,0
3946.9,1,18,1,1,0,0,469,278.44,Uttar Pradesh,Travel,1991,0
412.55,3,6,1,1,0,0,280,891.1,Gujarat,Electronics,1972,0
510.12,9,17,1,1,0,1,304,29.69,Telangana,Fuel,1985,0
75.34,4,15,1,0,0,1,290,296.42,Gujarat,Utilities,1984,0
1452.4,3,13,1,1,0,0,696,1360.33,West Bengal,Clothing,1993,0
160.94,1,20,1,1,0,1,694,821.1,Kerala,Entertainment,1998,0
2116.3,6,8,1,0,0,0,479,430.76,Karnataka,Fuel,1982,0
580.22,8,17,1,0,0,0,467,10.0,Tamil Nadu,Healthcare,1993,0
3072.85,3,18,1,1,0,0,314,324.03,Karnataka,Clothing,1971,0
2755.89,3,7,1,0,0,1,123,388.16,Uttar Pradesh,Travel,1995,0
899.23,9,16,1,0,0,1,49,1098.46,Uttar Pradesh,Healthcare,1986,0
199.79,9,8,1,1,0,0,4,366.76,Uttar Pradesh,Grocery,1981,0
1036.0,7,8,1,1,0,0,575,1181.54,Kerala,Entertainment,1989,0
431.64,7,6,1,0,0,1,708,3041.94,Uttar Pradesh,Healthcare,1996,0
182.6,4,18,1,0,0,0,724,714.86,Tamil Nadu,Entertainment,1998,0
300.24,6,15,1,0,0,0,663,1061.84,Gujarat,Electronics,1995,0
26549.41,14,22,2,1,1,2,48,495.11,West Bengal,Utilities,1992,1
2750.95,6,4,3,2,0,1,43,1362.03,West Bengal,Utilities,1986,1
1356.98,7,19,1,0,0,1,337,204.87,Tamil Nadu,Fuel,1998,0
40.04,6,19,1,1,0,1,226,522.21,Rajasthan,Food,1981,0
5343.21,1,9,1,1,0,0,181,1030.95,Karnataka,Food,1989,0
1079.01,3,20,1,0,0,0,46,97.23,Uttar Pradesh,Travel,1989,0
692.75,5,14,1,0,0,1,457,853.85,Uttar Pradesh,Education,1982,0
10750.75,7,6,1,0,0,1,508,213.48,Delhi,Travel,1993,0
197.18,7,6,1,1,0,0,698,1447.87,Tamil Nadu,Clothing,1995,0
874.04,3,18,1,0,0,0,142,2179.54,Gujarat,Clothing,1984,0
588.41,21,23,1,2,1,2,30,9964.76,Tamil Nadu,Education,1975,1
995.21,3,18,1,0,0,0,212,844.42,Kerala,Fuel,1996,0
4336.46,1,8,1,1,0,1,388,1288.62,Kerala,Electronics,1971,0
1244.5,4,11,1,0,0,0,457,1058.68,Telangana,Travel,1997,0
305.53,5,7,1,0,0,1,207,1074.41,Rajasthan,Electronics,1976,0
670.49,3,17,1,1,0,0,685,262.96,Gujarat,Clothing,1977,0
5470.66,8,22,3,2,1,0,47,2196.93,Delhi,Travel,1976,1
518.64,5,11,1,0,0,1,274,676.1,Gujarat,Electronics,1977,0
30845.5,22,2,3,2,1,1,27,2588.34,West Bengal,Entertainment,1996,1
276.3,1,6,1,1,0,1,602,193.77,Kerala,Education,1977,0
285.45,1,8,1,0,0,1,210,364.57,Tamil Nadu,Utilities,1970,0
443.53,3,19,1,1,0,0,369,591.62,Telangana,Clothing,1982,0
2617.93,2,21,1,1,0,0,578,295.25,Kerala,Entertainment,1972,0
993.2,6,16,1,0,0,1,293,908.25,Kerala,Education,1977,0
954.0,6,16,1,1,0,0,518,214.36,Karnataka,Grocery,1977,0
3902.12,4,18,1,1,0,1,521,452.26,Telangana,Food,1994,0
854.93,6,11,1,0,0,0,712,298.03,West Bengal,Education,1977,0
11296.83,8,0,3,1,0,1,53,4696.62,Karnataka,Grocery,1986,1
1087.25,1,17,1,1,0,1,400,1572.78,Gujarat,Entertainment,1983,0
2508.38,6,14,1,1,0,1,384,516.55,Delhi,Healthcare,1977,0
4554.94,8,10,1,1,0,1,443,166.49,Karnataka,Food,1982,0
2911.77,1,15,1,0,0,0,441,1302.32,Tamil Nadu,Education,1973,0
3018.3,1,12,1,1,0,0,21,618.85,Uttar Pradesh,Electronics,1972,0
88.68,7,15,1,0,0,1,524,1575.63,Telangana,Clothing,1986,0
1001.89,9,12,1,0,0,0,145,660.45,Rajasthan,Clothing,1989,0
660.68,7,16,1,0,0,0,230,231.33,Tamil Nadu,Grocery,1971,0
1340.43,7,13,1,1,0,1,720,3807.85,Tamil Nadu,Fuel,1976,0
1244.51,7,10,1,1,0,0,679,1014.89,Maharashtra,Travel,1986,0
1003.0,6,7,1,0,0,1,199,1465.13,Maharashtra,Fuel,1973,0
192.77,4,11,1,1,0,1,686,626.3,Gujarat,Fuel,1974,0
5059.49,8,12,1,0,0,1,397,356.83,Karnataka,Education,1992,0
6253.01,1,19,1,0,0,0,511,1107.77,Kerala,Travel,1982,0
4377.44,4,20,1,1,0,0,330,88.01,Telangana,Grocery,1988,0
1156.16,7,16,1,1,0,1,385,1652.22,Telangana,Electronics,1982,0
704.2,9,6,1,1,0,1,59,1564.12,Rajasthan,Food,1971,0
307.07,5,12,1,1,0,1,171,620.43,Kerala,Food,1984,0
3322.24,4,12,1,1,0,1,497,1986.71,Delhi,Clothing,1979,0
3981.53,8,19,1,1,0,1,54,1230.8,Delhi,Utilities,1982,0
967.29,22,23,1,1,0,1,53,348.56,Delhi,Clothing,1992,1
265.19,1,9,1,1,0,0,50,1212.94,Telangana,Food,1995,0
1707.88,5,6,1,1,0,1,223,3430.09,Tamil Nadu,Grocery,1971,0
3311.41,8,12,1,1,0,0,663,582.62,Gujarat,Healthcare,1983,0
1968.82,8,20,1,0,0,1,204,2761.66,Tamil Nadu,Healthcare,1985,0
4312.56,2,21,1,0,0,1,562,538.34,West Bengal,Entertainment,1974,0
1436.93,1,18,1,1,0,1,220,128.2,Maharashtra,Healthcare,1991,0
4364.69,6,18,1,1,0,1,693,891.31,Rajasthan,Grocery,1976,0
400.64,3,21,1,1,0,0,717,2114.04,Karnataka,Education,1985,0
712.82,5,12,1,1,0,1,329,20.48,Karnataka,Travel,1976,0
948.67,8,20,1,0,0,0,72,4146.14,Kerala,Entertainment,1971,0
7559.37,21,1,3,2,1,0,9,708.08,Kerala,Healthcare,1990,1
6510.36,8,11,1,0,0,0,661,216.02,Delhi,Electronics,1986,0
3751.95,3,19,1,1,0,0,334,680.65,Kerala,Healthcare,1976,0
366.56,1,11,1,0,0,1,34,2275.74,Delhi,Electronics,1974,0
3205.99,5,20,1,0,0,0,431,1018.58,Karnataka,Fuel,1973,0
15535.26,20,22,1,2,1,0,39,419.63,Karnataka,Grocery,1980,1
84.3,4,18,1,0,0,1,505,2133.15,Uttar Pradesh,Grocery,1990,0
3568.08,6,16,1,1,0,0,84,1766.81,Maharashtra,Fuel,1997,0
498.93,3,14,1,0,0,1,541,376.79,Delhi,Utilities,1982,0
302.8,8,13,1,1,0,0,600,859.09,Uttar Pradesh,Grocery,1980,0
1995.06,2,9,1,1,0,0,179,1340.99,Telangana,Healthcare,1976,0
877.55,6,7,1,1,0,1,74,154.26,Rajasthan,Grocery,1995,0
2039.0,5,10,1,1,0,0,190,1245.39,Delhi,Food,1977,0
1074.35,2,13,1,1,0,1,455,651.59,Karnataka,Education,1984,0
359.14,7,14,1,0,0,1,296,831.79,Telangana,Fuel,1994,0
203.64,4,18,1,1,0,1,299,619.38,Kerala,Education,1986,0
22.28,2,12,1,1,0,0,19,859.52,Delhi,Food,1998,0
942.56,28,22,4,2,1,1,30,10239.8,Rajasthan,Grocery,1997,1
10.42,5,8,1,1,0,0,680,553.92,Delhi,Clothing,1997,0
1254.67,1,8,1,0,0,0,450,1718.28,Kerala,Utilities,1973,0
172.0,9,13,1,1,0,0,350,1421.43,West Bengal,Healthcare,1987,0
2723.64,9,14,1,0,0,1,352,38.94,Rajasthan,Grocery,1998,0
128.11,1,19,1,1,0,1,358,1424.84,Tamil Nadu,Entertainment,1999,0
69.71,3,11,1,1,0,0,164,1437.2,Kerala,Entertainment,1977,0
4746.78,19,1,4,1,1,1,22,4164.9,Telangana,Clothing,1978,1
1702.92,9,8,1,0,0,1,708,574.64,Uttar Pradesh,Travel,1988,0
197.09,4,10,1,0,0,1,503,556.02,Telangana,Food,1986,0
3441.17,1,19,1,0,0,1,100,424.55,West Bengal,Electronics,1993,0
1122.6,1,12,1,1,0,1,441,981.3,Karnataka,Utilities,1998,0
1310.07,4,16,1,1,0,1,584,221.48,Uttar Pradesh,Education,1992,0
1879.21,2,9,1,1,0,1,72,1454.48,West Bengal,Travel,1987,0
578.28,6,11,1,0,0,1,639,411.9,Telangana,Education,1983,0
182.97,8,9,1,1,0,0,16,5375.82,Maharashtra,Electronics,1986,0
741.74,4,9,1,1,0,0,615,718.5,Telangana,Clothing,1998,0
10724.27,25,5,4,1,1,2,34,578.12,Rajasthan,Healthcare,1981,1
770.05,1,7,1,0,0,1,600,1027.51,Uttar Pradesh,Clothing,1989,0
1925.38,4,10,1,1,0,0,520,3939.09,Delhi,Education,1978,0
1326.31,3,15,1,1,0,1,679,1491.22,Karnataka,Food,1996,0
2791.38,2,19,1,0,0,1,567,5162.29,Telangana,Grocery,1971,0
371.14,7,14,1,1,0,1,343,695.18,Maharashtra,Fuel,1978,0
933.74,9,12,1,1,0,1,514,726.09,Karnataka,Electronics,1979,0
540.87,6,14,1,0,0,0,21,760.83,Maharashtra,Clothing,1991,0
264.64,1,7,1,0,0,1,693,746.49,Delhi,Education,1971,0
1817.68,4,15,1,0,0,0,208,4399.57,Delhi,Entertainment,1998,0
3305.66,6,7,1,0,0,0,524,334.28,Gujarat,Grocery,1989,0
594.78,3,19,1,0,0,1,306,536.15,West Bengal,Utilities,1990,0
1266.6,3,8,1,1,0,1,580,483.49,Delhi,Healthcare,1990,0
2235.42,3,17,1,0,0,0,681,148.81,Kerala,Food,1977,0
4387.6,8,13,1,1,0,1,85,121.08,Tamil Nadu,Grocery,1991,0
407.14,2,10,1,1,0,1,271,764.8,Maharashtra,Grocery,1970,0
34.57,5,10,1,0,0,1,482,1425.28,Tamil Nadu,Education,1981,0
2175.69,4,16,1,0,0,1,442,10.17,Telangana,Education,1982,0
707.62,8,15,1,1,0,0,233,472.12,Kerala,Food,1996,0
1340.47,2,10,1,1,0,1,423,1544.67,Tamil Nadu,Utilities,1984,0
876.31,5,9,1,0,0,1,534,364.31,Delhi,Education,1976,0
201.27,8,11,1,1,0,0,38,1262.45,Telangana,Grocery,1989,0
55.14,4,10,1,0,0,1,426,861.46,Karnataka,Entertainment,1996,0
183.41,6,7,1,1,0,0,87,62.01,Karnataka,Clothing,1999,0
4834.45,7,12,1,0,0,1,308,1730.13,Telangana,Clothing,1991,0
1684.79,7,20,1,1,0,1,528,1740.78,Karnataka,Utilities,1975,0
28.75,7,9,1,1,0,0,301,586.17,Uttar Pradesh,Healthcare,1993,0
1747.15,2,12,1,0,0,1,684,1977.24,Karnataka,Travel,1987,0
353.5,6,16,1,0,0,0,57,958.15,Telangana,Food,1991,0
4718.63,8,16,1,1,0,0,118,89.21,Maharashtra,Clothing,1975,0
1112.65,2,16,1,1,0,1,552,18.09,Karnataka,Entertainment,1978,0
3179.4,2,13,1,1,0,0,172,390.55,Gujarat,Electronics,1973,0
2098.99,3,9,1,0,0,0,259,829.06,Karnataka,Fuel,1991,0
3501.03,2,7,1,0,0,1,666,650.2,Maharashtra,Utilities,1995,0
274.41,6,19,1,1,0,0,444,216.58,Telangana,Clothing,1991,0
649.41,6,10,1,1,0,0,285,2792.73,Tamil Nadu,Entertainment,1993,0
65.93,4,16,1,0,0,1,713,1130.83,Gujarat,Grocery,1989,0
34.34,3,11,1,0,0,1,248,514.92,Kerala,Healthcare,1991,0
115.79,3,20,1,0,0,1,477,2065.47,Gujarat,Utilities,1980,0
146.83,6,20,1,1,0,1,707,3329.88,Tamil Nadu,Food,1999,0
294.79,7,19,1,0,0,1,64,135.23,West Bengal,Entertainment,1991,0
237.37,8,14,1,0,0,1,112,2344.81,Delhi,Electronics,1975,0
284.81,3,18,1,0,0,0,221,348.01,Telangana,Education,1999,0
2470.69,7,12,1,0,0,1,326,2528.79,Kerala,Healthcare,1974,0
645.77,4,13,1,0,0,0,323,561.53,Karnataka,Electronics,1978,0
1755.33,9,17,1,0,0,1,576,219.9,Rajasthan,Food,1997,0
1730.73,9,16,1,1,0,1,55,27.81,Uttar Pradesh,Grocery,1981,0
2890.43,7,0,3,0,0,1,2,1869.74,Gujarat,Entertainment,1975,1
3418.68,6,20,1,0,0,1,76,1455.79,Rajasthan,Travel,1996,0
739.72,9,11,1,0,0,1,729,274.1,Rajasthan,Food,1986,0
2051.54,1,12,1,1,0,0,523,115.25,Rajasthan,Healthcare,1999,0
718.5,3,13,1,1,0,1,234,2250.04,Maharashtra,Electronics,1997,0
4620.94,7,18,1,1,0,1,122,514.85,Uttar Pradesh,Clothing,1984,0
5112.27,8,22,1,2,0,2,5,1084.28,Tamil Nadu,Education,1984,1
10.0,9,18,1,1,0,1,87,327.23,Delhi,Fuel,1991,0
2711.11,4,6,1,0,0,1,597,15.58,Delhi,Entertainment,1998,0
128.8,5,7,1,1,0,0,529,314.1,Rajasthan,Entertainment,1973,0
2305.44,2,1,4,2,0,1,56,167.97,West Bengal,Electronics,1979,1
898.16,5,4,1,2,0,1,15,1483.41,Tamil Nadu,Healthcare,1994,1
429.85,2,7,1,0,0,1,677,805.5,West Bengal,Fuel,1980,0
4606.08,6,20,1,0,0,0,191,190.68,West Bengal,Clothing,1979,0
394.95,2,20,1,1,0,1,200,1557.65,Gujarat,Entertainment,1974,0
1152.24,9,17,1,1,0,1,298,398.25,Maharashtra,Healthcare,1988,0
111.34,7,11,1,1,0,0,137,167.36,Delhi,Grocery,1987,0
816.44,7,8,1,1,0,1,569,424.31,Delhi,Utilities,1978,0
383.99,1,9,1,1,0,1,381,2082.08,Uttar Pradesh,Travel,1979,0
298.44,9,7,1,0,0,1,623,119.13,Gujarat,Education,1978,0
1121.86,2,20,1,0,0,0,346,542.62,Kerala,Fuel,1995,0
2516.01,8,7,1,0,0,1,432,914.38,Gujarat,Education,1980,0
1060.44,7,21,1,0,0,1,55,2267.3,Uttar Pradesh,Grocery,1981,0
1309.85,9,19,1,1,0,0,102,667.72,Maharashtra,Grocery,1989,0
1506.3,2,11,1,0,0,1,263,53.05,Kerala,Grocery,1991,0
759.53,8,18,1,1,0,0,570,1513.92,Gujarat,Entertainment,1988,0
931.37,9,14,1,0,0,0,474,556.72,Gujarat,Entertainment,1993,0
1278.91,4,7,1,0,0,1,696,606.57,Uttar Pradesh,Healthcare,1985,0
374.67,1,9,1,0,0,1,227,881.01,Karnataka,Healthcare,1976,0
651.29,3,13,1,0,0,1,380,518.89,Telangana,Fuel,1995,0
6993.74,6,22,3,1,1,1,21,2043.41,Rajasthan,Food,1997,1
99.93,9,12,1,1,0,0,647,951.57,Karnataka,Travel,1991,0
1281.98,5,15,1,0,0,0,220,749.56,West Bengal,Travel,1970,0
380.84,4,11,1,1,0,0,251,75.01,Uttar Pradesh,Entertainment,1980,0
362.42,6,19,1,0,0,0,125,258.22,Gujarat,Travel,1983,0
465.16,1,13,1,1,0,1,50,248.29,Karnataka,Utilities,1973,0
1919.69,3,20,1,1,0,0,516,390.57,Rajasthan,Electronics,1978,0
427.96,3,18,1,0,0,0,39,344.84,Telangana,Electronics,1971,0
7358.36,6,18,1,0,0,0,440,331.02,Telangana,Clothing,1975,0
407.2,1,11,1,0,0,0,9,89.49,Maharashtra,Clothing,1981,0
1300.47,1,13,1,1,0,1,211,2071.87,Maharashtra,Entertainment,1988,0
488.25,5,18,1,1,0,0,518,93.19,Delhi,Electronics,1973,0
55.11,9,20,1,1,0,0,324,465.31,Karnataka,Utilities,1972,0
111.91,4,21,1,1,0,0,549,1389.85,Tamil Nadu,Entertainment,1991,0
419.4,13,1,1,2,1,2,5,2187.26,Gujarat,Education,1997,1
1454.39,6,8,1,0,0,1,122,1081.33,Karnataka,Entertainment,1974,0
276.81,6,15,1,0,0,1,81,502.29,Maharashtra,Travel,1982,0
333.47,4,15,1,0,0,0,453,97.86,Karnataka,Fuel,1980,0
1408.53,7,15,1,0,0,1,684,1733.79,Karnataka,Entertainment,1986,0
4344.73,16,5,2,1,1,2,19,10920.66,West Bengal,Fuel,1976,1
10667.71,9,23,2,0,1,1,5,578.04,Uttar Pradesh,Food,1980,1
682.2,6,7,1,1,0,0,202,899.34,Tamil Nadu,Healthcare,1986,0
194.27,1,12,1,1,0,0,34,777.03,Delhi,Utilities,1972,0
111.27,4,13,1,1,0,0,719,457.93,Telangana,Travel,1983,0
1092.38,2,21,1,0,0,0,512,1337.59,Rajasthan,Education,1985,0
166.45,1,19,1,0,0,1,703,100.72,Karnataka,Education,1987,0
1040.28,6,18,1,0,0,1,108,63.66,Kerala,Utilities,1999,0
645.87,9,8,1,1,0,0,59,94.93,Telangana,Entertainment,1997,0
297.45,4,14,1,0,0,0,175,660.44,West Bengal,Entertainment,1988,0
161.24,4,14,1,0,0,1,599,359.95,Maharashtra,Food,1999,0
2972.65,9,11,1,0,0,1,629,2451.36,Karnataka,Education,1982,0
786.47,2,18,1,0,0,0,136,3379.91,Gujarat,Fuel,1998,0
2218.02,6,20,1,1,0,0,195,93.7,West Bengal,Education,1978,0
894.95,5,7,1,1,0,0,208,2026.1,Rajasthan,Education,1975,0
1400.97,8,18,1,1,0,1,633,2419.24,Telangana,Entertainment,1990,0
1110.73,4,13,1,0,0,0,520,1375.77,Delhi,Food,1986,0
1773.16,6,18,1,0,0,1,372,521.53,Delhi,Electronics,1987,0
475.83,4,6,1,0,0,0,445,128.88,Kerala,Entertainment,1984,0
302.98,9,7,1,1,0,0,334,1790.69,Telangana,Travel,1985,0
2558.92,6,14,1,0,0,1,308,629.82,Tamil Nadu,Grocery,1977,0
1907.09,8,17,1,0,0,1,166,2148.25,Telangana,Grocery,1975,0
607.69,7,17,1,0,0,1,300,1031.42,Kerala,Clothing,1988,0
3187.85,7,14,1,1,0,1,202,364.91,Kerala,Healthcare,1992,0
561.82,4,14,1,0,0,1,726,911.75,Gujarat,Electronics,1989,0
1925.03,7,11,1,0,0,0,601,1116.43,Delhi,Fuel,1987,0
1024.84,7,13,1,1,0,1,496,1057.32,Karnataka,Education,1981,0
625.41,2,15,1,1,0,0,656,679.91,Telangana,Utilities,1996,0
504.19,1,12,1,0,0,0,428,3152.8,Tamil Nadu,Electronics,1980,0
142.43,1,6,1,1,0,0,199,329.61,Tamil Nadu,Fuel,1972,0
4077.58,2,21,1,1,0,0,321,927.61,Rajasthan,Travel,1990,0
17.06,8,8,1,1,0,1,547,1577.53,Rajasthan,Food,1993,0
571.64,8,17,1,0,0,0,403,3004.06,Delhi,Food,1987,0
1598.41,4,14,1,0,0,1,668,2523.91,Kerala,Electronics,1991,0
555.16,7,15,1,0,0,0,408,29.84,Gujarat,Education,1976,0
1054.65,6,20,1,1,0,1,255,1444.89,Delhi,Food,1997,0
1343.31,1,17,1,1,0,1,519,518.11,Maharashtra,Travel,1995,0
12.71,1,20,1,1,0,0,67,208.84,Uttar Pradesh,Healthcare,1989,0
1055.18,3,7,1,1,0,0,28,2006.72,Karnataka,Electronics,1978,0
678.6,9,19,1,0,0,1,562,1021.18,Tamil Nadu,Healthcare,1982,0
2934.01,4,4,1,0,1,2,37,4350.51,Kerala,Food,1983,1
153.97,6,21,1,0,0,0,669,72.4,Kerala,Food,1999,0
315.27,5,13,1,0,0,0,717,243.96,West Bengal,Education,1996,0
495.29,2,11,1,0,0,0,210,1971.74,West Bengal,Electronics,1995,0
4565.24,15,23,2,0,1,1,54,481.36,Gujarat,Healthcare,1979,1
1805.46,3,11,1,0,0,1,279,1943.12,Delhi,Healthcare,1985,0
349.53,16,1,2,2,0,2,8,4347.98,Karnataka,Utilities,1979,1
790.65,8,11,1,0,0,0,245,2758.78,Kerala,Healthcare,1992,0
536.2,3,10,1,1,0,0,514,232.14,Tamil Nadu,Clothing,1976,0
156.89,9,14,1,1,0,1,570,86.07,Maharashtra,Clothing,1971,0
4394.02,7,20,1,1,0,1,703,699.76,Kerala,Food,1989,0
112.03,9,20,1,0,0,1,361,2081.93,West Bengal,Fuel,1982,0
2275.05,1,20,1,1,0,1,378,3473.62,Kerala,Fuel,1991,0
709.67,6,21,1,1,0,1,383,41.59,Rajasthan,Travel,1979,0
3200.94,25,4,4,2,1,2,33,2142.4,Tamil Nadu,Fuel,1995,1
81.18,4,20,1,0,0,1,111,971.04,Kerala,Entertainment,1973,0
2570.31,8,18,1,1,0,0,401,1327.45,Karnataka,Clothing,1974,0
24.69,1,19,1,1,0,1,45,1161.3,Karnataka,Fuel,1993,0
3045.12,2,12,1,1,0,0,218,399.57,Uttar Pradesh,Food,1998,0
227.35,1,7,1,0,0,0,551,2818.87,West Bengal,Fuel,1971,0
29.27,2,9,1,0,0,0,658,2082.57,Delhi,Healthcare,1975,0
5810.55,3,4,4,1,0,2,31,7725.51,Uttar Pradesh,Clothing,1984,1
1414.84,4,12,1,1,0,0,706,732.34,Gujarat,Entertainment,1990,0
1883.8,3,13,1,0,0,0,158,602.99,Karnataka,Entertainment,1986,0
1306.06,9,6,1,1,0,1,323,919.27,Karnataka,Clothing,1996,0
3223.79,1,17,1,0,0,1,90,500.76,Gujarat,Education,1983,0
152.58,8,14,1,1,0,1,4,1310.34,Delhi,Travel,1987,0
3443.42,8,18,1,0,0,1,191,136.69,Rajasthan,Grocery,1991,0
2648.59,5,18,1,1,0,0,124,524.41,Tamil Nadu,Electronics,1978,0
619.06,1,16,1,1,0,0,656,342.82,Kerala,Grocery,1978,0
478.15,16,3,2,1,0,1,49,494.38,Gujarat,Healthcare,1998,1
506.84,5,7,1,1,0,0,22,1196.84,Karnataka,Food,1976,0
981.25,21,2,1,2,1,0,26,4290.26,Delhi,Fuel,1979,1
564.08,8,16,1,1,0,1,163,1616.77,West Bengal,Education,1999,0
966.98,1,20,1,0,0,1,437,899.19,Karnataka,Grocery,1992,0
247.93,9,16,1,0,0,0,687,861.23,West Bengal,Electronics,1973,0
684.33,1,10,1,1,0,0,431,407.91,Kerala,Fuel,1987,0
1036.81,3,21,1,1,0,1,153,175.27,Kerala,Clothing,1974,0
180.8,7,6,1,0,0,0,526,462.68,West Bengal,Electronics,1973,0
625.0,3,13,1,0,0,0,76,2485.11,Rajasthan,Clothing,1992,0
7171.67,26,22,1,2,0,2,27,822.98,Karnataka,Travel,1993,1
1137.86,8,8,1,1,0,0,570,585.33,Gujarat,Fuel,1983,0
631.89,4,17,1,0,0,1,394,1664.86,Tamil Nadu,Food,1987,0
490.64,1,21,1,1,0,1,583,1629.24,Delhi,Electronics,1983,0
62.7,8,21,1,0,0,0,240,22.71,Delhi,Clothing,1997,0
612.17,3,13,1,0,0,1,37,314.77,Delhi,Food,1977,0
5975.48,25,1,1,0,0,0,2,1546.59,Gujarat,Travel,1985,1
849.73,14,5,3,1,1,1,44,3195.84,Rajasthan,Healthcare,1972,1
3435.36,2,14,1,1,0,1,569,368.94,Maharashtra,Clothing,1977,0
1748.12,25,23,2,2,0,0,17,2958.59,Telangana,Healthcare,1975,1
4338.14,8,17,1,0,0,1,659,694.6,Maharashtra,Electronics,1991,0
3631.38,5,9,1,0,0,0,486,25.74,Tamil Nadu,Food,1972,0
2387.59,7,8,1,1,0,1,227,995.02,Delhi,Healthcare,1974,0
1822.38,2,16,1,1,0,1,333,545.33,Rajasthan,Travel,1987,0
19.64,6,8,1,1,0,0,375,1132.85,West Bengal,Entertainment,1978,0
1603.88,9,16,1,1,0,1,560,1105.9,Gujarat,Fuel,1977,0
181.53,5,19,1,0,0,0,158,62.35,Gujarat,Fuel,1971,0
193.31,2,19,1,0,0,1,239,1313.3,Tamil Nadu,Clothing,1997,0
2430.42,16,5,4,2,0,1,28,3581.21,Rajasthan,Travel,1981,1
188.03,6,9,1,1,0,1,95,2664.45,Telangana,Education,1972,0
101.87,3,19,1,1,0,1,29,265.15,Gujarat,Utilities,1981,0
1442.6,1,21,1,1,0,0,526,154.64,Rajasthan,Fuel,1987,0
21007.17,6,22,2,0,0,1,23,2830.62,Karnataka,Fuel,1987,1
388.99,6,20,1,1,0,0,161,107.86,Tamil Nadu,Healthcare,1985,0
841.87,9,15,1,0,0,0,453,996.08,Gujarat,Grocery,1995,0
22.51,2,16,1,0,0,0,136,2022.02,Karnataka,Travel,1992,0
1349.2,9,15,1,1,0,1,652,531.87,Kerala,Fuel,1995,0
936.92,1,20,1,1,0,0,676,1710.33,Delhi,Healthcare,1972,0
281.64,9,18,1,1,0,0,727,240.03,Tamil Nadu,Electronics,1992,0
1161.33,2,8,1,1,0,0,156,95.15,Maharashtra,Grocery,1992,0
539.41,7,16,1,0,0,0,654,1182.32,Telangana,Healthcare,1998,0
217.83,8,13,1,0,0,1,514,502.55,Maharashtra,Utilities,1982,0
2944.24,18,23,2,1,1,2,8,5247.68,Gujarat,Education,1983,1
4530.35,9,11,1,1,0,1,644,1213.92,Uttar Pradesh,Food,1991,0
751.65,8,12,1,1,0,0,586,1878.14,Telangana,Clothing,1970,0
345.81,4,7,1,1,0,1,202,991.52,Uttar Pradesh,Clothing,1990,0
1112.17,8,14,1,1,0,1,398,1155.18,West Bengal,Education,1971,0
973.53,9,11,1,0,0,0,257,192.02,Rajasthan,Education,1998,0
979.12,4,15,1,0,0,0,708,183.06,Delhi,Utilities,1978,0
1913.56,6,14,1,0,0,0,457,880.82,Maharashtra,Healthcare,1975,0
360.1,2,21,1,1,0,1,629,1013.67,Gujarat,Healthcare,1981,0
312.42,8,14,1,0,0,0,177,744.94,Kerala,Travel,1973,0
367.81,9,13,1,1,0,1,225,83.07,Tamil Nadu,Clothing,1983,0
25.14,7,18,1,1,0,1,229,279.59,Kerala,Food,1983,0
2002.23,3,12,1,0,0,0,27,729.03,Delhi,Electronics,1998,0
508.69,4,16,1,0,0,1,167,44.38,West Bengal,Clothing,1991,0
575.07,9,6,1,0,0,1,262,734.58,Rajasthan,Fuel,1987,0
2300.92,6,16,1,1,0,1,614,1163.2,Delhi,Education,1997,0
629.48,4,14,1,1,0,1,393,398.31,Gujarat,Fuel,1987,0
3551.41,9,14,1,1,0,0,477,261.69,Telangana,Healthcare,1983,0
17.4,2,21,1,1,0,1,575,2132.81,Telangana,Food,1992,0
1122.32,5,16,1,1,0,1,74,238.42,West Bengal,Utilities,1976,0
776.87,7,8,1,0,0,1,688,446.64,Delhi,Electronics,1980,0
2275.06,9,21,1,0,0,0,616,2242.26,Karnataka,Utilities,1995,0
2191.89,8,17,1,1,0,1,362,380.08,West Bengal,Food,1990,0
138.21,5,6,1,0,0,1,166,483.32,Rajasthan,Food,1980,0
3281.93,5,17,1,1,0,0,680,894.47,Maharashtra,Education,1977,0
1463.87,1,13,1,1,0,1,622,873.47,Maharashtra,Healthcare,1982,0
237.07,5,21,1,1,0,1,19,2194.71,West Bengal,Clothing,1991,0
727.58,9,14,1,0,0,1,257,231.49,Karnataka,Entertainment,1988,0
1788.4,5,17,1,1,0,1,409,1842.95,Gujarat,Food,1970,0
81.61,6,16,1,1,0,0,97,70.89,West Bengal,Utilities,1974,0
856.4,9,20,1,1,0,0,662,444.6,Rajasthan,Food,1973,0
1302.27,6,20,1,0,0,1,6,1692.94,Gujarat,Education,1973,0
10.0,7,9,1,1,0,0,123,1897.87,Tamil Nadu,Utilities,1984,0
959.16,6,7,1,0,0,0,104,53.15,Telangana,Grocery,1994,0
177.39,9,19,1,0,0,0,326,1001.1,Kerala,Fuel,1982,0
4669.8,8,2,3,2,1,1,28,4936.17,Maharashtra,Healthcare,1971,1
1521.59,4,5,1,1,1,1,19,170.3,Kerala,Travel,1974,1
4125.25,6,8,1,1,0,0,227,1685.12,Kerala,Education,1981,0
12375.0,6,5,1,0,1,2,27,832.4,Uttar Pradesh,Travel,1982,1
722.05,1,14,1,0,0,0,212,2296.35,Kerala,Electronics,1990,0
347.43,6,11,1,0,0,1,68,233.69,West Bengal,Entertainment,1981,0
284.31,7,8,1,0,0,1,2,637.45,Rajasthan,Utilities,1992,0
591.67,1,7,1,0,0,0,361,597.77,Gujarat,Entertainment,1997,0
338.9,7,21,1,0,0,0,190,483.74,Delhi,Travel,1976,0
758.56,4,10,1,0,0,0,183,1651.89,Delhi,Travel,1970,0
1643.17,2,14,1,0,0,1,628,918.89,Rajasthan,Healthcare,1994,0
528.69,3,20,1,0,0,1,582,281.71,West Bengal,Healthcare,1976,0
1018.56,3,17,1,1,0,1,155,369.14,Maharashtra,Healthcare,1984,0
213.75,6,17,1,1,0,1,75,1557.15,Karnataka,Clothing,1974,0
10.0,9,8,1,1,0,0,528,1592.25,Delhi,Electronics,1973,0
466.09,1,21,1,1,0,0,300,494.01,Maharashtra,Grocery,1975,0
1278.16,3,11,1,0,0,1,709,292.29,Uttar Pradesh,Utilities,1983,0
3429.77,4,7,1,1,0,1,618,317.54,West Bengal,Entertainment,1998,0
1107.5,6,18,1,0,0,1,384,23.31,Karnataka,Clothing,1996,0
144.11,1,21,1,1,0,0,111,4383.77,Delhi,Grocery,1998,0
458.93,1,15,1,1,0,0,181,1534.31,Uttar Pradesh,Education,1975,0
4279.06,8,18,1,1,0,1,422,1001.05,Gujarat,Utilities,1982,0
1973.53,1,20,1,0,0,1,253,800.88,Telangana,Healthcare,1989,0
2014.85,4,21,1,1,0,0,338,649.12,Tamil Nadu,Electronics,1979,0
2101.54,28,1,1,0,1,0,9,6601.95,Delhi,Healthcare,1997,1
991.1,1,12,1,0,0,0,449,10.09,Tamil Nadu,Entertainment,1982,0
490.23,9,12,1,0,0,0,513,81.01,Kerala,Fuel,1983,0
318.95,8,20,1,0,0,0,95,517.64,West Bengal,Healthcare,1990,0
408.38,6,13,1,0,0,0,229,122.43,West Bengal,Entertainment,1999,0
146.78,7,19,1,1,0,0,720,4450.57,Delhi,Grocery,1978,0
2856.43,4,19,1,1,0,1,54,772.17,Gujarat,Travel,1987,0
739.85,10,5,2,2,0,0,33,6422.04,Telangana,Entertainment,1980,1
168.06,3,17,1,0,0,1,16,581.27,Tamil Nadu,Travel,1982,0
1216.93,6,14,1,1,0,1,172,1065.88,Karnataka,Education,1997,0
846.56,8,15,1,0,0,0,443,317.1,West Bengal,Utilities,1989,0
1548.75,6,21,1,0,0,1,145,105.4,Rajasthan,Education,1975,0
679.22,9,6,1,0,0,1,683,533.37,Kerala,Grocery,1989,0
1722.59,4,7,1,0,0,0,684,110.6,Uttar Pradesh,Grocery,1995,0
1538.78,4,16,1,1,0,0,257,572.6,Rajasthan,Food,1977,0
10.0,9,21,1,0,0,1,86,273.75,Delhi,Clothing,1987,0
1329.95,9,18,1,1,0,0,127,102.87,Karnataka,Healthcare,1990,0
1540.77,3,6,1,0,0,1,93,592.51,West Bengal,Entertainment,1988,0
3584.67,8,6,1,1,0,1,543,1771.75,Maharashtra,Education,1973,0
32.4,5,15,1,1,0,0,466,503.71,Tamil Nadu,Fuel,1973,0
1029.72,14,5,1,0,0,2,6,683.91,Karnataka,Grocery,1988,1
373.67,2,17,1,1,0,0,699,261.45,West Bengal,Entertainment,1992,0
508.99,9,7,1,1,0,1,28,185.11,Tamil Nadu,Travel,1996,0
784.94,3,8,1,0,0,0,347,1387.32,Uttar Pradesh,Fuel,1996,0
238.3,7,19,1,0,0,1,467,1126.27,Kerala,Electronics,1999,0
579.24,4,20,1,0,0,1,433,164.6,Tamil Nadu,Healthcare,1983,0
1657.53,1,6,1,1,0,1,528,584.21,Telangana,Fuel,1984,0
553.16,8,16,1,1,0,1,548,176.04,Rajasthan,Entertainment,1973,0
2023.42,4,13,1,1,0,0,159,834.78,Uttar Pradesh,Entertainment,1971,0
441.84,6,8,1,0,0,1,644,90.62,Uttar Pradesh,Food,1993,0
2101.82,2,12,1,0,0,1,188,4799.4,Kerala,Clothing,1982,0
224.13,2,9,1,0,0,0,635,115.5,Delhi,Travel,1985,0
256.98,8,12,1,0,0,0,717,503.6,Rajasthan,Travel,1995,0
441.69,5,16,1,1,0,0,368,742.73,Telangana,Entertainment,1970,0
1810.92,8,6,1,0,0,1,323,1661.46,Kerala,Food,1990,0
808.97,2,13,1,0,0,0,11,871.08,Uttar Pradesh,Electronics,1971,0
1861.16,7,6,1,0,0,1,24,834.67,Kerala,Food,1996,0
1724.49,5,14,1,0,0,0,593,680.59,Uttar Pradesh,Electronics,1971,0
1296.33,19,2,3,0,0,2,18,1352.68,Rajasthan,Grocery,1980,1
1013.25,9,4,1,0,0,1,3,2673.85,Rajasthan,Education,1970,1
1150.91,4,21,1,0,0,1,157,223.28,Delhi,Clothing,1981,0
401.63,1,16,1,1,0,0,482,479.42,Uttar Pradesh,Food,1993,0
3522.55,8,19,1,1,0,0,521,1181.1,Rajasthan,Travel,1989,0
581.85,7,11,1,1,0,0,229,32.91,Uttar Pradesh,Food,1994,0
1027.33,6,6,1,1,0,1,85,775.18,Rajasthan,Utilities,1980,0
364.53,3,13,1,0,0,0,324,546.11,Kerala,Food,1996,0
1316.02,7,12,1,0,0,1,127,374.89,Telangana,Fuel,1981,0
318.96,9,8,1,0,0,1,301,10.0,Uttar Pradesh,Travel,1980,0
2159.34,8,10,1,0,0,0,25,314.75,West Bengal,Entertainment,1989,0
231.51,9,16,1,0,0,1,109,1566.36,West Bengal,Travel,1971,0
52.52,6,17,1,1,0,1,416,1107.09,West Bengal,Utilities,1975,0
7585.77,3,13,1,1,0,1,164,758.26,West Bengal,Clothing,1979,0
320.22,6,9,1,1,0,0,423,918.99,Kerala,Healthcare,1974,0
377.16,4,17,1,1,0,0,425,2905.78,Maharashtra,Food,1983,0
146.42,3,8,1,1,0,1,96,3460.92,Telangana,Electronics,1998,0
294.71,5,11,1,1,0,1,53,246.95,Delhi,Education,1999,0
10.0,8,10,1,0,0,1,542,86.62,Delhi,Travel,1983,0
10.0,9,13,1,1,0,1,604,279.29,Telangana,Clothing,1992,0
2481.67,4,0,1,1,1,1,36,3389.54,Kerala,Electronics,1975,1
227.17,5,18,1,1,0,1,212,58.63,Kerala,Utilities,1994,0
1832.71,5,21,1,0,0,0,375,86.43,Maharashtra,Electronics,1990,0
125.87,6,9,1,1,0,0,579,1010.66,Telangana,Utilities,1987,0
958.91,1,11,1,0,0,0,413,661.0,Gujarat,Education,1984,0
2114.52,3,17,1,1,0,1,347,525.39,Uttar Pradesh,Healthcare,1993,0
3424.55,5,20,1,0,0,0,81,403.93,Kerala,Education,1986,0
503.91,1,19,1,1,0,1,408,512.69,Gujarat,Travel,1973,0
1315.81,8,8,1,1,0,0,37,90.73,Maharashtra,Utilities,1984,0
1899.1,8,17,1,1,0,0,654,27.42,Rajasthan,Fuel,1975,0
429.73,4,10,1,1,0,0,690,60.98,Gujarat,Entertainment,1993,0
375.01,5,21,1,0,0,1,515,1229.17,Karnataka,Entertainment,1985,0
903.29,7,20,1,0,0,1,572,350.38,Kerala,Fuel,1972,0
379.93,9,17,1,1,0,1,270,44.56,Delhi,Fuel,1974,0
1952.71,8,6,1,1,0,0,612,913.68,Uttar Pradesh,Entertainment,1978,0
64.7,3,20,1,0,0,0,66,198.06,Uttar Pradesh,Food,1987,0
518.93,9,17,1,1,0,1,372,1985.99,West Bengal,Grocery,1993,0
5066.58,7,20,1,0,0,1,257,359.34,West Bengal,Electronics,1974,0
868.67,9,7,1,0,0,0,526,1495.18,Tamil Nadu,Electronics,1986,0
3311.79,18,23,1,1,0,2,12,5166.11,Maharashtra,Entertainment,1979,1
586.0,6,21,1,0,0,0,572,147.78,Uttar Pradesh,Electronics,1995,0
10.0,3,9,1,1,0,1,201,1036.72,West Bengal,Education,1986,0
4748.96,1,11,1,0,0,0,245,222.21,Karnataka,Grocery,1993,0
12369.27,1,5,3,2,1,2,25,4003.88,Gujarat,Healthcare,1983,1
2004.43,3,16,1,1,0,0,161,165.96,Delhi,Electronics,1983,0
3648.78,5,21,1,1,0,1,410,537.14,Tamil Nadu,Education,1981,0
741.96,3,18,1,1,0,0,244,1063.26,Delhi,Clothing,1976,0
1789.08,2,6,1,1,0,1,327,76.77,Telangana,Utilities,1980,0
5484.23,4,3,3,1,1,0,51,5041.99,Rajasthan,Entertainment,1999,1
634.7,10,4,3,0,1,2,20,3977.94,Gujarat,Utilities,1994,1
542.94,2,15,1,1,0,0,366,2007.6,Delhi,Healthcare,1990,0
109.31,8,14,1,0,0,0,488,281.34,Tamil Nadu,Healthcare,1977,0
5222.23,4,19,1,0,0,1,377,861.72,Rajasthan,Healthcare,1975,0
2076.34,1,17,1,1,0,1,510,785.39,Delhi,Entertainment,1978,0
197.13,6,17,1,1,0,1,530,1986.41,Delhi,Fuel,1977,0
1627.61,9,13,1,0,0,1,474,397.11,Kerala,Clothing,1980,0
515.78,5,14,1,0,0,0,399,216.18,Kerala,Travel,1985,0
2014.2,7,9,1,1,0,1,352,1571.06,Maharashtra,Travel,1987,0
1122.7,3,8,1,1,0,1,547,203.4,Gujarat,Travel,1972,0
408.84,2,16,1,1,0,1,641,855.07,Gujarat,Healthcare,1978,0
587.2,8,13,1,0,0,1,287,416.07,Uttar Pradesh,Utilities,1994,0
84.65,1,7,1,0,0,1,287,686.81,Uttar Pradesh,Fuel,1989,0
347.55,7,6,1,1,0,1,682,1555.42,Kerala,Clothing,1970,0
254.71,7,8,1,1,0,1,717,2502.3,Maharashtra,Entertainment,1998,0
3001.41,25,3,4,2,0,0,31,11127.37,Tamil Nadu,Fuel,1973,1
1598.79,4,12,1,0,0,0,31,991.39,Tamil Nadu,Utilities,1991,0
110.84,4,16,1,1,0,0,350,719.78,Delhi,Education,1972,0
525.64,6,11,1,1,0,0,402,6956.46,Gujarat,Grocery,1988,0
10.0,1,20,1,1,0,0,669,651.35,Maharashtra,Education,1972,0
281.71,2,7,1,0,0,1,583,865.56,Kerala,Food,1979,0
580.53,4,12,1,1,0,1,209,632.96,Telangana,Healthcare,1994,0
105.33,6,19,1,0,0,1,435,3516.87,Karnataka,Clothing,1982,0
1186.31,8,14,1,1,0,0,685,605.31,Telangana,Clothing,1999,0
712.92,5,9,1,0,0,0,678,92.74,Delhi,Travel,1989,0
669.27,8,9,1,0,0,1,349,124.93,Maharashtra,Travel,1976,0
688.98,1,21,1,0,0,0,4,2999.04,Telangana,Utilities,1996,0
281.27,3,21,1,1,0,0,236,200.39,Kerala,Electronics,1975,0
270.26,1,10,1,0,0,0,124,1114.49,Karnataka,Healthcare,1989,0
313.93,3,7,1,1,0,1,292,3008.72,Delhi,Entertainment,1995,0
768.13,4,9,1,1,0,0,135,2508.05,Tamil Nadu,Entertainment,1982,0
768.87,17,4,4,1,1,1,7,4285.12,Kerala,Entertainment,1971,1
2315.38,26,3,3,1,1,0,58,18536.32,Tamil Nadu,Education,1981,1
1172.93,1,12,1,0,0,0,538,1411.27,Maharashtra,Clothing,1978,0
13646.55,5,3,3,2,0,0,6,1078.26,Rajasthan,Healthcare,1975,1
2212.28,7,14,1,0,0,1,550,3136.1,Kerala,Education,1993,0
864.09,2,11,1,1,0,0,143,520.9,Maharashtra,Electronics,1974,0
573.1,6,17,1,0,0,0,91,619.86,Uttar Pradesh,Healthcare,1991,0
569.67,9,19,1,1,0,0,497,621.19,Telangana,Clothing,1976,0
482.85,1,8,1,1,0,1,288,821.15,Maharashtra,Education,1984,0
2067.48,5,12,1,0,0,1,498,110.97,Karnataka,Electronics,1993,0
2312.22,3,15,1,1,0,1,282,1212.54,Tamil Nadu,Travel,1989,0
2533.35,9,18,1,1,0,1,478,117.1,Telangana,Electronics,1983,0
1063.45,6,9,1,0,0,1,498,86.02,Karnataka,Fuel,1971,0
1296.62,9,11,1,1,0,1,621,315.98,Telangana,Utilities,1996,0
528.36,7,21,1,0,0,1,677,1452.92,Delhi,Clothing,1995,0
174.27,5,6,1,1,0,0,428,277.73,Delhi,Healthcare,1991,0
1760.86,7,21,1,1,0,1,442,91.17,Karnataka,Utilities,1993,0
78.19,3,8,1,0,0,1,166,2226.68,West Bengal,Electronics,1978,0
424.59,1,15,1,0,0,0,245,240.34,Kerala,Grocery,1996,0
828.62,5,15,1,1,0,1,454,1584.64,Gujarat,Food,1981,0
97.75,8,9,1,1,0,0,63,3564.19,Delhi,Healthcare,1983,0
472.32,6,6,1,0,0,0,77,80.79,West Bengal,Entertainment,1973,0
964.22,4,6,1,1,0,1,287,480.11,Karnataka,Travel,1972,0
2543.26,6,8,1,0,0,0,697,3858.05,Gujarat,Healthcare,1991,0
2010.07,2,14,1,1,0,1,454,1430.11,Delhi,Entertainment,1986,0
62.96,7,13,1,0,0,0,96,1343.55,Kerala,Utilities,1996,0
1573.87,8,17,1,1,0,1,90,292.25,Karnataka,Food,1992,0
490.78,5,21,1,1,0,0,385,662.54,Karnataka,Travel,1970,0
2001.55,3,21,1,0,0,0,448,8514.25,Telangana,Fuel,1995,0
358.02,7,17,1,0,0,1,690,2574.79,Maharashtra,Grocery,1997,0
17465.03,25,4,2,2,1,0,47,3300.89,West Bengal,Electronics,1976,1
1449.64,3,17,1,1,0,0,264,126.25,Gujarat,Electronics,1979,0
243.01,4,10,1,1,0,0,117,833.26,Telangana,Travel,1982,0
526.97,8,8,1,0,0,1,613,10.0,West Bengal,Entertainment,1998,0
229.09,9,16,1,0,0,0,368,109.75,Rajasthan,Education,1994,0
778.69,4,10,1,1,0,1,116,107.75,Telangana,Clothing,1985,0
443.86,9,8,1,0,0,0,162,2574.85,Tamil Nadu,Entertainment,1986,0
3869.19,3,3,3,1,1,1,19,494.88,West Bengal,Utilities,1988,1
2578.02,2,10,1,1,0,1,215,151.58,Uttar Pradesh,Healthcare,1980,0
2373.98,7,18,1,0,0,1,687,2372.91,Uttar Pradesh,Fuel,1997,0
5072.16,2,20,1,0,0,1,591,202.78,Rajasthan,Entertainment,1979,0
1444.93,4,19,1,1,0,1,5,579.76,Uttar Pradesh,Utilities,1978,0
1471.05,8,19,1,1,0,0,594,303.77,Telangana,Grocery,1987,0
765.51,2,16,1,1,0,1,248,408.84,Tamil Nadu,Travel,1972,0
5670.34,20,23,1,1,0,2,18,6243.37,Uttar Pradesh,Utilities,1991,1
556.78,2,18,1,1,0,0,296,1726.11,Maharashtra,Fuel,1972,0
352.77,5,9,1,1,0,0,203,254.87,Kerala,Grocery,1974,0
1649.08,2,8,1,0,0,0,428,600.46,Telangana,Electronics,1974,0
438.01,5,21,1,0,0,0,293,820.64,Kerala,Grocery,1992,0
602.55,4,13,1,1,0,0,608,22.31,Rajasthan,Fuel,1998,0
1150.47,9,20,1,0,0,0,238,444.39,Rajasthan,Healthcare,1977,0
60.17,5,6,1,1,0,1,288,796.52,Rajasthan,Clothing,1972,0
1794.47,25,23,1,2,0,1,35,1680.51,Maharashtra,Healthcare,1989,1
3902.17,8,21,1,0,0,1,678,382.2,Kerala,Entertainment,1970,0
1609.42,3,17,1,1,0,1,292,126.58,Kerala,Travel,1992,0
1150.59,8,21,1,0,0,0,443,102.34,West Bengal,Education,1989,0
23.16,5,14,1,0,0,1,235,1775.72,Karnataka,Food,1995,0
2262.52,6,19,1,0,0,0,660,432.62,Rajasthan,Travel,1985,0
2272.21,4,20,1,1,0,1,153,632.98,West Bengal,Healthcare,1994,0
490.26,9,8,1,0,0,0,608,337.28,West Bengal,Food,1970,0
3665.44,9,17,1,1,0,1,412,55.96,Telangana,Electronics,1988,0
302.3,7,6,1,0,0,1,102,419.48,Gujarat,Fuel,1992,0
428.61,3,20,1,0,0,0,531,2131.87,Telangana,Healthcare,1973,0
1365.37,9,7,1,0,0,1,569,968.26,Gujarat,Healthcare,1984,0
1364.42,8,21,1,0,0,1,27,880.26,Maharashtra,Education,1989,0
4202.92,9,18,1,1,0,0,514,1635.37,Rajasthan,Education,1988,0
424.4,3,14,1,1,0,1,44,275.68,Kerala,Food,1980,0
759.02,7,7,1,1,0,1,687,121.59,West Bengal,Food,1990,0
770.86,5,8,1,1,0,1,512,512.29,Karnataka,Healthcare,1992,0
930.9,6,12,1,0,0,0,461,1627.52,Maharashtra,Education,1992,0
2777.96,2,17,1,0,0,1,253,377.05,Maharashtra,Food,1996,0
1265.02,7,14,1,0,0,0,251,1842.49,Kerala,Education,1998,0
2350.23,3,13,1,1,0,0,323,2169.93,Kerala,Clothing,1977,0
2351.81,7,7,1,1,0,1,391,384.82,Tamil Nadu,Fuel,1993,0
419.22,1,20,1,0,0,1,583,2543.48,Telangana,Entertainment,1987,0
196.35,7,9,1,1,0,0,531,1241.92,Uttar Pradesh,Food,1981,0
270.74,1,13,1,1,0,0,332,167.87,Tamil Nadu,Entertainment,1974,0
4983.9,3,8,1,0,0,1,31,78.01,Maharashtra,Education,1979,0
341.88,9,18,1,0,0,0,12,1708.47,Gujarat,Education,1987,0
73.02,9,10,1,1,0,1,498,3241.23,Gujarat,Healthcare,1973,0
756.3,4,21,1,1,0,0,328,2153.32,Tamil Nadu,Healthcare,1985,0
476.69,2,6,1,0,0,0,146,4114.61,Rajasthan,Fuel,1975,0
13.37,9,11,1,0,0,1,436,1414.0,Delhi,Entertainment,1996,0
1272.52,1,15,1,0,0,0,377,1257.39,West Bengal,Utilities,1974,0
10.0,5,17,1,1,0,0,26,828.47,Maharashtra,Fuel,1991,0
2364.56,8,16,1,1,0,0,282,321.17,Kerala,Grocery,1979,0
255.05,2,8,1,1,0,0,466,200.64,Rajasthan,Food,1970,0
829.79,3,16,1,0,0,0,305,954.63,Karnataka,Utilities,1970,0
4624.11,22,3,3,0,1,1,42,1511.34,West Bengal,Utilities,1979,1
2600.92,6,9,1,1,0,0,456,4843.41,Uttar Pradesh,Electronics,1978,0
3325.5,3,16,1,0,0,1,214,880.98,Delhi,Travel,1970,0
2342.34,8,22,3,2,0,1,36,330.93,Gujarat,Utilities,1974,1
1526.31,3,13,1,0,0,0,532,2841.26,Maharashtra,Utilities,1971,0
949.36,2,11,1,1,0,1,149,498.48,Uttar Pradesh,Utilities,1996,0
4688.87,7,14,1,1,0,1,120,330.45,Delhi,Education,1980,0
1303.24,9,16,1,0,0,0,245,1276.36,Telangana,Travel,1972,0
1839.0,7,10,1,0,0,0,464,132.69,Maharashtra,Fuel,1999,0
131.05,8,15,1,1,0,1,392,734.04,Uttar Pradesh,Clothing,1982,0
3030.23,2,5,2,2,0,1,42,2295.08,Maharashtra,Food,1984,1
5406.42,16,1,3,0,1,2,41,140.13,Telangana,Healthcare,1990,1
6048.88,7,7,1,1,0,0,41,852.94,Rajasthan,Healthcare,1996,0
3548.53,3,11,1,0,0,0,207,1278.29,Maharashtra,Electronics,1985,0
2715.6,5,7,1,1,0,0,401,947.2,Uttar Pradesh,Food,1976,0
84.94,8,20,1,0,0,0,9,1087.83,Uttar Pradesh,Fuel,1996,0
1251.7,6,18,1,1,0,0,383,786.47,Rajasthan,Utilities,1992,0
534.83,4,12,1,1,0,1,454,149.95,West Bengal,Food,1979,0
1045.23,6,19,1,1,0,1,495,281.08,Maharashtra,Electronics,1982,0
2456.99,7,20,1,0,0,1,575,602.05,Gujarat,Electronics,1994,0
3212.5,1,7,1,0,0,0,440,1953.74,Karnataka,Healthcare,1978,0
1453.24,5,21,1,0,0,1,701,70.57,Delhi,Entertainment,1971,0
1883.95,5,9,1,0,0,0,709,672.03,Gujarat,Utilities,1992,0
75.22,8,10,1,0,0,1,46,986.36,Delhi,Healthcare,1988,0
53.18,2,10,1,1,0,1,236,1872.98,West Bengal,Grocery,1993,0
404.97,3,8,1,1,0,0,92,720.97,Tamil Nadu,Fuel,1981,0
258.98,3,17,1,1,0,0,74,49.23,West Bengal,Education,1984,0
1004.32,1,15,1,1,0,0,182,1169.3,Karnataka,Utilities,1979,0
477.36,8,18,1,0,0,1,656,1572.13,West Bengal,Entertainment,1992,0
3460.55,8,17,1,1,0,1,676,2440.16,Uttar Pradesh,Travel,1999,0
391.84,7,18,1,1,0,0,649,326.16,Kerala,Travel,1993,0
2299.68,6,19,1,0,0,0,540,81.48,West Bengal,Fuel,1980,0
10.0,9,13,1,1,0,0,265,1548.89,Delhi,Grocery,1980,0
4036.65,7,15,1,1,0,1,345,189.78,Maharashtra,Fuel,1983,0
716.37,3,16,1,0,0,1,591,197.42,Telangana,Electronics,1980,0
999.33,3,19,1,0,0,1,294,3056.83,Maharashtra,Electronics,1986,0
655.71,5,17,1,0,0,0,672,600.68,Rajasthan,Healthcare,1978,0
129.57,6,14,1,1,0,0,44,385.75,Karnataka,Education,1992,0
1013.14,7,20,1,0,0,0,718,243.15,Tamil Nadu,Education,1986,0
74.38,4,15,1,0,0,1,240,237.19,Uttar Pradesh,Entertainment,1990,0
352.79,11,5,2,1,1,1,2,5210.37,Rajasthan,Travel,1971,1
96.18,9,8,1,1,0,1,604,2404.91,Tamil Nadu,Travel,1977,0
998.86,1,21,1,0,0,0,525,548.84,West Bengal,Education,1971,0
469.48,5,11,1,1,0,0,40,432.49,Telangana,Entertainment,1984,0
1774.98,9,13,1,0,0,1,453,1610.27,Delhi,Food,1984,0
190.66,7,21,1,1,0,1,556,82.68,West Bengal,Electronics,1974,0
2469.21,17,5,4,2,1,2,36,2025.68,Tamil Nadu,Entertainment,1983,1
1068.99,3,13,1,1,0,0,450,297.63,Kerala,Healthcare,1989,0
24.33,6,13,1,0,0,0,704,2409.54,West Bengal,Clothing,1974,0
341.29,3,13,1,1,0,0,506,414.73,Maharashtra,Fuel,1971,0
3256.29,3,19,1,1,0,0,482,1767.7,Karnataka,Fuel,1994,0
1450.45,4,15,1,0,0,1,310,1788.65,Tamil Nadu,Entertainment,1975,0
1822.19,9,11,1,1,0,1,232,1347.85,West Bengal,Grocery,1971,0
1905.04,7,21,1,1,0,1,68,452.27,Tamil Nadu,Fuel,1992,0
1070.28,2,16,1,0,0,1,63,1396.72,Karnataka,Fuel,1976,0
425.01,4,11,1,1,0,0,594,1636.16,Maharashtra,Utilities,1977,0
56.67,1,16,1,0,0,1,340,128.23,Rajasthan,Entertainment,1978,0
4024.32,12,2,2,2,1,2,24,2613.35,Gujarat,Grocery,1971,1
955.17,9,15,1,1,0,0,274,3033.55,Delhi,Fuel,1977,0
764.8,6,9,1,0,0,0,112,1065.58,Uttar Pradesh,Entertainment,1997,0
1256.67,8,8,1,0,0,0,174,427.52,Gujarat,Education,1976,0
567.07,6,21,1,0,0,0,694,501.9,Karnataka,Entertainment,1970,0
1235.2,4,12,1,1,0,0,477,94.18,Telangana,Healthcare,1989,0
3933.34,3,10,1,1,0,1,285,220.85,Kerala,Fuel,1996,0
1058.92,8,20,1,1,0,1,586,36.53,West Bengal,Grocery,1970,0
217.85,8,16,1,0,0,1,443,880.76,Kerala,Clothing,1985,0
1210.96,3,16,1,0,0,0,517,701.84,Delhi,Travel,1986,0
1332.39,4,8,1,1,0,0,55,970.52,Tamil Nadu,Education,1995,0
803.86,2,8,1,0,0,1,219,1410.33,Karnataka,Clothing,1992,0
219.76,3,17,1,0,0,1,157,60.92,Tamil Nadu,Clothing,1981,0
309.36,8,21,1,1,0,1,492,2117.69,Tamil Nadu,Clothing,1992,0
2616.68,4,14,1,1,0,1,258,55.7,Kerala,Education,1970,0
665.06,3,12,1,0,0,0,12,724.7,Rajasthan,Fuel,1981,0
877.98,6,21,1,1,0,0,521,246.43,Delhi,Utilities,1996,0
27.08,1,9,1,0,0,1,105,780.26,Gujarat,Clothing,1988,0
244.94,9,16,1,0,0,1,406,561.28,Maharashtra,Electronics,1987,0
472.24,9,20,1,0,0,1,349,2882.49,Karnataka,Entertainment,1989,0
4851.79,5,1,1,1,0,0,39,2897.97,Kerala,Electronics,1975,1
554.35,2,11,1,0,0,1,547,949.5,Tamil Nadu,Travel,1971,0
215.65,2,15,1,1,0,0,650,1387.0,Gujarat,Clothing,1971,0
1498.39,7,16,1,0,0,0,498,1325.37,West Bengal,Electronics,1986,0
2135.89,9,11,1,1,0,1,404,311.93,Telangana,Electronics,1996,0
746.21,9,11,1,1,0,0,54,356.56,Kerala,Electronics,1995,0
685.65,5,17,1,0,0,0,567,211.35,Tamil Nadu,Electronics,1980,0
481.86,2,15,1,1,0,0,357,219.84,West Bengal,Education,1998,0
243.69,7,21,1,0,0,1,243,636.12,Tamil Nadu,Education,1981,0
16938.3,27,4,1,2,0,0,3,827.31,West Bengal,Travel,1981,1
2158.87,4,14,1,0,0,1,375,216.01,Rajasthan,Education,1982,0
5492.2,6,19,1,0,0,0,228,1214.49,Kerala,Fuel,1981,0
527.26,7,17,1,1,0,1,432,1812.06,Delhi,Clothing,1978,0
7807.05,6,2,1,1,0,0,9,2360.43,Rajasthan,Utilities,1988,1
10.0,4,11,1,0,0,0,382,305.51,Telangana,Fuel,1982,0
3252.11,3,2,4,0,1,1,21,12549.52,Maharashtra,Education,1985,1
574.88,3,17,1,0,0,0,21,957.85,Maharashtra,Fuel,1976,0
3201.56,2,19,1,1,0,1,489,987.81,West Bengal,Travel,1971,0
645.48,1,20,1,0,0,1,285,2865.93,Telangana,Travel,1974,0
10.0,7,9,1,1,0,1,432,121.47,Karnataka,Grocery,1977,0
152.51,5,11,1,1,0,0,672,422.66,Karnataka,Clothing,1994,0
3175.51,2,19,1,1,0,0,706,2295.72,Gujarat,Healthcare,1979,0
322.29,1,17,1,1,0,0,94,167.97,Karnataka,Entertainment,1987,0
2043.51,2,6,1,1,0,1,43,126.43,Karnataka,Electronics,1974,0
801.4,3,16,1,0,0,1,446,973.79,Tamil Nadu,Clothing,1990,0
1867.59,9,18,1,0,0,0,363,440.14,Delhi,Electronics,1974,0
1128.3,5,12,1,0,0,1,524,733.59,Tamil Nadu,Utilities,1977,0
2205.26,8,21,1,0,0,0,92,182.36,Tamil Nadu,Clothing,1997,0
291.48,5,14,1,1,0,1,469,1019.12,Maharashtra,Healthcare,1993,0
136.4,7,9,1,0,0,1,481,1618.17,Karnataka,Healthcare,1998,0
1231.8,6,12,1,0,0,0,721,662.1,Tamil Nadu,Clothing,1977,0
2129.54,7,8,1,0,0,0,286,1105.76,Gujarat,Entertainment,1974,0
144.78,2,10,1,0,0,1,380,236.77,Delhi,Healthcare,1973,0
2726.39,4,18,1,0,0,0,60,1677.0,Delhi,Education,1997,0
16780.73,25,5,4,2,0,2,30,5737.61,West Bengal,Grocery,1989,1
1511.39,6,6,1,0,0,0,227,240.71,Rajasthan,Fuel,1996,0
176.46,9,13,1,0,0,1,407,52.84,Tamil Nadu,Travel,1985,0
139.37,4,16,1,1,0,0,631,1402.32,Rajasthan,Fuel,1993,0
581.45,6,13,1,0,0,1,479,582.36,Kerala,Utilities,1984,0
298.49,6,12,1,1,0,0,632,327.97,Maharashtra,Travel,1981,0
607.5,8,12,1,1,0,0,135,184.54,Telangana,Electronics,1975,0
2329.3,6,12,1,1,0,1,70,1600.29,Telangana,Entertainment,1996,0
4217.11,2,12,1,0,0,1,504,1060.4,Maharashtra,Utilities,1995,0
466.87,5,18,1,1,0,1,711,1842.56,Kerala,Electronics,1987,0
729.0,8,6,1,0,0,1,153,1201.43,Delhi,Utilities,1995,0
1542.79,8,20,1,1,0,0,177,263.38,West Bengal,Clothing,1988,0
279.91,6,17,1,1,0,1,587,417.29,Telangana,Entertainment,1984,0
63.85,7,19,1,1,0,0,220,373.31,Rajasthan,Grocery,1999,0
1184.39,2,16,1,1,0,0,537,160.42,Tamil Nadu,Electronics,1971,0
367.62,6,9,1,0,0,1,91,42.86,Karnataka,Education,1986,0
946.55,7,8,1,1,0,1,407,523.08,Rajasthan,Healthcare,1995,0
3608.15,7,8,1,0,0,0,355,1195.75,Karnataka,Healthcare,1997,0
1393.42,1,6,1,0,0,1,150,188.6,Maharashtra,Clothing,1981,0
534.31,8,13,1,1,0,1,1,447.25,Gujarat,Electronics,1996,0
10.0,2,13,1,1,0,1,482,80.5,West Bengal,Fuel,1978,0
162.39,8,11,1,1,0,1,564,1154.95,Telangana,Grocery,1973,0
98.64,4,13,1,0,0,0,447,520.53,Gujarat,Fuel,1973,0
2502.7,5,12,1,0,0,0,288,525.69,Tamil Nadu,Healthcare,1977,0
39.86,1,11,1,0,0,1,275,1416.6,Gujarat,Travel,1977,0
1751.75,1,6,1,1,0,1,299,1615.85,Rajasthan,Healthcare,1972,0
1847.77,8,12,1,0,0,0,27,2113.43,Karnataka,Healthcare,1994,0
2176.12,7,7,1,0,0,0,567,4320.98,Gujarat,Education,1992,0
1365.42,5,10,1,1,0,1,509,61.52,Rajasthan,Utilities,1999,0
5206.02,7,18,1,0,0,1,401,110.25,Telangana,Travel,1991,0
1599.71,1,18,1,1,0,1,31,324.41,Telangana,Education,1971,0
489.36,3,21,1,1,0,0,250,135.56,West Bengal,Healthcare,1977,0
306.06,4,6,1,0,0,0,675,95.32,Tamil Nadu,Food,1986,0
1663.25,8,18,1,1,0,0,397,62.43,Kerala,Travel,1994,0
70.67,7,20,1,1,0,0,259,554.68,Tamil Nadu,Travel,1992,0
200.28,7,9,1,1,0,0,450,462.72,Maharashtra,Education,1990,0
332.94,7,23,3,0,0,0,44,140.63,Telangana,Entertainment,1987,1
284.34,2,10,1,0,0,1,95,2242.83,Uttar Pradesh,Healthcare,1982,0
4279.49,3,10,1,1,0,0,221,1244.37,Tamil Nadu,Fuel,1988,0
1169.46,1,17,1,0,0,0,20,517.83,Maharashtra,Education,1997,0
677.84,4,10,1,0,0,1,137,156.47,Rajasthan,Clothing,1992,0
1932.21,4,13,1,1,0,1,230,586.82,Karnataka,Grocery,1977,0
176.12,4,15,1,1,0,1,534,1269.04,Delhi,Fuel,1993,0
752.81,5,9,1,0,0,0,654,1193.19,Telangana,Healthcare,1976,0
2811.14,9,6,1,0,0,1,644,2574.66,Maharashtra,Entertainment,1985,0
626.74,4,14,1,0,0,0,392,1823.94,Kerala,Grocery,1980,0
546.76,7,17,1,0,0,0,150,602.38,Delhi,Grocery,1996,0
2665.5,3,7,1,0,0,0,695,483.89,West Bengal,Education,1984,0
3459.78,2,19,1,0,0,1,717,63.78,Karnataka,Clothing,1988,0
589.21,9,3,1,2,0,0,34,673.79,Telangana,Entertainment,1974,1
2175.2,5,19,1,1,0,0,567,3089.94,Telangana,Healthcare,1970,0
2587.43,9,8,1,0,0,0,134,1963.26,Telangana,Entertainment,1993,0
3344.94,3,16,1,0,0,1,616,239.35,Gujarat,Utilities,1992,0
911.18,2,16,1,0,0,1,530,136.77,Gujarat,Education,1996,0
1052.47,3,10,1,1,0,0,508,1325.66,Delhi,Healthcare,1988,0
296.43,3,20,1,0,0,0,553,1208.68,Telangana,Food,1979,0
733.7,2,16,1,0,0,1,450,1703.5,Kerala,Travel,1988,0
9612.55,8,1,3,1,0,0,33,3803.53,Delhi,Food,1981,1
2094.83,9,16,1,1,0,0,598,261.79,Uttar Pradesh,Grocery,1978,0
1501.45,7,19,1,1,0,1,201,10.0,Rajasthan,Healthcare,1972,0
1683.34,6,12,1,1,0,1,312,1749.83,Telangana,Entertainment,1979,0
158.11,4,10,1,1,0,0,435,533.16,Rajasthan,Utilities,1978,0
776.15,5,20,1,1,0,1,10,1538.54,Karnataka,Clothing,1987,0
1392.4,9,16,1,1,0,1,661,85.03,Delhi,Electronics,1990,0
946.4,6,15,1,0,0,1,603,1663.58,Tamil Nadu,Food,1976,0
4607.05,9,15,1,1,0,0,629,201.2,Telangana,Fuel,1985,0
804.04,7,10,1,1,0,0,431,87.68,Karnataka,Clothing,1995,0
6107.19,24,23,3,1,0,0,54,2375.56,Kerala,Grocery,1979,1
3734.79,2,19,1,0,0,1,51,465.17,Rajasthan,Fuel,1985,0
3241.22,7,13,1,1,0,1,558,310.59,Telangana,Utilities,1975,0
59.93,5,13,1,0,0,1,264,1520.6,West Bengal,Clothing,1975,0
473.53,2,8,1,0,0,1,725,628.84,Telangana,Travel,1971,0
2249.1,1,18,1,0,0,0,9,163.62,Maharashtra,Clothing,1997,0
1533.38,1,16,1,0,0,0,134,1732.11,Rajasthan,Travel,1989,0
163.94,8,8,1,0,0,0,527,171.37,Uttar Pradesh,Grocery,1981,0
1194.14,7,12,1,1,0,0,477,29.49,West Bengal,Entertainment,1971,0
780.4,8,12,1,1,0,1,50,219.05,Gujarat,Clothing,1980,0
1833.33,1,11,1,1,0,1,58,1223.37,Maharashtra,Utilities,1991,0
2313.74,3,19,1,1,0,1,355,2441.51,Karnataka,Clothing,1989,0
1950.5,5,21,1,0,0,1,243,421.28,West Bengal,Entertainment,1972,0
5534.63,8,7,1,1,0,1,279,121.23,Tamil Nadu,Food,1999,0
22.1,7,7,1,1,0,1,38,103.76,Rajasthan,Utilities,1991,0
3369.67,7,9,1,1,0,0,488,494.67,Delhi,Grocery,1992,0
3775.74,3,14,1,0,0,1,563,689.49,Gujarat,Fuel,1972,0
407.81,8,10,1,1,0,1,157,239.41,Delhi,Clothing,1987,0
1109.42,2,17,1,0,0,1,676,64.52,Delhi,Fuel,1995,0
1182.47,7,17,1,1,0,0,130,491.96,Gujarat,Grocery,1986,0
303.57,6,18,1,0,0,1,714,1256.56,West Bengal,Food,1976,0
352.38,5,7,1,0,0,1,583,1883.7,Rajasthan,Education,1991,0
266.21,1,18,1,1,0,0,656,1448.14,Maharashtra,Electronics,1984,0
1562.73,8,8,1,1,0,0,557,1838.32,Maharashtra,Fuel,1995,0
210.48,6,20,1,1,0,0,618,2175.21,Delhi,Travel,1984,0
1306.38,8,10,1,0,0,0,651,766.95,Kerala,Education,1982,0
405.46,3,16,1,0,0,0,485,61.97,Rajasthan,Travel,1984,0
2191.26,3,20,1,1,0,0,578,1260.27,Karnataka,Travel,1987,0
558.35,3,21,1,0,0,0,179,1304.41,Maharashtra,Clothing,1976,0
2696.29,1,18,1,1,0,0,130,2649.51,Karnataka,Entertainment,1979,0
1263.03,3,14,1,0,0,1,685,3111.53,Delhi,Utilities,1988,0
7424.77,28,4,4,0,0,0,55,448.03,Rajasthan,Utilities,1983,1
792.24,6,9,1,1,0,1,34,1332.92,Kerala,Grocery,1991,0
295.28,9,20,1,0,0,1,255,1381.96,Gujarat,Utilities,1981,0
345.47,1,21,1,1,0,1,182,584.16,Delhi,Education,1998,0
509.26,3,13,1,1,0,0,11,709.24,Delhi,Utilities,1990,0
1448.23,20,2,1,2,0,1,18,3258.21,Maharashtra,Utilities,1972,1
722.14,4,20,1,1,0,0,280,3575.49,Karnataka,Food,1975,0
381.8,6,10,1,1,0,0,246,255.15,Gujarat,Clothing,1982,0
521.4,7,21,1,1,0,0,60,2238.84,Telangana,Travel,1985,0
1002.65,2,14,1,1,0,0,201,3493.81,Maharashtra,Education,1973,0
64.97,5,8,1,0,0,0,220,316.36,Gujarat,Electronics,1982,0
1037.46,2,7,1,1,0,0,340,1387.6,Rajasthan,Travel,1991,0
291.7,5,9,1,1,0,0,721,1268.87,Rajasthan,Clothing,1993,0
211.26,2,10,1,0,0,0,584,676.54,Maharashtra,Healthcare,1984,0
801.73,3,11,1,0,0,1,450,2285.35,Kerala,Education,1996,0
1588.98,1,14,1,0,0,1,592,1278.94,Rajasthan,Fuel,1997,0
1819.34,1,13,1,0,0,0,625,368.26,West Bengal,Education,1992,0
567.53,1,21,1,0,0,0,465,46.02,Uttar Pradesh,Food,1997,0
956.57,6,14,1,1,0,1,352,1558.42,Rajasthan,Clothing,1977,0
19.8,3,16,1,1,0,1,363,3255.22,West Bengal,Fuel,1975,0
413.3,6,15,1,1,0,1,498,11.74,West Bengal,Travel,1970,0
427.65,4,19,1,1,0,0,366,571.07,Tamil Nadu,Healthcare,1991,0
462.15,6,21,1,1,0,1,225,2423.65,Uttar Pradesh,Fuel,1991,0
837.81,2,14,1,0,0,0,688,938.21,Delhi,Grocery,1985,0
936.34,1,4,4,2,0,0,20,12922.31,Rajasthan,Healthcare,1985,1
656.93,9,17,1,0,0,1,21,418.24,Gujarat,Entertainment,1999,0
353.65,2,17,1,1,0,0,144,475.23,Karnataka,Healthcare,1978,0
1634.43,7,18,1,0,0,1,254,149.43,West Bengal,Entertainment,1980,0
171.33,5,15,1,1,0,1,92,602.73,Karnataka,Education,1990,0
1566.51,2,12,1,1,0,0,282,566.42,Telangana,Electronics,1978,0
236.74,6,20,1,1,0,1,6,1178.4,Karnataka,Food,1997,0
4631.99,6,21,1,1,0,0,171,1572.29,Telangana,Utilities,1986,0
72.95,1,21,1,0,0,1,583,1098.24,Tamil Nadu,Utilities,1981,0
1571.94,2,16,1,1,0,1,449,374.94,Tamil Nadu,Entertainment,1982,0
1505.45,2,21,1,0,0,1,446,2187.28,West Bengal,Electronics,1980,0
148.61,1,11,1,1,0,0,129,701.47,Tamil Nadu,Food,1998,0
925.98,9,10,1,0,0,0,663,1897.19,West Bengal,Electronics,1989,0
352.1,3,6,1,1,0,0,215,987.22,West Bengal,Travel,1970,0
1585.23,9,18,1,0,0,0,435,365.54,Karnataka,Clothing,1985,0
700.52,6,14,1,1,0,0,269,640.28,Rajasthan,Travel,1989,0
183.7,2,9,1,0,0,0,483,224.28,West Bengal,Travel,1975,0
1834.37,4,17,1,0,0,0,629,591.75,Kerala,Entertainment,1990,0
4618.81,13,5,3,1,1,0,35,3065.59,Kerala,Utilities,1979,1
591.79,1,12,1,0,0,1,144,122.61,Kerala,Electronics,1974,0
1464.9,9,20,1,0,0,1,204,47.32,Rajasthan,Entertainment,1988,0
838.67,1,7,1,1,0,1,394,1528.25,Karnataka,Food,1983,0
1618.48,8,16,1,0,0,0,487,2466.01,Telangana,Travel,1992,0
423.41,7,11,1,1,0,0,257,397.81,Delhi,Fuel,1971,0
3175.31,6,13,1,1,0,0,314,796.63,Rajasthan,Healthcare,1997,0
229.21,10,2,3,0,1,1,3,566.54,Tamil Nadu,Food,1998,1
167.18,9,9,1,1,0,0,491,2220.28,Rajasthan,Food,1981,0
2743.38,3,21,1,1,0,1,24,47.5,Tamil Nadu,Grocery,1972,0
1944.29,9,14,1,1,0,0,76,429.63,Gujarat,Travel,1984,0
108.6,1,19,1,0,0,0,458,925.3,West Bengal,Education,1982,0
601.61,5,12,1,1,0,0,377,2147.24,Delhi,Education,1975,0
854.39,2,21,1,1,0,1,303,842.17,Tamil Nadu,Healthcare,1988,0
596.45,2,13,1,0,0,0,569,168.18,Kerala,Education,1995,0
360.52,3,15,1,1,0,0,192,310.74,Kerala,Fuel,1979,0
152.73,6,12,1,1,0,1,403,389.57,West Bengal,Clothing,1977,0
1319.86,9,7,1,1,0,1,356,364.44,Gujarat,Education,1991,0
295.07,8,11,1,1,0,0,671,974.52,Kerala,Clothing,1995,0
2206.57,3,18,1,1,0,1,381,1098.71,Maharashtra,Education,1971,0
1489.6,9,8,1,0,0,0,467,484.81,Tamil Nadu,Clothing,1984,0
91.11,5,6,1,0,0,0,61,2159.78,Telangana,Education,1996,0
10.0,7,15,1,1,0,0,726,1784.83,Karnataka,Fuel,1978,0
5174.0,7,15,1,1,0,0,422,214.94,Gujarat,Travel,1992,0
334.05,6,16,1,1,0,1,520,1489.73,West Bengal,Electronics,1983,0
2402.79,3,7,1,1,0,1,684,308.47,Maharashtra,Grocery,1980,0
336.0,7,9,1,0,0,0,301,151.85,Karnataka,Clothing,1997,0
2991.17,6,21,1,0,0,1,686,158.69,Maharashtra,Entertainment,1974,0
421.33,2,12,1,0,0,1,518,1387.07,Kerala,Clothing,1975,0
681.91,4,6,1,0,0,1,486,785.42,West Bengal,Travel,1980,0
1250.34,2,16,1,0,0,0,1,32.73,Telangana,Entertainment,1977,0
636.65,1,11,1,1,0,0,139,1142.88,Tamil Nadu,Utilities,1970,0
323.29,6,21,1,1,0,1,209,327.38,Uttar Pradesh,Healthcare,1972,0
229.68,3,9,1,1,0,0,692,1345.95,Karnataka,Grocery,1985,0
2018.95,3,16,1,1,0,1,59,2136.98,Kerala,Utilities,1988,0
14117.35,28,5,4,2,1,0,4,2142.8,Maharashtra,Electronics,1993,1
2249.74,6,11,1,1,0,0,452,12.83,Delhi,Electronics,1990,0
3069.2,2,7,1,0,0,1,700,179.09,Tamil Nadu,Entertainment,1980,0
180.41,8,12,1,1,0,0,119,416.47,Delhi,Healthcare,1994,0
291.11,2,6,1,0,0,0,379,202.84,Delhi,Electronics,1977,0
711.39,6,16,1,0,0,0,46,4042.4,Kerala,Utilities,1998,0
1805.47,2,16,1,0,0,1,549,765.52,Karnataka,Entertainment,1980,0
2162.42,4,10,1,0,0,1,437,593.73,Kerala,Grocery,1998,0
3697.45,7,11,1,1,0,1,694,1209.35,West Bengal,Entertainment,1978,0
192.95,6,20,1,0,0,1,125,625.78,Rajasthan,Entertainment,1971,0
1101.86,8,18,1,0,0,1,94,1191.01,Karnataka,Utilities,1983,0
131.85,8,16,1,1,0,0,214,3057.33,Kerala,Utilities,1973,0
557.71,5,9,1,0,0,0,504,1836.31,Uttar Pradesh,Travel,1978,0
425.37,1,15,1,1,0,0,473,43.95,Telangana,Travel,1997,0
3325.96,2,16,1,0,0,0,529,97.66,Maharashtra,Clothing,1976,0
2010.0,9,15,1,1,0,0,707,235.82,Karnataka,Electronics,1978,0
921.63,9,17,1,0,0,0,164,1896.91,Karnataka,Entertainment,1989,0
1265.28,4,19,1,0,0,1,620,4984.53,Uttar Pradesh,Electronics,1976,0
556.19,4,16,1,0,0,1,139,591.56,Karnataka,Clothing,1986,0
516.15,3,8,1,1,0,1,66,19.4,Uttar Pradesh,Education,1971,0
3668.96,6,7,1,1,0,1,699,2184.44,Gujarat,Education,1996,0
1831.04,9,15,1,0,0,1,144,2571.12,Karnataka,Clothing,1998,0
648.23,3,16,1,0,0,1,340,286.47,Uttar Pradesh,Healthcare,1982,0
339.16,6,9,1,1,0,1,57,646.96,Gujarat,Electronics,1999,0
1340.95,5,19,1,1,0,1,290,342.16,Gujarat,Electronics,1980,0
70.79,6,6,1,0,0,0,60,1754.01,Gujarat,Clothing,1992,0
2154.61,8,17,1,0,0,1,415,311.53,Delhi,Food,1972,0
3718.16,3,9,1,0,0,0,619,499.96,Tamil Nadu,Travel,1981,0
913.93,2,21,1,1,0,0,674,1880.71,Kerala,Healthcare,1993,0
3431.58,6,10,1,1,0,0,572,1304.61,Gujarat,Travel,1994,0
782.19,4,10,1,0,0,0,221,95.92,Gujarat,Entertainment,1983,0
1316.58,8,10,1,1,0,0,82,27.22,Delhi,Food,1973,0
3463.16,12,5,4,1,1,0,51,2674.09,West Bengal,Electronics,1976,1
2758.92,9,8,1,1,0,1,388,535.25,Delhi,Fuel,1977,0
369.34,9,20,1,1,0,1,648,777.66,Tamil Nadu,Utilities,1995,0
1220.47,1,10,1,1,0,1,371,10.0,Uttar Pradesh,Electronics,1979,0
117.19,3,19,1,1,0,1,637,1698.32,West Bengal,Entertainment,1984,0
919.54,5,14,1,1,0,1,232,141.2,Tamil Nadu,Fuel,1985,0
2448.74,1,21,1,0,0,0,94,98.12,Karnataka,Clothing,1975,0
1896.6,8,6,1,0,0,0,59,1648.46,Tamil Nadu,Electronics,1996,0
1637.44,3,9,1,1,0,1,585,202.92,Karnataka,Clothing,1991,0
1091.19,4,7,1,0,0,1,219,1541.46,West Bengal,Healthcare,1987,0
140.81,8,6,1,0,0,0,184,1933.4,Delhi,Education,1994,0
1814.35,5,6,1,1,0,0,704,547.07,Uttar Pradesh,Travel,1997,0
1380.87,1,18,1,0,0,1,492,693.64,Gujarat,Travel,1989,0
256.9,4,6,1,1,0,0,418,421.78,Karnataka,Travel,1984,0
288.33,2,8,1,1,0,1,114,1158.96,West Bengal,Education,1997,0
465.89,9,12,1,0,0,1,672,1267.44,Kerala,Clothing,1976,0
292.4,9,6,1,1,0,0,259,3132.12,West Bengal,Entertainment,1978,0
625.44,1,6,1,1,0,0,418,325.06,Maharashtra,Electronics,1985,0
1008.99,5,9,1,1,0,0,107,1757.28,Rajasthan,Travel,1975,0
249.38,7,14,1,1,0,1,683,795.18,Uttar Pradesh,Grocery,1988,0
1216.41,9,12,1,1,0,0,269,1784.83,West Bengal,Travel,1979,0
759.8,3,10,1,1,0,1,73,695.43,Uttar Pradesh,Travel,1973,0
5219.96,4,16,1,1,0,0,195,2300.65,Karnataka,Education,1994,0
85.79,6,7,1,0,0,0,301,712.97,Telangana,Clothing,1991,0
999.36,6,7,1,1,0,0,180,3384.74,Maharashtra,Food,1996,0
485.49,6,16,1,0,0,0,231,195.37,Karnataka,Fuel,1990,0
2915.18,6,1,2,2,1,0,27,3590.32,Delhi,Education,1988,1
354.84,9,21,1,1,0,1,406,2282.69,Tamil Nadu,Utilities,1973,0
955.58,6,6,1,0,0,0,150,962.04,Maharashtra,Travel,1990,0
336.59,3,6,1,1,0,0,403,126.54,Delhi,Fuel,1989,0
339.79,4,9,1,0,0,0,403,620.95,Uttar Pradesh,Fuel,1979,0
4426.88,2,11,1,1,0,0,289,2460.12,West Bengal,Utilities,1979,0
283.92,8,6,1,1,0,1,439,172.77,West Bengal,Utilities,1991,0
799.21,5,19,1,1,0,1,259,755.04,Kerala,Utilities,1983,0
426.45,8,18,1,1,0,1,531,3491.53,Karnataka,Utilities,1982,0
4035.26,3,11,1,1,0,1,300,151.43,Maharashtra,Electronics,1991,0
258.61,8,15,1,0,0,0,101,363.42,Uttar Pradesh,Food,1977,0
494.96,1,13,1,1,0,0,348,1228.52,Tamil Nadu,Utilities,1987,0
881.56,2,18,1,1,0,0,321,254.17,Delhi,Electronics,1971,0
282.07,1,10,1,0,0,0,286,909.18,Delhi,Education,1994,0
438.17,1,17,1,0,0,0,642,1878.14,Tamil Nadu,Healthcare,1994,0
3114.58,9,16,1,0,0,1,526,3374.09,Tamil Nadu,Clothing,1999,0
1712.38,5,15,1,0,0,1,255,937.16,Delhi,Grocery,1978,0
1203.25,8,13,1,0,0,0,272,248.64,Maharashtra,Education,1992,0
1160.86,7,21,1,0,0,0,254,4558.88,Telangana,Healthcare,1992,0
1839.3,8,20,1,0,0,1,354,566.46,Delhi,Grocery,1987,0
2328.86,5,13,1,0,0,0,204,2802.73,Uttar Pradesh,Electronics,1980,0
650.4,4,11,1,1,0,1,309,2963.24,Uttar Pradesh,Electronics,1985,0
135.22,7,13,1,1,0,1,161,691.51,Uttar Pradesh,Travel,1990,0
655.33,3,18,1,0,0,1,139,1665.84,Rajasthan,Grocery,1986,0
3292.63,2,8,1,1,0,0,432,4565.61,Tamil Nadu,Education,1978,0
1064.26,7,16,1,0,0,1,683,99.73,Uttar Pradesh,Travel,1988,0
1131.92,6,15,1,1,0,0,591,3849.82,Tamil Nadu,Fuel,1994,0
350.77,4,10,1,1,0,0,626,706.75,Telangana,Education,1993,0
1084.0,8,6,1,0,0,1,655,1047.28,Telangana,Travel,1975,0
1021.51,6,6,1,0,0,0,559,380.7,Maharashtra,Entertainment,1982,0
8069.72,17,0,2,1,1,2,1,4582.09,Karnataka,Grocery,1974,1
2220.57,6,10,1,0,0,1,258,1091.01,Telangana,Entertainment,1993,0
80.23,3,12,1,1,0,0,81,2000.84,Gujarat,Clothing,1978,0
194.44,3,13,1,1,0,1,709,2774.56,Gujarat,Healthcare,1995,0
860.59,7,11,1,1,0,1,712,1682.43,West Bengal,Food,1971,0
49.14,3,11,1,0,0,0,319,1577.56,Rajasthan,Healthcare,1974,0
511.55,5,9,1,0,0,1,463,235.36,Kerala,Healthcare,1984,0
3574.11,13,0,4,2,0,2,33,2152.83,Rajasthan,Travel,1977,1
2065.43,2,21,1,0,0,1,426,23.26,Gujarat,Utilities,1998,0
650.25,4,19,1,1,0,1,268,1773.99,Gujarat,Grocery,1981,0
2559.63,1,17,1,1,0,0,71,2046.89,Maharashtra,Entertainment,1986,0
142.85,4,14,1,0,0,0,16,2241.47,Rajasthan,Education,1979,0
10.0,6,4,3,0,0,0,54,308.94,Telangana,Electronics,1986,1
12.94,5,15,1,0,0,1,12,440.14,West Bengal,Entertainment,1980,0
3000.36,3,17,1,0,0,0,478,109.4,Tamil Nadu,Utilities,1976,0
3400.75,5,7,1,0,0,1,114,1553.28,Maharashtra,Fuel,1986,0
266.34,5,9,1,0,0,0,717,61.5,Maharashtra,Clothing,1987,0
332.54,9,14,1,0,0,0,293,2182.74,Gujarat,Electronics,1993,0
118.72,5,18,1,1,0,0,656,1020.31,Telangana,Food,1982,0
1351.39,7,20,1,1,0,0,187,2268.56,Gujarat,Clothing,1991,0
3123.65,5,15,1,1,0,0,652,288.33,Maharashtra,Clothing,1971,0
2156.1,2,11,1,1,0,1,717,711.62,Tamil Nadu,Grocery,1971,0
1278.0,9,7,1,1,0,1,393,1493.7,Delhi,Utilities,1971,0
332.93,9,14,1,0,0,1,417,540.02,West Bengal,Clothing,1970,0
2999.7,5,2,2,1,0,2,9,779.07,Tamil Nadu,Utilities,1977,1
371.38,6,13,1,1,0,1,678,10.08,West Bengal,Entertainment,1972,0
6513.47,2,2,3,1,0,1,56,3087.61,Karnataka,Healthcare,1974,1
158.08,5,6,1,1,0,1,1,168.81,Maharashtra,Food,1971,0
309.67,1,18,1,0,0,0,252,1858.82,Karnataka,Utilities,1991,0
6247.17,9,11,1,0,0,0,378,3731.13,Telangana,Education,1987,0
373.86,9,19,1,0,0,1,595,1709.2,Telangana,Utilities,1989,0
2103.52,1,6,1,0,0,1,402,1291.96,Kerala,Entertainment,1992,0
788.87,6,8,1,0,0,0,543,314.65,Tamil Nadu,Utilities,1978,0
1423.53,8,6,1,0,0,1,354,613.64,Kerala,Clothing,1994,0
532.63,8,20,1,1,0,0,104,690.23,West Bengal,Education,1993,0
162.81,9,8,1,1,0,0,81,229.03,West Bengal,Clothing,1982,0
7758.3,19,23,4,1,1,0,15,2801.27,Maharashtra,Grocery,1990,1
2795.3,7,19,1,0,0,0,63,54.75,Karnataka,Utilities,1978,0
216.17,4,8,1,0,0,1,600,10.0,Delhi,Electronics,1999,0
14665.73,13,3,1,0,1,2,21,2504.86,Rajasthan,Food,1990,1
2343.46,1,16,1,0,0,0,540,1633.07,Tamil Nadu,Electronics,1980,0
280.36,7,18,1,0,0,1,497,1921.18,Rajasthan,Grocery,1986,0
100.09,3,20,1,1,0,0,523,600.32,Uttar Pradesh,Food,1978,0
2874.26,4,12,1,1,0,0,488,1163.08,Telangana,Entertainment,1997,0
2694.05,1,14,1,1,0,1,584,1866.16,Tamil Nadu,Grocery,1988,0
5383.49,8,11,1,1,0,1,297,249.37,Tamil Nadu,Healthcare,1970,0
603.6,8,11,1,1,0,1,32,1769.09,Karnataka,Electronics,1995,0
590.61,2,19,1,0,0,0,204,268.78,Telangana,Food,1979,0
2579.15,3,13,1,0,0,1,661,1635.69,Telangana,Food,1994,0
40.05,5,17,1,1,0,1,190,108.48,Delhi,Utilities,1991,0
114.47,7,6,1,0,0,0,479,4550.07,Maharashtra,Fuel,1970,0
2090.41,12,22,2,2,1,2,55,665.85,Delhi,Clothing,1979,1
1215.64,9,17,1,0,0,0,365,1460.06,West Bengal,Electronics,1971,0
4139.2,17,22,2,0,1,2,5,737.79,Uttar Pradesh,Clothing,1983,1
491.13,4,18,1,0,0,0,282,150.25,Gujarat,Travel,1970,0
157.98,1,11,1,1,0,0,620,177.81,Telangana,Electronics,1992,0
1280.16,7,21,1,1,0,1,370,265.35,Rajasthan,Utilities,1998,0
2924.77,6,10,1,1,0,0,704,29.41,Delhi,Healthcare,1981,0
1952.43,4,12,1,0,0,1,493,95.68,Tamil Nadu,Food,1970,0
678.55,7,15,1,0,0,0,214,71.43,Maharashtra,Education,1987,0
343.06,4,19,1,0,0,1,268,1314.11,Rajasthan,Education,1998,0
475.16,9,18,1,0,0,1,165,450.18,Rajasthan,Education,1974,0
7539.81,15,23,1,0,1,1,3,447.05,Kerala,Travel,1991,1
854.56,4,8,1,1,0,1,512,2278.97,Kerala,Education,1993,0
1179.05,5,16,1,0,0,1,117,2620.29,Uttar Pradesh,Food,1988,0
324.25,9,15,1,0,0,0,578,116.51,West Bengal,Fuel,1998,0
463.38,6,7,1,0,0,1,292,13.62,Karnataka,Clothing,1990,0
764.24,1,10,1,0,0,0,532,698.79,Gujarat,Utilities,1990,0
1941.68,7,12,1,0,0,1,679,152.31,Delhi,Utilities,1978,0
594.63,7,19,1,1,0,0,641,3505.59,Tamil Nadu,Clothing,1997,0
1370.17,2,7,1,1,0,1,494,1196.19,Tamil Nadu,Entertainment,1980,0
3344.35,9,11,1,1,0,1,71,683.93,Gujarat,Fuel,1999,0
277.63,7,15,1,1,0,0,200,1117.45,West Bengal,Food,1993,0
1210.57,2,9,1,0,0,0,33,485.53,Karnataka,Entertainment,1975,0
601.7,7,14,1,0,0,1,645,168.25,Uttar Pradesh,Fuel,1985,0
50.47,2,12,1,0,0,1,387,42.62,Rajasthan,Education,1976,0
194.18,1,19,1,0,0,0,697,1934.95,Maharashtra,Education,1995,0
212.24,3,21,1,1,0,0,101,610.91,Rajasthan,Healthcare,1974,0
480.28,8,8,1,1,0,0,695,47.43,Tamil Nadu,Fuel,1982,0
407.09,5,12,1,0,0,1,76,1322.52,Gujarat,Food,1999,0
1327.98,8,6,1,1,0,1,35,955.37,Maharashtra,Utilities,1985,0
810.48,2,16,1,1,0,0,502,62.19,Telangana,Clothing,1994,0
1386.92,8,11,1,0,0,0,620,1063.76,Delhi,Electronics,1983,0
332.0,9,21,1,1,0,0,274,2719.92,Karnataka,Electronics,1983,0
809.19,8,13,1,1,0,0,439,1468.55,Uttar Pradesh,Utilities,1997,0
379.85,6,12,1,0,0,0,303,432.11,Kerala,Fuel,1989,0
108.77,7,20,1,1,0,0,275,535.81,Maharashtra,Electronics,1971,0
118.04,5,12,1,1,0,1,78,457.38,Kerala,Electronics,1975,0
1206.85,2,12,1,1,0,1,94,468.49,Tamil Nadu,Fuel,1997,0
7018.67,12,0,1,0,0,0,52,1643.84,Gujarat,Education,1991,1
3065.13,4,7,1,1,0,1,324,710.14,Karnataka,Travel,1983,0
655.47,3,19,1,1,0,1,704,110.16,Karnataka,Utilities,1986,0
232.19,8,7,1,1,0,0,526,255.98,Uttar Pradesh,Travel,1999,0
1370.09,9,11,1,0,0,0,269,144.09,Karnataka,Education,1991,0
537.72,9,14,1,1,0,1,231,1577.43,West Bengal,Electronics,1972,0
54.62,8,21,1,0,0,1,298,320.41,Maharashtra,Electronics,1994,0
1422.18,7,20,1,0,0,1,627,626.99,Rajasthan,Food,1983,0
619.28,6,21,1,0,0,1,579,359.64,Karnataka,Healthcare,1970,0
1775.6,5,2,2,0,1,0,42,5403.71,Kerala,Grocery,1983,1
2067.28,5,10,1,1,0,0,628,989.48,Delhi,Entertainment,1992,0
334.51,6,15,1,1,0,0,136,2866.61,Maharashtra,Clothing,1989,0
230.21,7,12,1,1,0,1,275,5078.48,Delhi,Clothing,1978,0
41.13,2,19,1,1,0,1,45,1149.8,Maharashtra,Utilities,1982,0
1498.01,4,7,1,0,0,1,26,1621.51,Rajasthan,Electronics,1988,0
278.84,5,6,1,1,0,0,10,3786.93,Delhi,Electronics,1971,0
2670.95,8,13,1,1,0,1,456,322.33,Delhi,Healthcare,1981,0
1113.73,8,12,1,1,0,1,310,221.65,Tamil Nadu,Clothing,1974,0
27.02,8,9,1,1,0,1,62,2356.16,Telangana,Grocery,1970,0
1763.65,6,8,1,0,0,1,413,2637.18,Uttar Pradesh,Travel,1985,0
3191.54,6,16,1,0,0,1,700,2737.93,Kerala,Healthcare,1974,0
931.4,9,11,1,0,0,0,441,1081.66,Rajasthan,Food,1983,0
94.98,6,7,1,0,0,0,224,2153.3,Kerala,Grocery,1997,0
3006.9,2,13,1,1,0,1,250,824.96,Tamil Nadu,Entertainment,1995,0
596.55,3,9,1,0,0,1,573,881.02,Gujarat,Healthcare,1980,0
3067.46,7,16,1,0,0,0,185,3287.79,Uttar Pradesh,Electronics,1990,0
12366.24,11,4,2,1,0,2,31,415.59,Maharashtra,Food,1999,1
670.39,6,18,1,0,0,1,247,319.82,Delhi,Education,1984,0
446.47,8,19,1,1,0,0,15,268.77,Kerala,Food,1988,0
23.88,7,19,1,0,0,1,611,547.67,Uttar Pradesh,Utilities,1988,0
708.79,7,17,1,0,0,0,197,234.06,Uttar Pradesh,Education,1988,0
728.71,3,6,1,1,0,0,400,2060.31,Delhi,Entertainment,1970,0
1183.27,5,13,1,1,0,1,330,290.54,Rajasthan,Clothing,1979,0
286.69,4,16,1,0,0,1,216,1317.13,Maharashtra,Healthcare,1993,0
540.05,8,12,1,1,0,0,24,23.2,Maharashtra,Utilities,1978,0
490.42,3,21,1,0,0,0,417,2711.54,West Bengal,Healthcare,1977,0
275.26,9,18,1,1,0,1,568,193.92,Tamil Nadu,Education,1985,0
2500.24,1,21,1,0,0,0,682,1919.71,West Bengal,Food,1995,0
2997.85,7,9,1,1,0,1,628,452.79,Gujarat,Utilities,1991,0
640.47,9,18,1,1,0,1,499,495.48,Delhi,Grocery,1981,0
3577.12,8,10,1,1,0,0,117,1235.24,Karnataka,Healthcare,1977,0
580.0,5,20,1,0,0,0,295,171.31,Karnataka,Entertainment,1999,0
58.66,9,14,1,1,0,0,477,318.13,Kerala,Education,1979,0
1805.66,6,11,1,1,0,1,160,296.07,Telangana,Clothing,1990,0
2980.2,8,9,1,0,0,0,676,408.11,Kerala,Electronics,1976,0
622.77,8,20,1,0,0,0,499,39.94,Delhi,Food,1991,0
1239.97,4,8,1,1,0,0,543,578.42,Rajasthan,Utilities,1994,0
514.87,7,14,1,0,0,1,408,825.99,Karnataka,Grocery,1980,0
241.08,4,7,1,1,0,1,612,1508.08,Maharashtra,Education,1988,0
932.66,1,19,1,0,0,1,530,1699.87,Gujarat,Clothing,1996,0
2492.11,4,10,1,1,0,1,584,1114.11,Karnataka,Electronics,1977,0
2044.93,6,18,1,0,0,0,698,1120.61,Karnataka,Clothing,1990,0
697.64,9,19,1,0,0,0,543,718.85,Kerala,Education,1989,0
1127.82,9,18,1,0,0,1,689,1064.94,Gujarat,Clothing,1990,0
1589.03,8,6,1,1,0,1,533,1994.9,Delhi,Education,1997,0
1511.81,6,7,1,1,0,1,239,382.38,West Bengal,Food,1999,0
665.05,4,19,1,1,0,1,213,748.91,West Bengal,Entertainment,1972,0
179.81,8,16,1,0,0,1,664,357.17,Maharashtra,Grocery,1973,0
2180.01,2,13,1,1,0,0,115,1764.96,Rajasthan,Electronics,1997,0
7258.08,20,2,1,1,1,1,32,5554.28,Gujarat,Utilities,1988,1
2148.68,4,20,1,0,0,0,548,371.65,Uttar Pradesh,Grocery,1973,0
17.9,8,7,1,0,0,0,65,1425.17,Gujarat,Electronics,1977,0
10.0,2,21,1,1,0,0,690,13.44,Kerala,Food,1988,0
983.46,7,19,1,0,0,0,563,1483.7,Gujarat,Utilities,1978,0
831.01,8,17,1,0,0,1,192,106.33,Delhi,Entertainment,1991,0
63.19,6,15,1,0,0,0,389,1104.95,Gujarat,Fuel,1987,0
5246.04,17,22,4,0,0,2,19,3225.35,Tamil Nadu,Electronics,1978,1
10724.59,18,22,4,0,0,1,20,1285.18,Telangana,Education,1977,1
1214.82,9,16,1,1,0,1,85,2782.66,Telangana,Grocery,1991,0
2532.09,2,15,1,1,0,0,496,845.66,Gujarat,Food,1997,0
3194.69,2,9,1,0,0,1,434,475.74,Kerala,Fuel,1980,0
2211.17,3,18,1,1,0,1,503,235.92,Telangana,Grocery,1979,0
1790.82,5,8,1,0,0,0,604,810.63,Uttar Pradesh,Utilities,1993,0
454.81,5,10,1,0,0,1,24,356.99,Delhi,Grocery,1997,0
332.27,3,8,1,1,0,1,681,267.87,Maharashtra,Utilities,1995,0
494.98,6,20,1,0,0,0,724,1342.75,Kerala,Utilities,1981,0
155.19,2,21,1,1,0,1,108,2431.58,West Bengal,Education,1980,0
529.56,8,10,1,1,0,0,700,3656.78,Rajasthan,Food,1990,0
957.28,5,11,1,0,0,0,366,622.27,Gujarat,Healthcare,1983,0
843.3,2,18,1,1,0,1,444,568.6,Tamil Nadu,Entertainment,1974,0
691.58,9,18,1,0,0,0,211,1534.68,Kerala,Entertainment,1972,0
67.63,3,15,1,1,0,1,407,698.48,Tamil Nadu,Travel,1994,0
2443.84,16,23,2,0,0,2,46,5517.88,Karnataka,Entertainment,1996,1
790.82,4,16,1,0,0,0,488,913.27,Tamil Nadu,Utilities,1986,0
156.32,7,6,1,0,0,0,110,1259.73,Gujarat,Grocery,1994,0
529.03,6,15,1,0,0,0,320,447.52,Tamil Nadu,Entertainment,1991,0
176.34,5,8,1,0,0,1,447,427.1,Delhi,Clothing,1976,0
308.71,4,10,1,0,0,0,549,119.49,Karnataka,Electronics,1990,0
430.04,7,9,1,0,0,1,252,219.68,Gujarat,Food,1984,0
994.66,4,8,1,0,0,0,478,414.62,Maharashtra,Healthcare,1978,0
136.86,6,10,1,0,0,0,218,2004.23,Gujarat,Education,1981,0
1507.44,2,7,1,1,0,0,249,120.54,Rajasthan,Fuel,1992,0
826.19,5,12,1,1,0,0,256,10.0,West Bengal,Entertainment,1981,0
919.13,9,21,1,1,0,1,288,1537.56,Delhi,Travel,1984,0
4108.3,3,13,1,1,0,0,566,297.38,Tamil Nadu,Grocery,1995,0
790.27,5,20,1,1,0,0,660,363.66,Tamil Nadu,Utilities,1973,0
589.74,7,13,1,1,0,1,333,2178.82,Telangana,Grocery,1980,0
48.47,9,6,1,1,0,1,234,2050.92,Delhi,Utilities,1999,0
1052.32,1,10,1,0,0,0,680,421.56,Telangana,Healthcare,1981,0
210.82,2,9,1,1,0,1,595,192.03,Maharashtra,Travel,1974,0
3015.18,2,11,1,0,0,0,665,612.9,Delhi,Electronics,1972,0
1028.22,8,12,1,1,0,0,562,137.03,Kerala,Travel,1981,0
556.58,9,13,1,0,0,1,674,490.7,Delhi,Education,1983,0
2574.58,2,18,1,1,0,1,630,1915.88,Uttar Pradesh,Food,1970,0
194.19,2,12,1,0,0,0,584,402.85,Telangana,Clothing,1975,0
362.25,6,21,1,0,0,1,265,552.18,Kerala,Fuel,1975,0
793.82,3,16,1,1,0,1,598,20.73,Telangana,Electronics,1981,0
2641.98,4,21,1,0,0,0,436,148.42,Tamil Nadu,Education,1995,0
136.06,7,14,1,1,0,0,132,23.12,Uttar Pradesh,Travel,1991,0
131.93,4,17,1,1,0,0,357,834.62,Delhi,Entertainment,1993,0
5089.05,9,16,1,1,0,0,575,72.9,Uttar Pradesh,Utilities,1991,0
1103.22,6,8,1,1,0,1,531,3017.71,Uttar Pradesh,Travel,1971,0
4360.87,1,15,1,0,0,1,47,1569.77,Tamil Nadu,Entertainment,1975,0
345.56,3,7,1,1,0,0,58,338.14,Karnataka,Entertainment,1978,0
2873.63,4,12,1,1,0,0,377,57.06,Tamil Nadu,Education,1975,0
434.62,3,19,1,1,0,0,649,1850.81,Kerala,Travel,1973,0
934.61,9,21,1,0,0,0,653,1119.23,Tamil Nadu,Fuel,1999,0
2323.85,8,18,1,0,0,0,727,1839.54,Telangana,Healthcare,1999,0
237.95,3,10,1,0,0,1,482,2199.41,Uttar Pradesh,Entertainment,1988,0
2271.25,7,9,1,0,0,1,202,543.35,Delhi,Clothing,1992,0
1012.7,4,15,1,1,0,0,672,2188.51,West Bengal,Entertainment,1977,0
289.24,8,21,1,1,0,0,48,136.29,Rajasthan,Electronics,1987,0
1687.02,2,9,1,1,0,0,115,1609.77,Gujarat,Travel,1995,0
613.15,2,21,1,0,0,1,581,201.85,Delhi,Clothing,1990,0
2466.85,9,13,1,0,0,1,134,2670.71,Telangana,Clothing,1981,0
422.97,2,12,1,1,0,0,465,923.31,Delhi,Food,1996,0
564.46,7,19,1,0,0,1,414,2618.52,Uttar Pradesh,Utilities,1971,0
886.3,8,8,1,0,0,1,600,1015.01,Tamil Nadu,Healthcare,1986,0
7734.58,9,12,1,0,0,1,580,1213.88,Rajasthan,Food,1985,0
123.53,6,10,1,1,0,1,555,133.61,West Bengal,Travel,1990,0
171.19,1,13,1,1,0,0,292,1431.42,Delhi,Healthcare,1976,0
1719.76,1,18,1,1,0,0,659,2591.49,Kerala,Clothing,1987,0
956.66,3,10,1,1,0,1,359,1217.67,Rajasthan,Healthcare,1994,0
2457.8,4,17,1,1,0,1,422,958.0,Uttar Pradesh,Fuel,1985,0
3553.07,9,13,1,0,0,0,242,4124.77,Tamil Nadu,Food,1998,0
1445.13,8,14,1,1,0,0,338,624.87,Delhi,Utilities,1998,0
1405.42,8,14,1,1,0,0,425,3276.0,Telangana,Fuel,1996,0
430.68,5,20,1,1,0,1,683,272.07,Karnataka,Healthcare,1989,0
3463.35,3,20,1,1,0,1,426,1372.22,Karnataka,Utilities,1983,0
375.19,3,7,1,0,0,0,664,184.44,Maharashtra,Electronics,1982,0
4334.57,5,7,1,0,0,0,219,1667.0,Gujarat,Healthcare,1983,0
558.15,6,19,1,1,0,0,563,596.54,Gujarat,Travel,1998,0
1241.1,5,21,1,0,0,0,687,49.36,Uttar Pradesh,Education,1976,0
1057.67,7,8,1,0,0,1,278,549.49,Delhi,Utilities,1993,0
192.89,9,6,1,0,0,0,242,245.51,Kerala,Entertainment,1992,0
343.1,5,6,1,0,0,0,379,781.8,West Bengal,Clothing,1981,0
5472.17,3,17,1,1,0,1,708,1210.11,Maharashtra,Clothing,1984,0
177.68,8,14,1,1,0,1,40,2262.34,West Bengal,Education,1989,0
2394.13,3,13,1,0,0,1,551,174.3,Karnataka,Electronics,1990,0
204.0,1,17,1,1,0,1,487,442.18,Uttar Pradesh,Electronics,1979,0
1336.54,7,7,1,1,0,0,252,1881.39,West Bengal,Travel,1975,0
652.62,6,18,1,0,0,0,622,87.38,Uttar Pradesh,Clothing,1973,0
125.14,6,15,1,1,0,0,182,3109.72,Uttar Pradesh,Healthcare,1972,0
218.56,8,21,1,1,0,0,713,352.5,West Bengal,Education,1982,0
370.75,8,21,1,1,0,1,632,2210.59,Maharashtra,Food,1988,0
2984.54,2,20,1,1,0,0,643,2058.04,Uttar Pradesh,Entertainment,1989,0
1193.64,7,21,1,0,0,1,239,955.19,Uttar Pradesh,Grocery,1989,0
1497.3,6,16,1,0,0,0,390,1300.48,Kerala,Fuel,1983,0
12951.55,9,4,3,1,1,0,28,133.74,Rajasthan,Utilities,1996,1
1060.94,4,21,1,1,0,1,518,6391.01,Tamil Nadu,Food,1977,0
256.58,4,17,1,0,0,1,699,2001.54,Kerala,Electronics,1995,0
473.87,6,16,1,1,0,1,219,938.95,Gujarat,Healthcare,1995,0
3380.31,9,18,1,0,0,1,72,557.16,Maharashtra,Grocery,1978,0
757.78,9,16,1,0,0,0,274,24.83,West Bengal,Education,1991,0
2529.94,4,21,1,1,0,1,287,10.0,Karnataka,Electronics,1970,0
1221.28,9,7,1,0,0,1,132,2101.48,Karnataka,Travel,1981,0
705.34,3,19,1,0,0,1,374,670.28,West Bengal,Clothing,1975,0
563.3,7,21,1,0,0,1,603,666.15,West Bengal,Healthcare,1974,0
451.65,3,6,1,0,0,1,521,4076.92,Delhi,Electronics,1971,0
796.7,8,6,1,0,0,1,84,95.53,Maharashtra,Entertainment,1996,0
652.5,8,6,1,0,0,1,49,256.79,Uttar Pradesh,Clothing,1986,0
1363.08,1,9,1,0,0,1,474,1906.07,West Bengal,Electronics,1999,0
1254.71,1,7,1,0,0,0,211,2724.58,Rajasthan,Clothing,1988,0
1196.58,3,8,1,0,0,1,704,578.79,Rajasthan,Grocery,1975,0
1560.25,1,11,1,1,0,0,623,10.0,Telangana,Education,1974,0
240.65,9,20,1,0,0,0,526,549.73,Telangana,Education,1981,0
3476.89,9,17,1,0,0,0,383,1467.4,Rajasthan,Grocery,1978,0
866.27,3,15,1,0,0,0,655,347.89,West Bengal,Clothing,1983,0
1001.91,7,21,1,0,0,0,86,450.27,Gujarat,Education,1980,0
3061.87,7,1,2,0,1,0,15,449.74,Uttar Pradesh,Education,1987,1
1447.19,6,21,1,0,0,0,709,824.06,Tamil Nadu,Travel,1974,0
2534.46,3,19,1,1,0,0,76,3271.81,Maharashtra,Healthcare,1975,0
1459.24,4,13,1,1,0,0,360,374.59,Telangana,Travel,1985,0
3830.27,2,15,1,0,0,1,171,516.76,Tamil Nadu,Education,1995,0
734.96,1,10,1,0,0,1,126,1539.68,Uttar Pradesh,Education,1976,0
575.56,1,17,1,1,0,0,51,253.01,Uttar Pradesh,Entertainment,1988,0
402.23,4,11,1,0,0,1,688,636.19,Rajasthan,Entertainment,1995,0
4361.81,6,20,1,1,0,1,574,1089.36,West Bengal,Healthcare,1994,0
788.65,8,9,1,0,0,1,339,129.14,West Bengal,Electronics,1972,0
1955.04,1,11,1,1,0,0,82,2310.97,Telangana,Entertainment,1981,0
1713.05,3,7,1,1,0,1,483,4128.2,Maharashtra,Education,1982,0
493.51,2,11,1,0,0,0,504,631.42,Uttar Pradesh,Electronics,1976,0
1635.48,6,20,1,0,0,0,553,3693.53,West Bengal,Travel,1978,0
1029.46,9,7,1,1,0,0,628,1065.24,Gujarat,Travel,1986,0
2629.46,3,16,1,0,0,1,331,2962.03,Rajasthan,Education,1974,0
1595.65,8,21,1,1,0,0,108,10.0,Rajasthan,Entertainment,1997,0
888.43,9,7,1,1,0,1,142,745.86,Maharashtra,Healthcare,1995,0
1327.33,8,19,1,1,0,0,316,877.07,Rajasthan,Utilities,1999,0
588.28,3,20,1,0,0,1,47,280.61,Karnataka,Healthcare,1970,0
4837.5,12,2,3,1,1,0,40,9212.33,Maharashtra,Clothing,1986,1
224.46,7,12,1,1,0,1,539,2076.97,Telangana,Food,1979,0
509.1,9,15,1,0,0,0,511,1195.15,Karnataka,Food,1978,0
1157.74,8,15,1,0,0,0,185,616.37,Gujarat,Fuel,1990,0
3749.26,15,4,1,2,1,2,4,1616.88,Rajasthan,Food,1988,1
538.51,9,21,1,0,0,1,577,421.31,Karnataka,Grocery,1993,0
2622.58,7,8,1,0,0,1,279,3262.19,Kerala,Clothing,1995,0
498.37,3,15,1,1,0,0,277,1524.31,West Bengal,Clothing,1978,0
566.5,1,19,1,1,0,0,237,294.85,Tamil Nadu,Food,1986,0
987.58,4,8,1,1,0,1,248,1541.72,Karnataka,Travel,1992,0
1286.84,2,18,1,1,0,1,239,1631.1,Gujarat,Grocery,1976,0
2388.37,7,20,1,0,0,1,289,227.6,West Bengal,Fuel,1987,0
136.67,8,9,1,1,0,1,675,1001.2,Gujarat,Fuel,1977,0
617.22,1,20,1,0,0,0,32,398.81,Telangana,Education,1973,0
224.09,3,16,1,0,0,0,288,2408.9,Karnataka,Grocery,1974,0
4707.62,8,8,1,1,0,1,15,1561.2,West Bengal,Grocery,1982,0
499.71,3,13,1,1,0,0,165,788.39,Tamil Nadu,Fuel,1973,0
791.12,1,19,1,0,0,1,601,1723.16,West Bengal,Fuel,1976,0
1658.55,3,8,1,0,0,0,4,3398.8,Delhi,Grocery,1996,0
1693.87,6,11,1,0,0,1,332,3081.82,Karnataka,Healthcare,1981,0
1552.54,1,20,1,1,0,1,675,678.23,Gujarat,Utilities,1972,0
1032.07,6,20,1,0,0,1,139,778.47,West Bengal,Healthcare,1998,0
565.61,8,11,1,1,0,1,146,219.81,Gujarat,Travel,1992,0
962.68,5,1,2,0,0,0,1,2801.25,Maharashtra,Clothing,1970,1
2545.13,2,16,1,0,0,1,164,840.56,West Bengal,Education,1985,0
1745.44,7,14,1,1,0,1,162,554.09,Tamil Nadu,Travel,1979,0
2645.23,9,21,1,1,0,1,549,667.94,Tamil Nadu,Fuel,1992,0
6070.77,6,18,1,1,0,1,626,1301.62,Gujarat,Grocery,1979,0
164.95,7,9,1,0,0,1,316,1381.74,Gujarat,Fuel,1984,0
39.06,6,12,1,1,0,0,81,257.84,Maharashtra,Clothing,1970,0
29.29,1,7,1,1,0,1,75,1286.9,Telangana,Entertainment,1985,0
4064.21,7,10,1,1,0,0,244,10.53,Rajasthan,Grocery,1998,0
239.87,7,15,1,1,0,0,337,1615.06,Rajasthan,Healthcare,1999,0
512.43,9,8,1,0,0,0,93,317.12,Tamil Nadu,Travel,1974,0
813.27,1,17,1,1,0,0,83,829.29,Telangana,Entertainment,1991,0
3546.75,4,13,1,1,0,1,554,688.76,Uttar Pradesh,Food,1982,0
2048.42,9,14,1,0,0,1,462,924.3,Telangana,Utilities,1981,0
1763.96,4,6,1,1,0,0,225,223.92,Uttar Pradesh,Electronics,1995,0
3979.65,4,10,1,0,0,1,182,21.86,Maharashtra,Grocery,1979,0
1332.12,9,7,1,1,0,1,560,524.02,Kerala,Education,1984,0
2265.04,6,21,1,1,0,1,135,1708.14,Maharashtra,Travel,1999,0
1443.38,3,11,1,0,0,0,604,409.24,Rajasthan,Travel,1980,0
2124.07,9,8,1,1,0,0,31,709.29,Maharashtra,Utilities,1989,0
647.11,1,6,1,1,0,0,510,1429.77,Gujarat,Education,1987,0
3073.49,6,15,1,0,0,1,701,541.02,Telangana,Grocery,1974,0
5208.66,20,3,3,0,0,0,10,8631.39,West Bengal,Clothing,1988,1
184.5,2,20,1,1,0,0,160,60.56,Telangana,Travel,1972,0
1327.81,2,14,1,0,0,0,568,557.14,Maharashtra,Clothing,1989,0
393.62,7,10,1,1,0,1,405,152.07,Gujarat,Entertainment,1970,0
300.23,4,16,1,0,0,0,365,259.91,Tamil Nadu,Travel,1999,0
706.52,8,11,1,1,0,0,549,1038.67,Karnataka,Fuel,1971,0
1104.79,3,13,1,1,0,0,676,197.85,Gujarat,Healthcare,1995,0
954.92,3,4,3,0,1,1,6,589.6,Gujarat,Healthcare,1980,1
2190.12,8,23,1,1,0,1,50,3002.26,Karnataka,Education,1972,1
716.37,3,18,1,0,0,0,607,2448.55,Delhi,Entertainment,1994,0
1100.97,8,20,1,0,0,1,376,1051.16,Telangana,Travel,1992,0
399.82,8,18,1,0,0,0,112,412.08,Maharashtra,Fuel,1991,0
1418.89,6,13,1,0,0,1,350,114.74,Delhi,Entertainment,1982,0
359.99,6,19,1,0,0,0,204,542.05,Tamil Nadu,Grocery,1997,0
3056.12,1,16,1,0,0,0,515,1728.38,Gujarat,Fuel,1979,0
1550.38,7,17,1,1,0,1,696,5580.57,West Bengal,Travel,1979,0
895.44,3,20,1,1,0,0,652,2483.15,Gujarat,Education,1981,0
3182.5,2,6,1,0,0,0,29,1182.47,Maharashtra,Food,1975,0
1113.51,2,11,1,0,0,0,151,2349.54,Karnataka,Utilities,1992,0
257.98,2,10,1,0,0,0,75,658.91,Karnataka,Food,1983,0
255.54,3,18,1,1,0,0,494,195.83,Telangana,Fuel,1988,0
1668.73,9,6,1,0,0,0,20,19.28,Delhi,Healthcare,1987,0
3293.8,7,17,1,0,0,1,59,30.6,Maharashtra,Clothing,1977,0
364.86,7,11,1,0,0,1,594,411.22,Delhi,Clothing,1991,0
604.27,6,18,1,1,0,1,530,2422.07,Gujarat,Grocery,1990,0
966.46,9,10,1,0,0,0,366,306.87,Maharashtra,Grocery,1988,0
475.56,3,16,1,0,0,1,151,214.21,Tamil Nadu,Clothing,1977,0
2570.13,4,14,1,1,0,1,443,140.45,Gujarat,Healthcare,1997,0
261.47,5,8,1,0,0,1,453,32.87,Tamil Nadu,Entertainment,1994,0
491.16,5,19,1,0,0,0,484,596.72,Kerala,Electronics,1995,0
1063.97,7,14,1,1,0,0,596,911.77,Kerala,Entertainment,1975,0
2575.84,9,7,1,1,0,0,631,275.04,Karnataka,Food,1994,0
2747.53,7,21,1,0,0,1,71,428.44,Maharashtra,Utilities,1987,0
157.83,6,9,1,1,0,1,241,345.91,Maharashtra,Clothing,1979,0
123.08,3,8,1,0,0,0,89,264.46,Karnataka,Education,1988,0
16.69,7,19,1,1,0,0,208,675.77,Rajasthan,Education,1992,0
310.03,3,20,1,0,0,1,410,816.34,Gujarat,Healthcare,1980,0
160.69,8,14,1,0,0,1,494,557.58,Delhi,Utilities,1977,0
171.71,8,14,1,0,0,0,56,2241.46,Rajasthan,Clothing,1985,0
1817.16,8,9,1,1,0,0,718,182.45,Karnataka,Healthcare,1996,0
196.05,2,10,1,1,0,0,532,319.9,Tamil Nadu,Travel,1976,0
3159.28,2,11,1,1,0,0,194,560.51,Uttar Pradesh,Travel,1996,0
463.24,6,13,1,1,0,0,396,625.52,Kerala,Healthcare,1976,0
179.24,15,2,1,0,0,2,7,749.74,Karnataka,Electronics,1975,1
235.19,4,21,1,0,0,0,368,1165.49,Telangana,Fuel,1982,0
131.33,8,8,1,0,0,0,675,735.68,Gujarat,Clothing,1982,0
117.26,6,10,1,1,0,1,210,4237.04,West Bengal,Fuel,1975,0
3113.33,4,15,1,1,0,1,420,1202.51,Tamil Nadu,Food,1992,0
1119.36,5,9,1,1,0,0,487,302.04,Gujarat,Electronics,1970,0
5877.59,15,1,3,1,0,2,1,10709.45,Uttar Pradesh,Grocery,1971,1
1179.59,1,17,1,1,0,0,242,1444.37,Tamil Nadu,Fuel,1995,0
1668.27,5,8,1,1,0,1,241,1683.94,Gujarat,Electronics,1999,0
6575.28,6,0,2,2,1,1,58,463.89,Kerala,Clothing,1998,1
3418.42,7,8,1,0,0,0,500,919.02,Telangana,Entertainment,1973,0
2027.94,7,18,1,1,0,1,400,1535.73,Gujarat,Fuel,1970,0
2671.81,1,19,1,0,0,1,469,854.07,West Bengal,Electronics,1990,0
482.53,4,10,1,1,0,0,657,1947.89,Telangana,Travel,1986,0
542.32,7,13,1,0,0,0,571,437.21,Rajasthan,Utilities,1999,0
2535.34,3,10,1,1,0,0,679,1787.08,Rajasthan,Electronics,1976,0
1381.27,3,20,1,1,0,0,534,2050.44,Uttar Pradesh,Fuel,1972,0
1348.28,1,7,1,1,0,1,305,10.0,Uttar Pradesh,Clothing,1995,0
373.06,8,9,1,1,0,0,576,2366.13,West Bengal,Clothing,1984,0
2516.98,5,6,1,0,0,0,73,831.86,Karnataka,Healthcare,1972,0
741.12,2,13,1,0,0,0,203,302.09,Kerala,Grocery,1993,0
255.78,6,13,1,0,0,0,594,216.68,Tamil Nadu,Clothing,1995,0
350.28,1,16,1,0,0,1,590,134.78,Uttar Pradesh,Healthcare,1977,0
2278.4,3,11,1,1,0,0,187,329.85,Uttar Pradesh,Travel,1997,0
273.52,1,6,1,1,0,0,592,727.35,Rajasthan,Food,1987,0
622.23,5,18,1,0,0,1,539,1646.14,Gujarat,Entertainment,1972,0
1152.36,2,13,1,0,0,1,583,1093.16,Maharashtra,Utilities,1976,0
145.44,4,7,1,0,0,0,228,719.28,Maharashtra,Education,1979,0
1601.71,2,14,1,1,0,1,72,794.57,Gujarat,Entertainment,1997,0
4330.4,23,23,2,2,0,2,15,2733.78,West Bengal,Fuel,1989,1
83.24,7,10,1,1,0,0,23,1048.24,Tamil Nadu,Education,1970,0
3583.77,3,13,1,1,0,0,169,256.28,Maharashtra,Clothing,1993,0
630.95,9,18,1,0,0,0,318,783.12,Kerala,Electronics,1971,0
721.43,2,16,1,1,0,1,291,4260.22,Uttar Pradesh,Electronics,1997,0
383.15,7,18,1,0,0,1,46,3073.6,West Bengal,Entertainment,1992,0
1548.15,2,13,1,1,0,1,483,10.0,Telangana,Fuel,1993,0
365.14,26,2,2,0,1,1,33,6809.89,Delhi,Electronics,1971,1
921.93,2,15,1,1,0,0,428,811.52,Gujarat,Education,1978,0
393.77,4,16,1,1,0,0,43,2008.39,Delhi,Food,1971,0
2162.03,9,19,1,0,0,0,657,152.22,West Bengal,Healthcare,1974,0
656.26,4,8,1,1,0,1,718,115.61,Maharashtra,Healthcare,1994,0
784.57,8,21,1,0,0,0,343,376.11,Gujarat,Clothing,1990,0
46.84,4,11,1,0,0,1,411,26.93,Karnataka,Travel,1983,0
1706.47,3,21,1,1,0,0,105,467.58,Maharashtra,Travel,1984,0
4572.59,5,12,1,0,0,1,107,828.96,Telangana,Food,1988,0
982.34,4,20,1,0,0,0,651,283.77,Karnataka,Healthcare,1999,0
118.59,6,20,1,1,0,0,139,2277.5,West Bengal,Education,1985,0
575.01,4,21,1,0,0,1,455,576.64,Maharashtra,Utilities,1983,0
108.24,7,6,1,1,0,1,374,56.31,Maharashtra,Entertainment,1982,0
1621.31,9,18,1,0,0,1,276,208.91,Uttar Pradesh,Entertainment,1994,0
534.22,1,9,1,1,0,1,510,309.76,Delhi,Travel,1999,0
299.61,5,11,1,1,0,1,257,174.35,Maharashtra,Electronics,1998,0
291.03,3,9,1,1,0,1,71,366.04,Tamil Nadu,Entertainment,1984,0
224.07,9,20,1,1,0,0,83,129.08,Rajasthan,Fuel,1996,0
7156.8,25,0,1,1,1,1,26,24.4,Rajasthan,Fuel,1991,1
798.22,4,11,1,1,0,1,484,475.74,Delhi,Healthcare,1993,0
282.48,2,21,1,0,0,1,536,2174.15,Telangana,Grocery,1975,0
2323.65,6,9,1,1,0,1,343,64.62,Rajasthan,Healthcare,1973,0
1298.31,2,6,1,0,0,1,124,364.11,Delhi,Clothing,1982,0
55.81,3,17,1,0,0,1,78,996.78,Delhi,Travel,1978,0
1194.25,8,18,1,1,0,1,336,2006.04,West Bengal,Grocery,1982,0
799.81,3,17,1,0,0,0,220,22.28,Gujarat,Travel,1991,0
2753.57,8,17,1,1,0,1,326,2286.25,Uttar Pradesh,Utilities,1992,0
1232.83,2,11,1,0,0,1,689,1353.65,West Bengal,Clothing,1980,0
113.06,4,18,1,0,0,0,424,1617.62,Rajasthan,Food,1999,0
357.46,1,11,1,0,0,1,617,1100.95,Tamil Nadu,Fuel,1974,0
11923.8,6,22,2,0,1,2,47,8804.96,Kerala,Grocery,1995,1
309.77,1,11,1,0,0,0,668,1049.43,Uttar Pradesh,Healthcare,1991,0
2873.15,4,14,1,0,0,1,8,1633.05,Maharashtra,Food,1982,0
534.69,9,15,1,1,0,1,706,2035.32,Kerala,Food,1986,0
1258.62,1,12,1,0,0,1,569,1540.13,Maharashtra,Healthcare,1996,0
454.81,4,18,1,1,0,0,545,10.0,Karnataka,Utilities,1985,0
2981.26,14,3,2,0,1,2,30,3662.42,Tamil Nadu,Education,1987,1
447.07,5,9,1,1,0,0,224,3875.14,Kerala,Entertainment,1974,0
4068.74,1,16,1,0,0,0,194,1015.01,Gujarat,Fuel,1987,0
519.72,7,8,1,0,0,1,180,2454.66,Uttar Pradesh,Healthcare,1988,0
412.5,7,19,1,0,0,0,446,612.14,West Bengal,Food,1982,0
109.11,4,18,1,1,0,0,54,297.31,Karnataka,Education,1977,0
3094.7,8,7,1,1,0,1,511,1427.45,Kerala,Grocery,1991,0
11595.75,19,1,1,0,0,0,18,1203.24,Uttar Pradesh,Grocery,1991,1
1691.13,8,12,1,1,0,1,506,3832.26,Uttar Pradesh,Education,1971,0
652.4,1,20,1,0,0,1,222,1898.61,West Bengal,Healthcare,1984,0
980.93,9,14,1,0,0,0,260,1649.43,West Bengal,Utilities,1979,0
134.76,7,6,1,1,0,1,151,246.64,Gujarat,Utilities,1973,0
725.08,3,20,1,1,0,0,653,537.15,Gujarat,Travel,1971,0
10.0,2,8,1,1,0,1,594,1415.65,Tamil Nadu,Grocery,1996,0
992.23,7,13,1,0,0,1,572,839.46,Uttar Pradesh,Clothing,1991,0
2206.24,5,10,1,0,0,1,228,1401.08,Telangana,Grocery,1979,0
264.83,9,19,1,0,0,0,646,72.54,West Bengal,Fuel,1993,0
1032.22,7,8,1,0,0,0,476,699.12,Gujarat,Entertainment,1990,0
264.51,4,10,1,0,0,1,154,1544.4,Karnataka,Travel,1983,0
353.33,4,15,1,1,0,0,517,313.04,Delhi,Food,1990,0
1918.72,4,17,1,0,0,1,573,2223.41,Gujarat,Education,1984,0
1353.29,5,6,1,0,0,0,654,587.65,Kerala,Food,1973,0
241.27,3,17,1,0,0,1,621,220.61,Maharashtra,Electronics,1997,0
88.09,3,15,1,1,0,1,375,1608.93,Uttar Pradesh,Fuel,1970,0
340.16,1,9,1,0,0,0,497,3219.65,Tamil Nadu,Fuel,1970,0
3092.62,1,13,1,0,0,0,127,349.11,Gujarat,Fuel,1972,0
148.33,2,14,1,1,0,0,378,159.32,Uttar Pradesh,Food,1994,0
421.09,1,13,1,1,0,1,292,1572.94,West Bengal,Fuel,1980,0
265.74,7,10,1,1,0,1,617,65.81,Uttar Pradesh,Entertainment,1984,0
3289.64,1,17,1,1,0,0,276,1389.5,Delhi,Food,1996,0
114.08,8,19,1,1,0,1,333,1734.56,Uttar Pradesh,Travel,1978,0
2228.51,6,10,1,0,0,1,419,1623.38,Tamil Nadu,Clothing,1983,0
116.21,7,18,1,0,0,0,553,296.54,Gujarat,Healthcare,1999,0
1692.96,8,12,1,1,0,0,273,3714.45,Tamil Nadu,Clothing,1984,0
760.04,9,14,1,1,0,1,486,806.11,Telangana,Entertainment,1996,0
1383.04,3,20,1,0,0,1,191,3430.72,Gujarat,Education,1987,0
445.44,6,16,1,0,0,0,379,1020.7,Telangana,Travel,1971,0
1718.93,3,15,1,1,0,1,15,1592.62,Uttar Pradesh,Fuel,1980,0
1909.37,2,17,1,1,0,1,243,131.21,West Bengal,Entertainment,1985,0
11.01,3,14,1,0,0,0,99,1965.07,Rajasthan,Grocery,1982,0
3280.36,9,6,1,1,0,1,182,556.36,Telangana,Travel,1995,0
287.69,5,10,1,1,0,0,176,381.18,Tamil Nadu,Healthcare,1985,0
922.35,7,12,1,0,0,0,66,141.35,Rajasthan,Entertainment,1984,0
139.15,8,12,1,1,0,0,214,1132.26,West Bengal,Healthcare,1978,0
3010.04,6,11,1,1,0,1,377,1891.36,Karnataka,Fuel,1970,0
711.36,2,15,1,1,0,0,95,1257.22,Uttar Pradesh,Entertainment,1978,0
1896.68,3,17,1,1,0,1,194,260.1,Gujarat,Fuel,1992,0
595.86,8,20,1,0,0,1,267,222.42,Tamil Nadu,Clothing,1996,0
1019.27,7,8,1,0,0,1,108,253.22,Telangana,Electronics,1984,0
3687.24,4,6,1,0,0,1,547,3022.98,Rajasthan,Clothing,1990,0
789.31,2,17,1,0,0,1,402,1635.8,Telangana,Food,1995,0
13349.43,22,1,1,0,1,1,20,606.44,Kerala,Healthcare,1970,1
2089.07,3,21,1,1,0,0,251,721.47,West Bengal,Food,1982,0
1003.51,9,10,1,0,0,0,686,2861.43,Maharashtra,Fuel,1994,0
535.02,2,21,1,0,0,1,288,170.73,Gujarat,Healthcare,1979,0
2862.22,13,1,4,1,0,2,20,3131.06,Kerala,Travel,1996,1
559.98,9,18,1,0,0,1,137,310.67,Delhi,Electronics,1997,0
1143.56,1,15,1,0,0,0,370,1769.01,Delhi,Healthcare,1999,0
2734.82,2,18,1,1,0,0,693,1764.99,Uttar Pradesh,Clothing,1977,0
19.47,2,15,1,0,0,1,467,2647.76,Telangana,Healthcare,1982,0
1135.58,7,6,1,0,0,1,209,970.29,Uttar Pradesh,Clothing,1994,0
275.13,4,21,1,1,0,0,269,1220.83,Tamil Nadu,Electronics,1995,0
2982.97,6,14,1,1,0,0,237,881.26,Karnataka,Food,1998,0
474.07,6,12,1,0,0,1,94,617.35,Gujarat,Grocery,1982,0
311.23,6,16,1,1,0,0,561,52.51,Maharashtra,Travel,1976,0
57.99,4,6,1,1,0,1,441,2754.9,West Bengal,Entertainment,1985,0
981.97,9,16,1,1,0,0,631,912.5,Kerala,Fuel,1989,0
4504.46,6,7,1,0,0,0,108,776.33,Rajasthan,Education,1978,0
2798.79,4,19,1,0,0,1,608,1127.99,Karnataka,Healthcare,1989,0
574.37,7,20,1,0,0,1,627,5731.65,Delhi,Healthcare,1980,0
2138.79,2,14,1,0,0,1,649,215.44,West Bengal,Fuel,1988,0
1369.53,4,10,1,1,0,0,29,906.4,Karnataka,Food,1981,0
227.12,4,14,1,0,0,0,111,707.5,Uttar Pradesh,Entertainment,1999,0
1314.74,9,19,1,1,0,0,197,457.71,Tamil Nadu,Travel,1988,0
9286.54,19,1,2,2,1,2,12,6215.89,Telangana,Utilities,1993,1
1478.49,5,7,1,0,0,0,475,641.59,Delhi,Entertainment,1970,0
1164.01,1,15,1,0,0,0,61,483.06,Delhi,Entertainment,1987,0
1367.23,9,21,1,1,0,1,556,884.17,Delhi,Entertainment,1988,0
3436.92,5,9,1,1,0,0,9,1241.69,Maharashtra,Education,1980,0
270.56,2,16,1,0,0,1,153,215.53,Gujarat,Travel,1994,0
20.54,3,7,1,1,0,0,67,1161.84,Telangana,Utilities,1980,0
145.71,5,19,1,1,0,1,67,2168.88,Uttar Pradesh,Electronics,1988,0
533.67,1,7,1,1,0,1,590,1894.23,Telangana,Travel,1988,0
579.75,3,11,1,0,0,1,589,816.2,Telangana,Food,1972,0
317.65,1,18,1,1,0,1,397,703.8,Maharashtra,Electronics,1973,0
996.1,4,13,1,0,0,0,503,417.25,Uttar Pradesh,Travel,1985,0
181.81,1,16,1,0,0,1,329,1614.26,Telangana,Food,1983,0
230.15,8,21,1,1,0,1,491,3206.94,Maharashtra,Travel,1977,0
712.75,6,18,1,1,0,0,201,403.84,Telangana,Electronics,1971,0
19.13,8,20,1,1,0,1,251,688.81,Gujarat,Travel,1993,0
59.34,5,9,1,0,0,0,97,1976.27,Maharashtra,Travel,1978,0
1674.1,3,12,1,0,0,1,644,1544.27,West Bengal,Grocery,1975,0
752.76,5,13,1,1,0,0,672,1882.8,Kerala,Fuel,1978,0
221.08,5,12,1,1,0,0,529,457.01,Gujarat,Entertainment,1992,0
558.51,4,21,1,0,0,1,350,752.92,Tamil Nadu,Utilities,1971,0
3767.55,14,2,2,1,1,1,57,9445.8,Telangana,Electronics,1972,1
675.6,2,15,1,1,0,0,299,546.49,Karnataka,Utilities,1976,0
2977.71,1,17,1,1,0,0,396,346.84,Karnataka,Healthcare,1980,0
1688.08,9,16,1,0,0,1,393,264.88,Uttar Pradesh,Utilities,1977,0
646.11,2,10,1,0,0,0,228,472.57,Delhi,Healthcare,1971,0
647.91,1,10,1,0,0,0,476,465.0,Gujarat,Education,1990,0
245.71,8,16,1,1,0,1,414,276.12,Delhi,Electronics,1979,0
789.41,9,21,1,0,0,0,541,344.64,West Bengal,Grocery,1981,0
527.52,3,15,1,0,0,0,87,228.29,Tamil Nadu,Electronics,1994,0
2069.2,1,5,1,1,1,0,28,5406.81,West Bengal,Healthcare,1972,1
767.85,8,6,1,0,0,0,678,2937.34,Uttar Pradesh,Electronics,1991,0
1786.18,5,7,1,0,0,1,357,1786.76,Maharashtra,Healthcare,1993,0
41.38,9,15,1,0,0,1,362,178.21,Uttar Pradesh,Utilities,1978,0
20722.59,6,4,2,1,0,1,28,311.68,Rajasthan,Clothing,1995,1
1513.02,3,7,1,1,0,1,86,1369.75,Gujarat,Grocery,1984,0
5975.76,5,22,3,0,0,0,24,6336.79,Gujarat,Travel,1985,1
2859.14,6,10,1,0,0,0,544,765.37,Karnataka,Travel,1987,0
3026.68,3,11,1,0,0,0,114,527.51,Delhi,Entertainment,1998,0
3188.52,1,20,1,0,0,1,6,2328.2,Maharashtra,Clothing,1997,0
317.52,4,15,1,0,0,1,427,855.82,Rajasthan,Grocery,1979,0
2710.94,5,17,1,1,0,1,368,509.69,Telangana,Fuel,1999,0
3064.49,8,15,1,1,0,1,313,555.95,Uttar Pradesh,Healthcare,1984,0
61.73,6,21,1,0,0,1,427,1576.02,Kerala,Utilities,1997,0
4314.43,21,1,4,0,0,2,50,1174.35,Gujarat,Utilities,1970,1
231.28,2,10,1,0,0,1,419,521.77,Rajasthan,Electronics,1986,0
491.75,1,15,1,0,0,0,330,1607.1,Tamil Nadu,Travel,1987,0
564.43,3,19,1,1,0,0,534,1055.89,Tamil Nadu,Utilities,1972,0
930.97,4,12,1,1,0,1,506,2002.26,Rajasthan,Electronics,1986,0
1191.48,5,14,1,1,0,0,659,229.43,Uttar Pradesh,Clothing,1971,0
970.22,2,17,1,0,0,0,696,683.22,West Bengal,Travel,1977,0
166.15,6,16,1,1,0,0,491,911.91,West Bengal,Grocery,1984,0
1962.39,6,19,1,0,0,0,571,58.36,Kerala,Clothing,1995,0
795.71,6,6,1,0,0,0,123,1290.33,Karnataka,Electronics,1984,0
247.75,6,8,1,0,0,0,401,289.89,Maharashtra,Entertainment,1992,0
704.62,4,11,1,0,0,0,443,96.74,Maharashtra,Travel,1970,0
2248.3,7,7,1,0,0,1,200,1244.29,Maharashtra,Clothing,1988,0
2020.79,6,14,1,0,0,1,314,2658.22,Delhi,Entertainment,1997,0
941.5,7,13,1,0,0,1,644,758.04,Maharashtra,Education,1981,0
1623.67,6,9,1,0,0,1,99,797.83,Tamil Nadu,Food,1996,0
227.76,5,9,1,0,0,1,445,2045.95,Tamil Nadu,Clothing,1998,0
8582.97,25,22,1,2,0,1,58,7633.01,Delhi,Electronics,1988,1
751.93,5,15,1,0,0,1,215,947.75,West Bengal,Clothing,1991,0
254.42,3,14,1,1,0,1,233,224.07,Gujarat,Grocery,1974,0
315.75,5,21,1,0,0,0,533,67.39,Uttar Pradesh,Entertainment,1988,0
1086.35,3,19,1,0,0,1,691,675.57,West Bengal,Electronics,1982,0
2335.98,2,13,1,0,0,0,430,1276.27,Gujarat,Clothing,1982,0
626.49,8,16,1,0,0,1,243,461.46,Delhi,Electronics,1972,0
1880.93,1,13,1,1,0,0,503,1007.98,Kerala,Fuel,1984,0
27157.95,22,2,4,0,0,1,43,5648.13,Telangana,Grocery,1999,1
167.55,9,19,1,1,0,1,385,2447.81,Delhi,Utilities,1980,0
3632.29,2,13,1,0,0,1,536,469.11,Rajasthan,Electronics,1997,0
682.94,1,15,1,0,0,0,6,2229.17,Kerala,Education,1984,0
967.63,2,16,1,1,0,0,191,2160.41,Maharashtra,Electronics,1995,0
131.76,7,10,1,1,0,0,398,940.08,Delhi,Utilities,1983,0
1241.81,6,18,1,1,0,0,349,780.3,Telangana,Grocery,1970,0
994.56,6,6,1,1,0,1,33,810.79,Karnataka,Food,1988,0
7267.91,2,10,1,1,0,1,624,23.95,Maharashtra,Travel,1986,0
9733.27,4,3,2,1,0,2,26,10721.91,Karnataka,Electronics,1974,1
973.5,2,21,1,0,0,1,598,1783.88,Maharashtra,Fuel,1981,0
166.25,5,13,1,0,0,1,116,320.08,Tamil Nadu,Utilities,1980,0
72.09,1,19,1,0,0,1,115,1058.15,Gujarat,Grocery,1994,0
497.5,1,12,1,0,0,1,28,1940.47,Gujarat,Clothing,1974,0
385.91,6,7,1,0,0,0,377,627.12,Gujarat,Electronics,1981,0
421.33,2,11,1,0,0,0,586,142.77,West Bengal,Travel,1984,0
884.02,6,12,1,0,0,1,196,393.0,Kerala,Food,1993,0
1771.37,6,6,1,1,0,1,672,193.07,Kerala,Grocery,1990,0
445.29,8,12,1,1,0,0,494,106.13,West Bengal,Entertainment,1982,0
3443.55,7,15,1,0,0,1,623,170.49,Uttar Pradesh,Travel,1994,0
384.23,3,9,1,1,0,0,53,2035.47,Rajasthan,Food,1977,0
988.86,5,13,1,0,0,0,313,297.02,Karnataka,Entertainment,1989,0
4055.09,9,9,1,0,0,1,582,1056.82,Delhi,Fuel,1975,0
17380.2,25,3,1,0,1,0,26,5379.86,Maharashtra,Grocery,1971,1
83.68,9,6,1,1,0,1,327,702.01,Telangana,Healthcare,1978,0
1062.62,4,8,1,0,0,1,516,1957.43,Karnataka,Utilities,1980,0
2296.66,1,17,1,0,0,1,95,530.74,Maharashtra,Fuel,1975,0
631.78,2,6,1,0,0,1,95,2019.68,Uttar Pradesh,Entertainment,1986,0
398.91,3,14,1,0,0,1,481,1813.68,Telangana,Healthcare,1994,0
635.01,6,12,1,1,0,0,252,215.15,Maharashtra,Entertainment,1977,0
1116.36,7,17,1,0,0,1,214,1500.28,Gujarat,Food,1981,0
988.94,4,10,1,1,0,1,364,3376.09,Gujarat,Utilities,1983,0
1392.74,4,9,1,1,0,0,135,10.0,Tamil Nadu,Food,1999,0
1629.11,7,5,2,2,0,0,25,707.53,Uttar Pradesh,Utilities,1988,1
160.25,2,7,1,1,0,0,567,603.23,Maharashtra,Travel,1984,0
1103.45,5,18,1,0,0,0,274,753.55,Telangana,Fuel,1975,0
89.3,9,11,1,0,0,0,83,280.76,Karnataka,Food,1999,0
274.16,1,12,1,0,0,0,481,73.63,Uttar Pradesh,Clothing,1991,0
5947.1,2,3,2,1,0,1,10,1716.62,Maharashtra,Electronics,1974,1
4346.58,8,7,1,0,0,1,615,336.28,Rajasthan,Grocery,1983,0
1467.68,2,9,1,0,0,0,391,56.15,Rajasthan,Electronics,1977,0
892.91,3,21,1,0,0,1,559,485.84,Telangana,Grocery,1988,0
1644.71,5,14,1,1,0,0,345,3066.98,Kerala,Electronics,1989,0
249.1,9,12,1,0,0,0,508,322.36,Tamil Nadu,Travel,1983,0
760.81,1,10,1,0,0,1,672,3266.64,Karnataka,Grocery,1998,0
38.76,1,13,1,0,0,0,574,211.67,Gujarat,Utilities,1989,0
1201.66,7,14,1,0,0,0,100,3045.8,Uttar Pradesh,Entertainment,1998,0
659.88,1,7,1,1,0,1,645,1693.26,Tamil Nadu,Entertainment,1992,0
8206.36,1,2,4,0,0,2,37,71.93,Rajasthan,Food,1999,1
1205.75,1,10,1,1,0,0,107,1002.37,Tamil Nadu,Travel,1971,0
198.39,6,14,1,1,0,1,474,206.64,Kerala,Fuel,1991,0
10.0,9,9,1,1,0,0,90,31.64,Uttar Pradesh,Fuel,1984,0
1821.8,1,12,1,0,0,0,424,1345.08,Gujarat,Utilities,1972,0
2228.0,9,11,1,1,0,0,540,107.25,Karnataka,Healthcare,1991,0
7539.05,10,1,3,0,1,0,17,7574.48,Delhi,Food,1999,1
620.27,3,19,1,0,0,1,25,1288.82,Tamil Nadu,Entertainment,1977,0
604.63,4,12,1,1,0,1,217,554.0,Tamil Nadu,Entertainment,1997,0
502.77,3,17,1,1,0,1,392,1126.0,Delhi,Electronics,1974,0
5834.35,5,23,1,2,0,2,11,384.85,Uttar Pradesh,Healthcare,1991,1
2288.46,8,9,1,1,0,1,443,423.86,Telangana,Food,1997,0
3339.69,26,22,2,1,1,1,3,12654.01,Gujarat,Clothing,1988,1
1240.17,3,16,1,0,0,0,66,917.3,Rajasthan,Food,1974,0
714.62,6,10,1,1,0,0,385,811.89,West Bengal,Travel,1978,0
24.87,7,19,1,1,0,0,670,103.69,Kerala,Food,1992,0
21365.11,24,2,1,2,0,0,2,2064.05,West Bengal,Fuel,1974,1
211.46,4,15,1,0,0,1,665,387.12,Gujarat,Travel,1997,0
927.04,3,21,1,1,0,1,169,436.34,Rajasthan,Education,1977,0
4676.18,4,13,1,1,0,0,263,263.15,Rajasthan,Education,1989,0
1550.02,3,18,1,1,0,1,664,47.31,Kerala,Fuel,1994,0
270.93,4,9,1,1,0,0,246,2546.6,Karnataka,Food,1986,0
1196.15,6,7,1,1,0,1,73,1600.75,West Bengal,Healthcare,1985,0
90.28,6,16,1,0,0,1,306,2695.21,Telangana,Entertainment,1974,0
98.81,4,7,1,0,0,0,395,353.45,Uttar Pradesh,Grocery,1976,0
261.02,4,18,1,0,0,0,16,2356.56,Karnataka,Utilities,1985,0
1921.59,9,16,1,1,0,0,533,2259.48,Telangana,Utilities,1981,0
1410.99,5,7,1,0,0,1,581,1237.62,Telangana,Education,1989,0
1065.82,8,14,1,0,0,0,410,2510.48,Rajasthan,Electronics,1978,0
457.38,8,6,1,0,0,1,219,2541.32,Kerala,Education,1973,0
72.58,5,9,1,1,0,1,75,2758.54,Delhi,Food,1986,0
3522.69,1,5,3,2,1,2,19,18047.23,Telangana,Fuel,1982,1
11442.47,26,23,2,1,1,0,26,1635.12,Gujarat,Clothing,1979,1
6560.2,2,3,3,1,1,2,14,3876.73,Delhi,Travel,1998,1
370.7,9,11,1,1,0,1,232,198.19,Tamil Nadu,Healthcare,1988,0
4447.12,15,22,3,1,0,2,59,1728.74,Karnataka,Travel,1987,1
1055.27,6,9,1,0,0,0,3,425.23,Tamil Nadu,Fuel,1989,0
44.73,3,17,1,1,0,1,553,241.81,West Bengal,Travel,1975,0
2844.11,3,10,1,0,0,1,55,611.99,Tamil Nadu,Utilities,1973,0
56.04,7,21,1,0,0,1,649,176.31,West Bengal,Utilities,1979,0
980.3,6,11,1,0,0,1,464,1434.1,Kerala,Fuel,1996,0
18.6,1,11,1,1,0,0,70,1792.91,Delhi,Electronics,1999,0
669.83,3,17,1,1,0,0,123,699.7,Uttar Pradesh,Utilities,1999,0
922.8,6,16,1,1,0,0,359,10.0,Uttar Pradesh,Grocery,1988,0
1997.05,9,10,1,0,0,1,543,839.9,Karnataka,Travel,1988,0
3084.69,3,7,1,0,0,1,410,955.87,Karnataka,Electronics,1977,0
1683.18,5,7,1,0,0,0,326,857.04,Gujarat,Fuel,1972,0
1807.13,6,14,1,1,0,1,245,1295.9,Tamil Nadu,Utilities,1997,0
2069.74,6,10,1,0,0,0,607,571.53,Tamil Nadu,Grocery,1999,0
688.83,7,11,1,0,0,0,452,985.46,Rajasthan,Entertainment,1998,0
235.6,3,6,1,1,0,0,709,1327.97,Uttar Pradesh,Education,1977,0
1174.86,6,15,1,0,0,0,412,467.18,Delhi,Utilities,1993,0
1229.51,9,17,1,0,0,1,64,701.55,Maharashtra,Clothing,1985,0
1466.57,4,9,1,0,0,1,355,522.58,Gujarat,Education,1992,0
1929.03,8,6,1,0,0,1,7,417.81,Telangana,Healthcare,1976,0
1490.4,1,10,1,1,0,0,504,263.18,West Bengal,Electronics,1972,0
1224.1,1,15,1,0,0,1,573,97.05,Rajasthan,Grocery,1983,0
1141.26,1,12,1,0,0,0,48,1268.41,Gujarat,Travel,1977,0
1149.09,7,19,1,1,0,0,23,584.1,Kerala,Utilities,1995,0
99.68,5,20,1,1,0,1,334,627.72,Karnataka,Utilities,1975,0
1236.71,1,10,1,0,0,1,686,1542.62,Kerala,Food,1990,0
151.34,4,20,1,0,0,1,480,2096.87,Uttar Pradesh,Grocery,1974,0
495.08,4,13,1,1,0,0,483,383.64,Uttar Pradesh,Travel,1982,0
153.56,1,18,1,0,0,1,251,142.83,Maharashtra,Utilities,1999,0
1287.77,6,19,1,1,0,0,554,1607.68,Delhi,Entertainment,1994,0
2651.8,4,13,1,1,0,1,300,482.58,West Bengal,Education,1973,0
797.1,1,12,1,1,0,0,298,258.99,Uttar Pradesh,Entertainment,1973,0
1074.77,7,21,1,1,0,1,149,1400.09,Gujarat,Clothing,1996,0
3634.35,7,16,1,1,0,1,630,3367.16,Maharashtra,Utilities,1979,0
35.49,3,15,1,0,0,0,479,948.17,Gujarat,Food,1985,0
1752.15,4,15,1,1,0,1,305,1662.43,Uttar Pradesh,Education,1999,0
2407.35,4,19,1,1,0,1,205,519.15,Karnataka,Electronics,1984,0
2044.62,9,6,1,1,0,1,414,743.57,West Bengal,Education,1991,0
7937.54,14,23,1,2,1,1,8,286.37,Kerala,Electronics,1992,1
1195.18,6,9,1,1,0,0,307,2463.99,Delhi,Travel,1980,0
2182.16,5,8,1,0,0,0,326,790.43,Karnataka,Electronics,1996,0
2463.96,9,7,1,1,0,1,614,422.58,West Bengal,Healthcare,1974,0
30.12,3,14,1,0,0,1,666,29.36,Telangana,Clothing,1973,0
273.52,4,21,1,0,0,0,455,2296.15,Rajasthan,Utilities,1997,0
640.41,1,12,1,0,0,0,664,538.9,Karnataka,Travel,1993,0
1777.02,8,7,1,0,0,0,707,538.47,Rajasthan,Fuel,1996,0
747.19,8,17,1,0,0,0,147,568.45,Maharashtra,Entertainment,1999,0
674.87,5,15,1,0,0,1,707,3373.91,Telangana,Food,1997,0
287.01,6,6,1,1,0,0,359,178.92,Rajasthan,Clothing,1991,0
1319.82,8,9,1,1,0,1,545,694.43,Rajasthan,Healthcare,1994,0
276.22,9,10,1,0,0,0,436,386.47,Rajasthan,Healthcare,1994,0
67.47,5,19,1,1,0,0,442,35.21,Kerala,Healthcare,1988,0
1083.29,1,7,1,1,0,1,146,10.0,Karnataka,Travel,1980,0
550.36,2,12,1,0,0,0,396,1316.67,Uttar Pradesh,Clothing,1978,0
171.59,4,12,1,0,0,1,656,1231.04,Rajasthan,Food,1971,0
1013.56,4,7,1,0,0,0,722,462.42,Telangana,Travel,1970,0
724.47,7,21,1,0,0,0,171,10.0,Maharashtra,Healthcare,1982,0
1082.89,4,20,1,1,0,0,174,1200.52,Rajasthan,Electronics,1994,0
799.64,3,19,1,0,0,1,436,52.51,Kerala,Food,1973,0
431.68,3,8,1,0,0,1,652,362.98,Tamil Nadu,Clothing,1980,0
4033.16,7,12,1,0,0,1,135,1269.03,West Bengal,Travel,1979,0
1023.3,7,12,1,1,0,0,563,1253.48,Uttar Pradesh,Grocery,1999,0
344.49,1,18,1,0,0,0,15,757.07,Gujarat,Entertainment,1987,0
131.66,9,13,1,1,0,0,12,1208.85,Delhi,Grocery,1973,0
1409.66,1,18,1,1,0,0,380,134.88,Karnataka,Travel,1999,0
195.28,1,13,1,1,0,0,222,839.77,Rajasthan,Education,1990,0
515.61,3,6,1,1,0,1,674,600.88,Gujarat,Electronics,1970,0
46.38,7,11,1,0,0,0,384,58.96,Delhi,Fuel,1995,0
2449.54,4,21,1,0,0,0,313,28.29,Maharashtra,Utilities,1977,0
215.54,1,21,1,1,0,0,671,765.21,Maharashtra,Grocery,1991,0
155.06,1,6,1,1,0,1,190,1920.53,Tamil Nadu,Grocery,1977,0
930.18,26,23,2,1,0,0,56,1992.69,Tamil Nadu,Healthcare,1992,1
124.39,9,12,1,1,0,0,83,235.17,Maharashtra,Utilities,1983,0
1584.17,7,21,1,1,0,1,117,578.84,West Bengal,Utilities,1982,0
421.56,4,6,1,0,0,1,69,2616.82,Maharashtra,Healthcare,1997,0
3927.13,7,21,1,1,0,1,414,893.83,Kerala,Healthcare,1989,0
2085.41,1,17,1,0,0,1,6,681.93,Maharashtra,Clothing,1984,0
672.09,23,23,3,0,0,2,4,7172.17,West Bengal,Electronics,1993,1
910.14,2,11,1,1,0,1,711,396.08,Maharashtra,Education,1998,0
135.47,2,15,1,1,0,1,620,1548.31,Karnataka,Education,1994,0
2485.47,4,21,1,1,0,0,100,39.01,West Bengal,Fuel,1978,0
1019.34,2,15,1,1,0,0,323,812.44,Delhi,Education,1978,0
769.84,5,19,1,0,0,1,178,1158.83,Delhi,Grocery,1989,0
695.93,2,15,1,0,0,0,531,427.7,Delhi,Electronics,1992,0
207.49,14,4,1,0,0,1,20,4554.8,Rajasthan,Travel,1993,1
861.25,1,9,1,1,0,1,248,127.86,Kerala,Travel,1981,0
290.85,5,15,1,1,0,1,479,1399.79,Delhi,Fuel,1993,0
20219.64,19,1,1,1,0,2,50,2735.19,Telangana,Education,1990,1
183.36,6,6,1,1,0,0,65,300.96,Maharashtra,Healthcare,1999,0
3226.81,8,13,1,0,0,1,378,1816.58,Karnataka,Entertainment,1998,0
1475.26,3,18,1,0,0,0,423,678.07,Rajasthan,Travel,1991,0
4646.18,8,16,1,0,0,0,355,2033.7,West Bengal,Healthcare,1978,0
418.94,6,9,1,1,0,0,135,78.7,Maharashtra,Education,1980,0
502.7,5,7,1,0,0,1,560,842.21,Uttar Pradesh,Entertainment,1996,0
41.21,7,14,1,1,0,1,302,1113.38,Maharashtra,Grocery,1981,0
631.09,3,12,1,0,0,1,122,72.42,Maharashtra,Healthcare,1989,0
1050.62,4,11,1,1,0,1,312,802.89,Kerala,Food,1979,0
114.0,2,15,1,0,0,1,632,77.33,Gujarat,Entertainment,1978,0
472.85,2,13,1,0,0,0,133,2331.92,Rajasthan,Grocery,1972,0
5211.45,4,10,1,1,0,0,397,2308.62,Tamil Nadu,Education,1975,0
484.4,9,21,1,0,0,1,281,1135.48,Uttar Pradesh,Fuel,1976,0
1220.55,6,18,1,0,0,0,621,1393.81,Kerala,Utilities,1979,0
1804.78,5,13,1,1,0,0,467,1735.96,Telangana,Travel,1988,0
3510.12,2,18,1,1,0,1,91,1129.83,Karnataka,Fuel,1985,0
17.69,2,9,1,0,0,0,282,762.85,Telangana,Clothing,1993,0
838.9,5,13,1,0,0,1,582,2520.05,Uttar Pradesh,Grocery,1987,0
1009.33,8,7,1,1,0,0,470,1594.19,Rajasthan,Electronics,1979,0
3793.93,2,21,1,0,0,1,650,3251.9,Maharashtra,Entertainment,1991,0
2172.95,5,10,1,0,0,1,540,127.53,Rajasthan,Food,1997,0
3335.71,9,19,1,0,0,1,509,1010.25,Maharashtra,Food,1983,0
3747.19,7,14,1,0,0,0,525,370.73,West Bengal,Healthcare,1970,0
510.52,4,20,1,0,0,1,630,1573.85,Gujarat,Education,1987,0
98.31,8,7,1,1,0,1,645,1117.27,Tamil Nadu,Education,1997,0
663.25,7,12,1,1,0,0,721,388.8,Maharashtra,Education,1983,0
5724.04,1,20,1,0,0,0,568,467.85,Rajasthan,Electronics,1989,0
2929.3,2,16,1,0,0,1,643,454.74,Delhi,Education,1992,0
2006.06,7,15,1,1,0,1,342,729.79,West Bengal,Fuel,1977,0
953.5,3,9,1,1,0,0,187,1026.97,Telangana,Grocery,1995,0
2410.07,1,20,1,1,0,1,213,860.4,West Bengal,Travel,1993,0
697.97,9,19,1,1,0,0,249,371.75,Rajasthan,Grocery,1998,0
415.48,6,18,1,0,0,0,73,1028.01,Maharashtra,Utilities,1985,0
1275.33,3,11,1,0,0,1,384,64.85,Telangana,Clothing,1984,0
949.26,9,20,1,1,0,1,586,10.0,Delhi,Grocery,1973,0
22.31,8,12,1,1,0,0,34,635.08,Gujarat,Clothing,1998,0
748.1,9,10,1,0,0,0,32,1206.29,West Bengal,Clothing,1994,0
841.81,4,20,1,0,0,1,476,248.4,Karnataka,Education,1997,0
1903.91,9,17,1,0,0,1,254,990.49,Uttar Pradesh,Clothing,1983,0
926.36,6,10,1,0,0,0,77,598.14,West Bengal,Fuel,1987,0
2072.02,8,21,1,1,0,0,693,61.08,Maharashtra,Entertainment,1979,0
515.21,1,10,1,0,0,0,234,5735.08,Gujarat,Entertainment,1989,0
691.74,5,21,1,1,0,0,223,811.05,Delhi,Healthcare,1993,0
327.51,6,6,1,0,0,0,578,930.62,Gujarat,Grocery,1981,0
2454.2,8,16,1,0,0,0,633,641.48,Gujarat,Fuel,1974,0
376.82,3,15,1,1,0,1,618,900.72,Uttar Pradesh,Education,1994,0
167.14,8,7,1,0,0,1,573,784.37,Karnataka,Utilities,1999,0
2744.86,5,20,1,0,0,1,389,2241.86,Karnataka,Food,1981,0
4033.48,1,7,1,0,0,0,370,1753.32,Gujarat,Travel,1998,0
3570.43,8,11,1,0,0,0,536,219.76,West Bengal,Entertainment,1978,0
875.34,6,20,1,1,0,0,698,186.71,Rajasthan,Healthcare,1997,0
122.75,1,13,1,1,0,0,257,637.79,Telangana,Entertainment,1992,0
1002.52,2,14,1,0,0,1,478,17.46,Karnataka,Clothing,1995,0
5037.84,5,10,1,0,0,1,644,774.51,Uttar Pradesh,Healthcare,1981,0
2142.33,6,13,1,1,0,1,702,198.61,Kerala,Utilities,1982,0
33.96,6,13,1,1,0,1,125,25.19,Maharashtra,Utilities,1999,0
474.04,6,11,1,1,0,0,663,492.88,Maharashtra,Education,1996,0
2680.79,27,4,2,1,0,1,50,441.37,Tamil Nadu,Grocery,1973,1
3272.43,2,21,1,1,0,0,551,1347.65,Delhi,Entertainment,1972,0
737.45,1,14,1,1,0,0,90,1115.87,Maharashtra,Utilities,1975,0
522.61,1,19,1,1,0,0,76,357.18,Delhi,Utilities,1980,0
306.26,4,16,1,0,0,1,167,723.83,West Bengal,Fuel,1981,0
2935.5,6,10,1,0,0,1,41,90.87,Maharashtra,Healthcare,1995,0
1471.54,7,8,1,1,0,1,286,2249.69,Telangana,Clothing,1993,0
734.48,8,10,1,1,0,0,224,1910.19,Uttar Pradesh,Electronics,1994,0
5178.36,8,17,1,1,0,0,75,511.31,Uttar Pradesh,Grocery,1977,0
1471.5,4,2,3,1,1,2,25,3164.87,Delhi,Electronics,1978,1
1273.19,5,18,1,0,0,0,50,1223.14,Delhi,Utilities,1993,0
1262.22,1,11,1,0,0,1,71,1556.02,Maharashtra,Utilities,1980,0
3474.98,3,14,1,0,0,1,727,1136.84,Uttar Pradesh,Clothing,1975,0
200.12,5,9,1,1,0,0,682,290.03,Rajasthan,Clothing,1979,0
127.45,2,12,1,0,0,0,552,434.87,Karnataka,Electronics,1988,0
8295.04,3,16,1,0,0,0,42,216.04,West Bengal,Entertainment,1982,0
1968.5,6,12,1,0,0,1,308,276.47,Uttar Pradesh,Utilities,1983,0
94.01,4,13,1,1,0,0,454,1182.54,Kerala,Grocery,1997,0
2885.56,9,20,1,0,0,0,432,930.11,Maharashtra,Food,1982,0
146.08,6,17,1,0,0,1,321,1657.04,Karnataka,Fuel,1982,0
1288.28,6,8,1,0,0,1,280,168.04,West Bengal,Healthcare,1997,0
71.09,6,20,1,0,0,0,277,1399.53,Gujarat,Utilities,1988,0
1641.27,1,10,1,0,0,0,701,10.0,Delhi,Fuel,1986,0
3275.21,7,11,1,0,0,0,91,2291.42,Rajasthan,Entertainment,1977,0
1046.11,9,15,1,1,0,1,355,3039.71,Uttar Pradesh,Electronics,1981,0
828.68,5,23,4,0,1,2,52,17351.2,Kerala,Clothing,1997,1
766.07,2,9,1,0,0,0,291,2015.35,Telangana,Travel,1989,0
2099.22,6,17,1,1,0,0,275,481.29,Tamil Nadu,Fuel,1976,0
431.5,6,19,1,0,0,0,399,230.61,Maharashtra,Grocery,1973,0
1292.64,8,20,1,0,0,0,499,290.27,Delhi,Grocery,1989,0
11353.69,28,5,2,2,0,0,5,1902.24,Rajasthan,Healthcare,1988,1
338.47,9,11,1,0,0,1,448,282.74,Telangana,Fuel,1981,0
15.9,4,10,1,0,0,1,339,2415.07,Delhi,Clothing,1998,0
3236.85,3,19,1,1,0,1,608,1173.56,Gujarat,Education,1990,0
1218.49,3,2,3,0,1,1,30,3240.22,Delhi,Fuel,1989,1
6017.52,6,15,1,0,0,0,160,859.97,Delhi,Clothing,1994,0
314.38,7,12,1,1,0,1,186,482.13,Uttar Pradesh,Fuel,1982,0
5917.92,4,6,1,1,0,1,241,2070.11,Telangana,Clothing,1981,0
214.0,7,13,1,1,0,1,663,1986.29,Tamil Nadu,Entertainment,1992,0
1551.21,12,4,4,1,0,0,38,2207.46,Gujarat,Entertainment,1992,1
1099.07,7,7,1,0,0,0,207,340.08,Kerala,Entertainment,1978,0
385.1,4,13,1,0,0,1,277,699.15,Gujarat,Healthcare,1990,0
632.26,4,9,1,0,0,1,474,535.0,Uttar Pradesh,Fuel,1987,0
164.22,5,17,1,1,0,0,471,421.05,Maharashtra,Travel,1998,0
49.87,8,8,1,0,0,0,253,182.34,Telangana,Electronics,1977,0
448.64,8,15,1,1,0,0,439,312.93,Rajasthan,Healthcare,1978,0
189.78,8,18,1,0,0,1,421,1517.32,West Bengal,Electronics,1985,0
223.48,7,14,1,0,0,1,247,530.96,West Bengal,Utilities,1986,0
1163.75,1,15,1,1,0,1,34,3384.76,Gujarat,Education,1979,0
360.23,5,7,1,0,0,1,420,2531.76,West Bengal,Food,1972,0
1014.53,2,18,1,1,0,1,347,304.99,Delhi,Utilities,1991,0
571.91,5,10,1,0,0,1,549,656.76,Rajasthan,Education,1986,0
3535.12,5,18,1,0,0,1,46,125.95,Delhi,Clothing,1986,0
2468.63,8,6,1,0,0,1,272,190.24,Telangana,Healthcare,1972,0
1673.17,8,6,1,1,0,1,514,1381.63,Gujarat,Healthcare,1986,0
23.05,3,15,1,1,0,0,586,488.18,Kerala,Electronics,1974,0
4388.59,8,17,1,1,0,0,650,1215.16,Rajasthan,Electronics,1993,0
613.76,4,10,1,0,0,0,82,1302.19,West Bengal,Food,1977,0
824.77,6,19,1,0,0,0,494,679.69,West Bengal,Entertainment,1989,0
4395.2,8,1,4,1,1,0,49,9217.16,Karnataka,Utilities,1972,1
146.75,6,9,1,0,0,1,420,631.83,Karnataka,Healthcare,1971,0
1693.9,4,13,1,1,0,1,723,431.25,Rajasthan,Grocery,1987,0
1156.4,9,18,1,0,0,1,500,2238.17,Telangana,Utilities,1994,0
946.4,1,18,1,0,0,1,692,2296.44,Gujarat,Utilities,1996,0
676.98,4,19,1,1,0,1,95,439.1,Maharashtra,Food,1976,0
2946.53,10,22,3,1,0,2,9,1732.05,Maharashtra,Fuel,1980,1
3972.45,4,20,1,1,0,0,474,915.6,Uttar Pradesh,Food,1983,0
618.38,2,11,1,1,0,1,324,261.81,Maharashtra,Food,1987,0
113.69,8,6,1,1,0,0,47,3035.15,Gujarat,Utilities,1978,0
650.85,7,16,1,1,0,0,372,230.78,Uttar Pradesh,Healthcare,1996,0
5946.07,2,23,2,2,1,0,4,4636.31,Delhi,Education,1998,1
89.75,1,6,1,1,0,0,631,260.72,Kerala,Food,1990,0
3978.19,3,18,1,1,0,0,650,100.73,Kerala,Electronics,1976,0
415.23,5,6,1,1,0,1,414,374.97,Maharashtra,Entertainment,1974,0
795.23,7,14,1,0,0,0,292,593.54,Telangana,Fuel,1978,0
917.66,3,7,1,1,0,0,46,944.27,West Bengal,Travel,1988,0
1503.67,8,9,1,1,0,0,701,55.43,Kerala,Education,1979,0
231.52,8,10,1,1,0,1,577,81.52,Kerala,Travel,1996,0
1411.55,9,17,1,0,0,0,252,1515.33,Gujarat,Food,1993,0
1622.33,4,7,1,0,0,1,659,494.36,Tamil Nadu,Grocery,1972,0
598.8,6,10,1,0,0,1,225,254.99,Uttar Pradesh,Electronics,1978,0
1643.9,5,11,1,1,0,0,32,2681.42,Karnataka,Healthcare,1992,0
2618.32,5,11,1,0,0,1,277,478.27,Gujarat,Fuel,1990,0
853.04,9,15,1,0,0,1,69,200.83,Kerala,Healthcare,1988,0
147.58,3,19,1,1,0,0,713,1258.38,Tamil Nadu,Travel,1994,0
2605.25,3,11,1,1,0,0,7,574.58,West Bengal,Grocery,1978,0
2498.38,8,11,1,1,0,0,128,2076.24,Maharashtra,Grocery,1979,0
2797.07,4,8,1,0,0,0,606,1046.25,Gujarat,Grocery,1994,0
20.69,7,20,1,0,0,0,325,1010.11,West Bengal,Utilities,1991,0
1481.03,8,16,1,1,0,0,312,2247.14,Uttar Pradesh,Utilities,1983,0
3223.29,6,17,1,0,0,0,357,891.22,Rajasthan,Fuel,1972,0
5420.41,23,2,2,2,1,1,53,1070.51,Telangana,Fuel,1977,1
2481.01,1,20,1,0,0,0,673,1313.18,Uttar Pradesh,Clothing,1977,0
2579.96,13,5,1,1,1,0,52,6499.08,Gujarat,Entertainment,1989,1
1940.74,3,15,1,0,0,0,620,1260.5,Gujarat,Entertainment,1999,0
1424.26,9,20,1,0,0,0,304,1503.63,Rajasthan,Healthcare,1984,0
3230.54,2,12,1,1,0,0,239,1216.43,Tamil Nadu,Grocery,1980,0
1559.48,2,7,1,0,0,1,728,420.8,Karnataka,Travel,1985,0
412.66,8,10,1,1,0,0,363,538.74,Tamil Nadu,Entertainment,1976,0
590.31,3,11,1,1,0,1,324,156.88,West Bengal,Utilities,1982,0
891.39,3,8,1,0,0,1,332,17.44,Gujarat,Entertainment,1977,0
633.44,1,8,1,1,0,0,724,1448.41,Uttar Pradesh,Grocery,1991,0
804.42,6,20,1,0,0,0,561,2096.06,Rajasthan,Grocery,1996,0
1295.17,7,14,1,1,0,0,51,157.12,Rajasthan,Food,1973,0
1513.51,9,0,3,2,1,2,48,167.7,West Bengal,Education,1977,1
76.38,3,13,1,0,0,1,674,676.07,Maharashtra,Education,1998,0
122.48,2,11,1,1,0,1,537,2976.23,Delhi,Entertainment,1990,0
417.33,7,8,1,1,0,0,578,46.46,Tamil Nadu,Electronics,1994,0
1344.68,8,14,1,0,0,0,667,1018.04,Kerala,Grocery,1981,0
887.88,6,21,1,1,0,0,447,3416.41,Telangana,Grocery,1997,0
525.59,5,14,1,0,0,0,287,723.23,Rajasthan,Healthcare,1985,0
1709.8,1,11,1,1,0,0,509,1427.6,West Bengal,Grocery,1975,0
862.92,9,18,1,1,0,1,180,567.24,Tamil Nadu,Entertainment,1997,0
1345.05,7,14,1,0,0,0,537,1327.06,Gujarat,Entertainment,1991,0
1037.84,7,6,1,1,0,0,47,841.91,Tamil Nadu,Grocery,1998,0
539.02,3,18,1,0,0,1,422,1037.86,Kerala,Entertainment,1985,0
601.31,9,14,1,0,0,0,108,103.62,Tamil Nadu,Education,1970,0
755.87,1,20,1,0,0,0,387,3466.21,Telangana,Electronics,1997,0
3666.25,1,4,3,0,0,0,18,1116.8,Tamil Nadu,Travel,1992,1
2875.94,6,10,1,0,0,1,568,873.99,Uttar Pradesh,Electronics,1973,0
1036.04,7,8,1,0,0,0,189,611.08,Delhi,Grocery,1978,0
2705.28,1,16,1,1,0,0,36,4587.6,Gujarat,Grocery,1991,0
772.7,2,17,1,0,0,1,261,190.12,Karnataka,Entertainment,1996,0
1867.13,13,0,3,0,1,0,11,915.05,Karnataka,Healthcare,1976,1
9498.78,26,0,3,2,1,1,13,6076.62,Kerala,Healthcare,1977,1
378.09,3,7,1,1,0,0,178,178.81,Rajasthan,Fuel,1971,0
3512.84,7,11,1,1,0,0,524,1433.27,West Bengal,Clothing,1983,0
1941.34,7,16,1,1,0,1,498,1025.41,Karnataka,Travel,1978,0
2009.87,6,6,1,0,0,1,147,1502.11,Maharashtra,Fuel,1994,0
1201.07,6,16,1,1,0,0,499,1930.05,Delhi,Food,1975,0
464.78,2,10,1,1,0,1,258,529.3,Gujarat,Healthcare,1999,0
325.76,2,17,1,0,0,1,2,262.15,Telangana,Utilities,1989,0
1688.56,1,8,1,0,0,1,118,1462.95,Gujarat,Travel,1999,0
2106.24,5,15,1,0,0,0,703,634.18,Uttar Pradesh,Electronics,1973,0
49.99,7,18,1,0,0,0,147,604.1,Karnataka,Clothing,1970,0
358.5,4,6,1,0,0,0,193,349.36,West Bengal,Utilities,1997,0
1110.52,7,11,1,0,0,0,237,563.96,Delhi,Clothing,1992,0
141.92,5,10,1,0,0,0,495,114.08,Uttar Pradesh,Healthcare,1973,0
366.9,9,17,1,1,0,0,379,1649.84,Karnataka,Healthcare,1980,0
3313.68,7,13,1,0,0,0,507,674.44,Telangana,Fuel,1977,0
835.67,2,17,1,0,0,1,253,772.57,Rajasthan,Food,1970,0
408.8,6,7,1,1,0,1,117,67.72,Maharashtra,Healthcare,1988,0
1022.71,4,18,1,0,0,1,31,651.05,Uttar Pradesh,Utilities,1983,0
280.58,9,6,1,1,0,0,325,200.78,Gujarat,Entertainment,1995,0
859.64,1,13,1,0,0,1,475,2220.57,Delhi,Food,1983,0
2904.8,2,22,4,2,0,0,9,5644.43,Rajasthan,Fuel,1984,1
588.24,1,18,1,0,0,0,100,446.46,Rajasthan,Travel,1988,0
560.95,7,16,1,1,0,1,24,618.76,Karnataka,Utilities,1981,0
727.93,4,15,1,0,0,0,93,469.9,Rajasthan,Grocery,1994,0
31.29,6,10,1,1,0,0,490,456.64,Kerala,Food,1997,0
822.09,3,21,1,1,0,1,623,2241.9,Rajasthan,Entertainment,1992,0
22.66,2,13,1,1,0,1,693,366.48,Tamil Nadu,Fuel,1981,0
1316.66,4,8,1,1,0,0,615,2101.22,Uttar Pradesh,Healthcare,1977,0
2387.12,2,18,1,0,0,1,627,1416.65,Rajasthan,Travel,1985,0
148.4,4,21,1,1,0,1,688,50.38,Uttar Pradesh,Healthcare,1976,0
146.72,1,12,1,0,0,0,227,45.38,Maharashtra,Food,1996,0
2153.81,28,5,4,0,1,2,33,4009.34,Karnataka,Entertainment,1980,1
3257.94,8,13,1,0,0,1,599,1234.79,West Bengal,Entertainment,1995,0
727.24,3,9,1,1,0,1,676,272.22,Uttar Pradesh,Food,1981,0
2305.45,4,17,1,0,0,0,651,1071.41,West Bengal,Grocery,1994,0
951.76,4,10,1,0,0,0,165,486.3,Telangana,Utilities,1980,0
1580.06,8,11,1,1,0,1,141,249.12,Tamil Nadu,Food,1979,0
4174.6,4,20,1,0,0,1,595,1027.54,Uttar Pradesh,Travel,1988,0
147.82,3,8,1,1,0,0,547,1268.44,Karnataka,Healthcare,1975,0
556.05,9,6,1,0,0,0,645,622.57,Telangana,Utilities,1973,0
6994.44,8,21,1,1,0,0,217,1838.4,Telangana,Food,1991,0
562.12,16,5,2,0,0,2,27,784.78,Tamil Nadu,Travel,1990,1
2686.45,3,6,1,0,0,1,519,278.61,Rajasthan,Travel,1971,0
1306.94,3,20,1,0,0,0,224,3426.12,West Bengal,Entertainment,1991,0
2784.02,9,9,1,0,0,1,664,2813.35,West Bengal,Entertainment,1985,0
3674.6,3,14,1,0,0,0,456,491.36,Tamil Nadu,Electronics,1996,0
1275.75,5,17,1,1,0,1,449,2660.16,Tamil Nadu,Utilities,1976,0
341.85,4,6,1,1,0,1,550,898.93,Rajasthan,Grocery,1974,0
61.95,4,17,1,0,0,1,478,1210.23,Telangana,Utilities,1977,0
835.72,1,19,1,0,0,0,185,79.62,Delhi,Grocery,1973,0
10337.31,5,2,2,1,1,2,24,2537.89,Kerala,Utilities,1991,1
887.68,9,6,1,0,0,1,726,26.0,Telangana,Fuel,1997,0
766.4,5,6,1,1,0,1,644,503.35,Tamil Nadu,Utilities,1981,0
1261.65,9,12,1,1,0,0,156,159.72,Kerala,Food,1976,0
44.24,8,16,1,1,0,1,276,1727.81,Gujarat,Food,1972,0
2219.01,5,20,1,1,0,0,132,139.56,Kerala,Food,1986,0
4511.27,14,5,3,1,1,1,1,3392.62,Gujarat,Electronics,1979,1
1835.42,2,8,1,1,0,0,260,1691.92,Delhi,Entertainment,1971,0
3078.87,3,10,1,1,0,0,572,1738.74,West Bengal,Fuel,1994,0
382.59,6,15,1,1,0,1,532,614.86,Delhi,Utilities,1973,0
501.36,3,7,1,0,0,0,409,734.06,Telangana,Clothing,1983,0
14.81,7,21,1,1,0,0,704,341.67,Rajasthan,Utilities,1976,0
937.71,6,13,1,0,0,1,404,716.69,Uttar Pradesh,Grocery,1993,0
539.14,8,10,1,0,0,0,562,625.06,Rajasthan,Grocery,1979,0
403.24,2,6,1,1,0,0,143,384.95,Uttar Pradesh,Food,1981,0
2392.22,7,6,1,0,0,0,349,677.63,Uttar Pradesh,Grocery,1977,0
1966.5,7,6,1,0,0,1,237,364.71,Kerala,Healthcare,1990,0
1698.96,6,17,1,1,0,1,186,2327.09,Delhi,Fuel,1973,0
1380.97,1,19,1,0,0,1,606,1534.38,Telangana,Entertainment,1984,0
145.54,3,14,1,1,0,0,475,1366.38,Kerala,Grocery,1997,0
312.93,7,10,1,0,0,0,221,1576.72,West Bengal,Healthcare,1978,0
1640.4,4,11,1,0,0,0,587,3987.03,West Bengal,Fuel,1995,0
3754.11,6,22,3,0,0,2,14,1991.5,Maharashtra,Electronics,1972,1
52.62,7,9,1,0,0,0,242,3071.46,Delhi,Fuel,1979,0
541.48,3,11,1,0,0,0,26,713.83,West Bengal,Clothing,1973,0
365.09,4,10,1,1,0,1,188,1144.68,Uttar Pradesh,Electronics,1990,0
873.65,1,16,1,1,0,0,531,3008.58,Rajasthan,Fuel,1997,0
874.16,3,8,1,1,0,0,222,63.56,Gujarat,Clothing,1995,0
799.44,1,18,1,1,0,1,290,2335.85,Tamil Nadu,Utilities,1986,0
701.18,4,13,1,1,0,0,257,291.61,Kerala,Fuel,1996,0
870.7,2,16,1,1,0,1,463,263.23,Karnataka,Grocery,1972,0
852.32,2,15,1,1,0,0,472,367.17,Gujarat,Grocery,1980,0
2734.38,8,6,1,1,0,1,26,569.9,Maharashtra,Healthcare,1979,0
170.05,5,20,1,0,0,1,24,55.84,Maharashtra,Travel,1980,0
2600.29,5,17,1,1,0,1,696,779.41,Rajasthan,Clothing,1995,0
4546.01,9,21,1,1,0,1,243,352.48,Gujarat,Grocery,1989,0
2988.06,9,15,1,0,0,1,188,2233.18,Karnataka,Electronics,1998,0
1033.9,3,13,1,1,0,0,714,1302.07,Tamil Nadu,Healthcare,1975,0
2566.52,16,22,3,1,1,0,2,76.03,Tamil Nadu,Healthcare,1974,1
838.11,4,13,1,1,0,1,416,740.87,Telangana,Grocery,1993,0
2039.21,5,15,1,0,0,0,159,350.11,Karnataka,Food,1987,0
288.39,9,8,1,0,0,0,704,1106.64,West Bengal,Education,1980,0
540.22,11,1,1,2,0,2,51,3390.7,Rajasthan,Entertainment,1998,1
1544.58,4,8,1,1,0,0,245,279.88,Kerala,Utilities,1993,0
534.0,7,11,1,0,0,0,655,1235.29,Rajasthan,Clothing,1988,0
13390.54,17,1,1,0,1,1,8,2346.38,West Bengal,Fuel,1983,1
1980.63,8,6,1,0,0,0,362,1674.72,Uttar Pradesh,Clothing,1986,0
221.35,1,11,1,0,0,0,191,242.2,Kerala,Education,1978,0
572.25,9,17,1,1,0,0,490,153.84,Telangana,Fuel,1989,0
1195.4,2,14,1,0,0,1,603,282.91,Delhi,Fuel,1990,0
224.6,1,14,1,0,0,0,426,5622.62,Tamil Nadu,Healthcare,1978,0
168.46,9,18,1,1,0,1,694,615.01,Delhi,Education,1987,0
1090.31,2,18,1,0,0,1,605,41.11,Rajasthan,Clothing,1979,0
951.6,2,9,1,0,0,1,300,88.46,Rajasthan,Grocery,1993,0
796.17,4,16,1,0,0,1,442,32.67,Rajasthan,Utilities,1984,0
1254.44,8,19,1,0,0,1,677,1359.55,Tamil Nadu,Electronics,1998,0
867.28,3,20,1,0,0,0,702,159.41,Telangana,Healthcare,1995,0
8076.84,14,4,3,2,1,2,11,6130.85,Uttar Pradesh,Travel,1987,1
1379.03,8,11,1,1,0,1,93,795.09,Gujarat,Healthcare,1986,0
2881.45,2,11,1,1,0,1,19,631.6,Karnataka,Fuel,1973,0
458.3,3,15,1,1,0,1,5,727.42,West Bengal,Grocery,1972,0
2906.68,6,14,1,0,0,0,582,1043.88,Karnataka,Electronics,1983,0
1829.1,8,18,1,0,0,0,140,934.51,Kerala,Education,1989,0
86.26,1,19,1,1,0,1,123,233.51,Kerala,Entertainment,1971,0
577.61,7,19,1,1,0,1,96,192.45,Rajasthan,Grocery,1998,0
728.13,8,20,1,1,0,1,56,571.73,Gujarat,Grocery,1976,0
3436.79,5,9,1,1,0,1,126,741.24,Delhi,Education,1982,0
185.66,5,19,1,0,0,1,245,566.62,Gujarat,Healthcare,1975,0
1243.3,8,19,1,1,0,1,625,436.34,Maharashtra,Food,1975,0
156.39,6,15,1,0,0,1,505,4115.2,Telangana,Fuel,1973,0
10.0,9,8,1,1,0,1,523,2362.04,Delhi,Education,1990,0
2686.19,4,19,1,1,0,0,126,368.4,Maharashtra,Healthcare,1984,0
10.0,4,11,1,1,0,0,612,339.54,Tamil Nadu,Travel,1976,0
712.4,27,22,4,2,1,0,14,1953.8,Karnataka,Education,1973,1
326.49,8,20,1,1,0,0,381,175.47,Karnataka,Education,1996,0
771.58,2,19,1,1,0,1,272,1270.49,Telangana,Healthcare,1983,0
847.7,8,6,1,0,0,1,430,747.59,Rajasthan,Travel,1976,0
2903.65,8,7,1,1,0,1,670,417.03,Karnataka,Grocery,1975,0
462.5,1,18,1,0,0,1,254,1371.43,Tamil Nadu,Entertainment,1998,0
99.9,4,11,1,1,0,1,263,1168.16,Kerala,Education,1994,0
233.97,6,16,1,0,0,0,187,825.39,Karnataka,Healthcare,1987,0
264.51,8,19,1,0,0,0,534,2766.71,Uttar Pradesh,Clothing,1982,0
310.22,4,11,1,1,0,0,77,1020.73,Maharashtra,Utilities,1973,0
2380.67,4,19,1,1,0,1,300,497.99,Maharashtra,Clothing,1994,0
188.28,5,18,1,0,0,0,553,2626.18,Delhi,Electronics,1972,0
1406.97,1,10,1,0,0,0,35,500.68,Telangana,Electronics,1977,0
135.17,5,14,1,0,0,0,183,10.0,Tamil Nadu,Education,1994,0
1609.48,4,14,1,0,0,0,642,1618.53,Telangana,Food,1999,0
919.48,5,18,1,1,0,1,104,31.77,Uttar Pradesh,Clothing,1980,0
1571.05,3,10,1,0,0,0,102,609.81,Uttar Pradesh,Electronics,1973,0
1478.19,3,12,1,0,0,1,175,38.02,Gujarat,Healthcare,1997,0
503.63,8,14,1,1,0,0,23,228.16,West Bengal,Entertainment,1986,0
279.15,6,7,1,1,0,1,289,90.83,Delhi,Grocery,1996,0
104.92,6,6,1,0,0,0,106,1349.78,Telangana,Grocery,1981,0
1207.48,3,15,1,0,0,1,680,488.72,West Bengal,Grocery,1973,0
27.12,6,8,1,1,0,1,483,334.92,Telangana,Clothing,1998,0
1243.02,2,14,1,0,0,0,519,1525.34,West Bengal,Electronics,1972,0
841.92,4,12,1,0,0,0,135,593.56,Karnataka,Clothing,1983,0
451.86,7,17,1,1,0,1,349,61.47,Maharashtra,Clothing,1993,0
2288.74,1,16,1,1,0,1,200,1354.75,West Bengal,Grocery,1992,0
593.62,1,6,1,1,0,1,508,124.89,Gujarat,Travel,1972,0
3910.9,8,6,1,1,0,1,162,491.38,Karnataka,Entertainment,1986,0
4753.81,3,9,1,0,0,0,315,2807.26,Uttar Pradesh,Grocery,1978,0
320.77,1,19,1,1,0,1,308,409.9,West Bengal,Utilities,1989,0
3010.68,1,10,1,0,0,0,472,812.97,Uttar Pradesh,Travel,1990,0
1809.53,4,8,1,0,0,1,200,1933.74,Gujarat,Grocery,1983,0
3956.24,3,12,1,1,0,1,581,1675.6,Kerala,Grocery,1986,0
2506.64,6,6,1,1,0,0,328,1104.57,Gujarat,Travel,1985,0
646.21,3,11,1,0,0,1,560,2900.14,West Bengal,Food,1981,0
768.86,5,10,1,1,0,1,638,1106.55,Rajasthan,Travel,1997,0
779.36,6,6,1,0,0,1,290,494.0,Delhi,Travel,1996,0
181.24,4,20,1,0,0,0,469,816.01,Gujarat,Electronics,1977,0
569.5,5,7,1,1,0,1,273,530.61,Kerala,Education,1988,0
980.88,3,9,1,1,0,1,637,26.45,Maharashtra,Clothing,1986,0
328.75,9,10,1,1,0,0,702,1330.6,Uttar Pradesh,Entertainment,1991,0
25571.2,13,3,3,0,0,0,11,134.1,Gujarat,Entertainment,1982,1
367.75,7,15,1,0,0,1,670,309.16,Uttar Pradesh,Entertainment,1994,0
544.44,4,8,1,1,0,1,210,2736.68,Gujarat,Food,1980,0
336.02,5,8,1,1,0,1,609,382.07,West Bengal,Healthcare,1970,0
32.35,4,7,1,1,0,1,356,199.32,Delhi,Grocery,1999,0
1727.24,6,11,1,0,0,1,718,365.48,West Bengal,Entertainment,1991,0
1873.41,2,19,1,0,0,1,658,790.92,Tamil Nadu,Electronics,1970,0
56.59,2,17,1,0,0,1,726,614.5,Karnataka,Electronics,1985,0
147.15,7,20,1,0,0,1,700,438.27,Maharashtra,Education,1998,0
270.99,7,10,1,0,0,1,497,1473.35,Maharashtra,Electronics,1974,0
1398.99,4,14,1,0,0,1,657,1433.75,Karnataka,Food,1973,0
179.63,8,13,1,0,0,1,454,933.5,Gujarat,Entertainment,1997,0
15.63,7,0,3,1,0,0,48,10826.77,Gujarat,Travel,1980,1
459.48,5,10,1,1,0,1,437,137.89,Uttar Pradesh,Education,1973,0
267.31,9,7,1,0,0,1,605,736.36,Delhi,Utilities,1975,0
45.37,3,16,1,0,0,0,304,402.47,Karnataka,Fuel,1993,0
2562.65,7,10,1,0,0,0,87,1697.75,Telangana,Education,1977,0
4285.07,6,6,1,0,0,0,591,11.9,Kerala,Clothing,1977,0
3420.56,8,20,1,1,0,0,558,1553.22,Delhi,Grocery,1980,0
675.12,9,20,1,0,0,0,706,522.11,Telangana,Clothing,1989,0
56.84,7,8,1,1,0,1,383,282.94,Kerala,Travel,1972,0
289.37,2,13,1,1,0,0,670,104.82,Rajasthan,Utilities,1976,0
3453.71,8,9,1,0,0,0,243,43.67,Gujarat,Entertainment,1990,0
582.22,4,13,1,0,0,0,638,77.93,Tamil Nadu,Education,1978,0
38.83,2,15,1,1,0,1,247,81.3,Maharashtra,Electronics,1985,0
595.5,9,16,1,1,0,1,65,213.43,Telangana,Electronics,1980,0
608.27,7,8,1,0,0,1,256,10.0,Uttar Pradesh,Travel,1991,0
458.47,7,14,1,1,0,0,561,945.51,Maharashtra,Entertainment,1994,0
2618.21,6,6,1,1,0,0,493,124.76,Rajasthan,Grocery,1971,0
204.95,7,6,1,0,0,0,702,2492.89,Tamil Nadu,Healthcare,1990,0
1354.2,8,12,1,0,0,0,184,342.37,Tamil Nadu,Utilities,1980,0
2509.04,4,16,1,0,0,0,571,338.26,Uttar Pradesh,Grocery,1990,0
1043.62,6,21,1,0,0,1,657,699.63,Delhi,Grocery,1994,0
2159.22,4,12,1,0,0,0,587,5506.76,Telangana,Food,1995,0
182.71,2,18,1,1,0,0,633,1561.03,Telangana,Education,1975,0
2777.56,4,7,1,1,0,0,275,804.85,Delhi,Grocery,1992,0
3158.74,7,21,1,1,0,1,188,4707.44,Delhi,Travel,1999,0
925.47,3,6,1,1,0,1,124,813.05,Rajasthan,Travel,1982,0
1104.59,3,11,1,0,0,0,713,1554.01,Maharashtra,Clothing,1994,0
83.0,1,13,1,1,0,0,631,569.44,Gujarat,Healthcare,1986,0
573.4,5,13,1,1,0,1,690,2134.52,Telangana,Fuel,1971,0
2993.15,9,9,1,0,0,1,373,180.29,Delhi,Fuel,1977,0
854.55,9,19,1,0,0,1,429,454.59,Rajasthan,Electronics,1982,0
3718.3,7,9,1,1,0,0,150,730.3,Maharashtra,Grocery,1999,0
3156.59,1,7,1,1,0,0,286,648.01,Uttar Pradesh,Electronics,1987,0
3290.64,5,14,1,0,0,1,396,806.5,Kerala,Electronics,1975,0
250.02,2,13,1,1,0,1,445,612.4,Rajasthan,Electronics,1997,0
1896.77,4,20,1,0,0,0,426,2242.7,Uttar Pradesh,Education,1970,0
939.94,9,12,1,0,0,0,115,2025.42,Maharashtra,Food,1995,0
1610.96,7,9,1,1,0,0,247,92.73,Maharashtra,Utilities,1992,0
192.18,5,19,1,1,0,0,46,970.74,Karnataka,Healthcare,1991,0
2250.36,3,20,1,0,0,1,374,1090.46,Delhi,Clothing,1982,0
809.24,9,9,1,1,0,1,423,3099.09,Maharashtra,Education,1999,0
273.37,26,1,4,1,1,1,12,6644.67,Rajasthan,Electronics,1993,1
314.21,7,11,1,1,0,0,141,477.94,Gujarat,Travel,1992,0
1450.95,2,21,1,0,0,0,448,777.36,Gujarat,Healthcare,1970,0
604.48,7,18,1,1,0,1,428,27.53,Tamil Nadu,Entertainment,1993,0
4910.63,9,14,1,1,0,1,649,957.57,Delhi,Travel,1992,0
440.02,2,17,1,0,0,1,156,2197.44,Kerala,Grocery,1983,0
71.97,3,15,1,1,0,0,331,3350.22,Telangana,Grocery,1982,0
686.18,6,18,1,0,0,0,360,197.77,Telangana,Fuel,1989,0
990.92,9,16,1,1,0,1,214,1115.39,Karnataka,Clothing,1984,0
284.87,3,6,1,0,0,0,293,4334.24,Karnataka,Entertainment,1993,0
341.69,3,14,1,0,0,1,462,970.31,Telangana,Education,1999,0
34.45,3,10,1,0,0,1,610,1420.67,Gujarat,Healthcare,1993,0
403.72,2,16,1,0,0,1,144,200.2,Gujarat,Clothing,1991,0
469.94,3,18,1,0,0,1,528,43.83,Kerala,Education,1974,0
50.94,3,18,1,0,0,0,318,794.71,Tamil Nadu,Utilities,1994,0
10344.31,25,1,3,2,1,2,34,689.7,Tamil Nadu,Healthcare,1988,1
1923.36,9,20,1,1,0,1,409,795.97,Gujarat,Grocery,1996,0
1281.86,2,10,1,0,0,1,140,201.94,Karnataka,Food,1990,0
1204.41,2,14,1,0,0,1,89,1657.97,Karnataka,Electronics,1980,0
10532.78,26,23,2,1,0,0,49,10.0,Kerala,Grocery,1977,1
2519.23,8,18,1,0,0,1,102,90.04,Maharashtra,Electronics,1997,0
107.09,8,6,1,1,0,1,502,1527.89,Delhi,Clothing,1994,0
12.21,9,19,1,1,0,1,391,591.33,Telangana,Grocery,1979,0
1795.04,1,15,1,1,0,0,181,464.75,Tamil Nadu,Grocery,1987,0
65.04,7,8,1,0,0,0,509,924.35,Gujarat,Education,1993,0
1670.61,4,8,1,1,0,1,480,154.36,Tamil Nadu,Travel,1992,0
254.64,9,15,1,0,0,0,545,760.07,Kerala,Education,1977,0
1780.72,7,12,1,1,0,1,339,320.62,Gujarat,Healthcare,1995,0
924.39,5,14,1,0,0,0,416,742.47,Karnataka,Travel,1971,0
881.28,6,19,1,1,0,1,454,480.0,Uttar Pradesh,Travel,1984,0
386.52,8,13,1,1,0,0,203,104.73,Tamil Nadu,Clothing,1974,0
3725.25,3,7,1,1,0,1,288,1327.08,Gujarat,Grocery,1973,0
132.06,5,11,1,0,0,1,146,839.21,Rajasthan,Education,1991,0
673.67,9,16,1,0,0,0,19,1039.52,Kerala,Fuel,1998,0
101.28,1,17,1,0,0,0,476,195.36,Telangana,Education,1988,0
7871.58,24,1,4,0,1,1,26,8458.43,Rajasthan,Utilities,1992,1
1226.26,4,7,1,1,0,1,695,1674.9,West Bengal,Utilities,1990,0
269.99,7,19,1,0,0,1,7,877.62,Telangana,Fuel,1978,0
193.32,9,12,1,0,0,1,12,43.22,Karnataka,Healthcare,1980,0
502.92,2,10,1,0,0,0,33,746.09,West Bengal,Travel,1973,0
1061.88,8,15,1,1,0,0,241,367.7,Kerala,Travel,1998,0
811.39,6,15,1,0,0,0,259,567.45,Maharashtra,Fuel,1976,0
410.67,9,14,1,1,0,1,193,791.59,Kerala,Education,1999,0
827.64,1,21,1,0,0,0,341,482.97,Telangana,Entertainment,1971,0
3053.15,8,21,1,0,0,1,330,462.53,Telangana,Grocery,1970,0
832.12,1,6,1,1,0,0,163,547.41,West Bengal,Clothing,1979,0
1034.12,8,11,1,0,0,0,22,305.65,Uttar Pradesh,Food,1974,0
178.45,2,19,1,0,0,0,608,237.93,Gujarat,Grocery,1998,0
318.57,4,10,1,1,0,0,563,941.54,Telangana,Clothing,1991,0
202.49,3,20,1,0,0,0,206,133.57,Kerala,Entertainment,1975,0
902.5,9,6,1,0,0,0,81,1971.73,Gujarat,Education,1977,0
3450.35,3,7,1,1,0,0,99,1212.31,Rajasthan,Travel,1975,0
324.47,7,20,1,0,0,1,78,728.79,West Bengal,Food,1983,0
229.99,9,9,1,1,0,0,303,3429.01,Uttar Pradesh,Food,1972,0
977.43,2,16,1,0,0,0,613,257.48,Telangana,Healthcare,1988,0
5182.73,21,5,1,1,0,0,49,6116.45,Maharashtra,Education,1985,1
125.73,8,7,1,1,0,1,331,1351.5,Uttar Pradesh,Grocery,1997,0
647.81,6,15,1,1,0,0,148,455.58,Karnataka,Utilities,1982,0
578.99,1,13,1,0,0,0,132,841.02,Kerala,Healthcare,1970,0
844.28,7,11,1,1,0,0,633,382.08,Maharashtra,Clothing,1992,0
1390.68,6,11,1,1,0,0,342,351.54,Delhi,Healthcare,1989,0
87.16,2,7,1,0,0,1,370,161.75,Rajasthan,Clothing,1981,0
1534.52,4,9,1,0,0,0,369,387.85,Maharashtra,Electronics,1981,0
2329.54,1,7,1,0,0,1,22,2636.23,Kerala,Utilities,1986,0
388.64,2,17,1,0,0,1,327,1496.58,Delhi,Electronics,1989,0
1739.29,9,9,1,1,0,0,527,1185.57,Maharashtra,Entertainment,1995,0
1472.69,9,14,1,0,0,0,468,1827.07,West Bengal,Healthcare,1985,0
1279.47,2,20,1,0,0,1,412,936.51,Tamil Nadu,Fuel,1988,0
2928.59,9,12,1,1,0,1,287,809.69,Gujarat,Utilities,1983,0
589.2,2,16,1,0,0,1,132,914.44,Delhi,Entertainment,1978,0
1620.14,4,8,1,0,0,0,443,2319.12,Uttar Pradesh,Utilities,1988,0
253.82,3,6,1,0,0,1,147,22.37,Uttar Pradesh,Electronics,1974,0
196.8,2,8,1,0,0,1,686,1265.79,Tamil Nadu,Food,1998,0
3440.18,6,6,1,1,0,0,206,14.84,Gujarat,Fuel,1980,0
3550.49,8,7,1,0,0,0,296,223.98,Tamil Nadu,Utilities,1981,0
41.17,7,16,1,0,0,0,162,10.0,Rajasthan,Food,1972,0
1392.93,4,10,1,0,0,1,441,853.53,Tamil Nadu,Fuel,1985,0
588.86,4,6,1,0,0,0,244,671.55,Telangana,Grocery,1979,0
533.36,5,21,1,1,0,1,480,236.78,Gujarat,Healthcare,1983,0
35.87,6,7,1,0,0,1,181,10.0,Kerala,Fuel,1996,0
111.32,7,20,1,1,0,0,147,558.07,Telangana,Education,1990,0
2811.62,7,19,1,0,0,1,330,1163.32,West Bengal,Entertainment,1991,0
686.32,3,6,1,1,0,0,71,782.42,Maharashtra,Food,1978,0
972.63,2,6,1,1,0,0,38,254.33,Maharashtra,Grocery,1999,0
2749.05,7,19,1,1,0,1,435,1497.4,Telangana,Clothing,1985,0
571.41,4,21,1,1,0,0,378,3706.19,Kerala,Entertainment,1991,0
26.63,1,17,1,1,0,0,420,1299.11,Telangana,Clothing,1972,0
429.87,3,10,1,0,0,0,511,274.61,Kerala,Clothing,1989,0
91.13,5,13,1,1,0,1,526,716.28,Delhi,Travel,1996,0
783.56,9,18,1,1,0,0,22,1352.88,Tamil Nadu,Utilities,1993,0
1071.58,5,6,1,1,0,1,395,338.18,Gujarat,Entertainment,1970,0
1663.84,11,3,1,2,1,0,17,3371.06,West Bengal,Entertainment,1992,1
731.39,1,16,1,1,0,0,64,123.27,Maharashtra,Utilities,1998,0
2955.32,7,9,1,1,0,1,73,1185.37,Tamil Nadu,Fuel,1994,0
3073.62,16,23,3,2,0,0,47,1862.05,Rajasthan,Education,1988,1
538.41,2,13,1,1,0,1,518,2645.17,Rajasthan,Healthcare,1973,0
1827.07,5,14,1,0,0,1,260,3470.54,Uttar Pradesh,Utilities,1986,0
572.85,1,14,1,0,0,0,22,497.62,Maharashtra,Travel,1985,0
3358.58,1,9,1,0,0,1,51,1889.32,Maharashtra,Grocery,1975,0
1267.19,7,6,1,1,0,0,591,1098.77,Delhi,Food,1991,0
1957.4,4,18,1,0,0,0,405,272.14,Delhi,Clothing,1970,0
64.6,9,12,1,1,0,0,625,73.24,Gujarat,Utilities,1987,0
3283.62,3,6,1,1,0,0,595,1473.43,Telangana,Food,1997,0
2085.43,22,1,2,2,1,1,57,2335.4,Delhi,Clothing,1988,1
1373.34,8,12,1,0,0,0,77,655.35,Uttar Pradesh,Fuel,1974,0
1532.3,8,16,1,0,0,1,238,940.05,Karnataka,Clothing,1989,0
1070.99,1,6,1,1,0,1,10,145.54,Rajasthan,Entertainment,1970,0
3241.14,9,14,1,1,0,0,636,3511.63,Gujarat,Grocery,1998,0
1226.9,6,9,1,1,0,0,227,1481.8,Tamil Nadu,Clothing,1988,0
3836.68,1,8,1,1,0,0,678,152.23,Delhi,Food,1978,0
851.76,8,15,1,1,0,0,606,1274.21,Uttar Pradesh,Education,1986,0
274.3,8,17,1,1,0,0,198,150.71,Gujarat,Grocery,1993,0
566.57,9,17,1,0,0,0,430,287.48,Kerala,Clothing,1993,0
1500.43,5,11,1,0,0,0,346,328.31,Gujarat,Education,1999,0
2977.88,1,10,1,0,0,1,299,2221.63,Telangana,Utilities,1996,0
153.8,6,10,1,0,0,1,291,2113.4,Kerala,Utilities,1986,0
116.34,1,15,1,1,0,1,629,76.12,Rajasthan,Electronics,1974,0
212.05,2,18,1,1,0,0,663,1684.26,Delhi,Education,1994,0
555.95,8,15,1,1,0,1,255,693.47,Kerala,Entertainment,1991,0
164.7,4,16,1,0,0,0,138,1004.97,Karnataka,Entertainment,1990,0
1301.75,4,16,1,0,0,1,651,533.13,Maharashtra,Clothing,1988,0
582.21,7,20,1,0,0,1,664,2913.65,West Bengal,Utilities,1997,0
606.25,5,19,1,1,0,0,343,618.81,Delhi,Fuel,1992,0
2065.29,27,0,3,0,1,0,42,752.61,Gujarat,Food,1985,1
494.03,1,14,1,1,0,1,571,710.52,Gujarat,Fuel,1993,0
155.68,6,16,1,1,0,0,8,444.01,Delhi,Fuel,1997,0
685.45,6,17,1,1,0,0,137,319.78,Telangana,Travel,1994,0
214.48,6,19,1,0,0,0,25,1741.2,Uttar Pradesh,Grocery,1983,0
1404.09,2,20,1,0,0,0,299,177.96,Maharashtra,Education,1993,0
1345.07,1,20,1,1,0,1,14,2609.48,West Bengal,Education,1973,0
830.57,2,8,1,1,0,1,672,464.37,Gujarat,Fuel,1972,0
750.21,4,15,1,1,0,1,665,833.29,Delhi,Food,1978,0
245.62,4,12,1,0,0,0,567,1490.21,Karnataka,Fuel,1980,0
1369.25,24,1,2,2,0,1,58,3460.79,Delhi,Travel,1990,1
697.61,8,17,1,1,0,0,188,75.07,Maharashtra,Food,1978,0
4820.18,10,3,4,0,1,1,28,4409.51,Karnataka,Entertainment,1977,1
212.53,3,14,1,0,0,0,243,2054.78,West Bengal,Electronics,1985,0
111.54,9,18,1,0,0,1,531,952.54,Gujarat,Travel,1995,0
10.0,2,19,1,0,0,0,290,240.67,West Bengal,Education,1987,0
1372.19,7,9,1,1,0,1,65,540.34,West Bengal,Clothing,1990,0
688.68,4,7,1,1,0,1,326,79.7,Telangana,Healthcare,1981,0
193.54,6,19,1,0,0,0,248,1912.98,Telangana,Grocery,1979,0
1366.02,5,8,1,0,0,0,113,758.25,Tamil Nadu,Grocery,1972,0
89.11,5,17,1,1,0,0,480,2180.18,Gujarat,Food,1993,0
186.6,9,8,1,0,0,1,52,312.78,Telangana,Fuel,1989,0
630.18,1,21,1,1,0,1,659,105.26,Maharashtra,Electronics,1994,0
850.41,3,11,1,1,0,1,597,1803.33,Maharashtra,Entertainment,1977,0
523.21,6,19,1,1,0,0,101,3481.24,Delhi,Electronics,1980,0
156.62,3,10,1,0,0,1,384,1280.41,West Bengal,Grocery,1997,0
324.09,5,18,1,0,0,1,644,206.09,Karnataka,Clothing,1994,0
550.25,6,2,1,0,0,0,43,11633.45,Gujarat,Clothing,1997,1
1217.12,3,21,1,0,0,1,382,745.71,Gujarat,Travel,1997,0
1073.39,5,15,1,1,0,0,385,551.1,West Bengal,Clothing,1980,0
253.05,4,6,1,1,0,1,132,1221.22,Delhi,Clothing,1980,0
558.28,1,11,1,1,0,0,175,883.87,Tamil Nadu,Education,1987,0
384.33,4,6,1,1,0,0,439,228.49,Uttar Pradesh,Electronics,1992,0
326.52,1,16,1,0,0,0,661,239.03,Kerala,Electronics,1988,0
386.25,1,16,1,0,0,1,57,454.5,Telangana,Electronics,1974,0
491.35,8,19,1,0,0,0,559,928.51,Kerala,Grocery,1973,0
3542.45,28,5,1,2,0,0,39,3522.97,Rajasthan,Education,1999,1
317.83,4,21,1,0,0,1,383,97.64,Uttar Pradesh,Entertainment,1972,0
571.21,8,12,1,1,0,0,603,1843.89,Kerala,Electronics,1974,0
238.61,1,11,1,0,0,1,280,274.53,Gujarat,Education,1984,0
55.35,1,10,1,1,0,0,547,1176.73,Rajasthan,Healthcare,1986,0
1579.92,5,9,1,1,0,0,297,199.67,Delhi,Clothing,1972,0
78.7,3,16,1,0,0,0,312,429.55,Tamil Nadu,Education,1997,0
1207.73,6,17,1,0,0,0,95,2454.58,Gujarat,Electronics,1981,0
202.76,1,15,1,0,0,1,59,853.94,West Bengal,Fuel,1991,0
667.76,2,14,1,1,0,0,171,418.38,Uttar Pradesh,Entertainment,1981,0
810.17,7,9,1,1,0,1,526,343.31,West Bengal,Food,1984,0
558.99,9,19,1,1,0,0,383,387.78,Maharashtra,Clothing,1995,0
277.67,6,6,1,0,0,1,692,1096.09,West Bengal,Electronics,1974,0
3246.0,1,14,1,0,0,1,492,10.73,Uttar Pradesh,Clothing,1973,0
1000.76,9,13,1,0,0,0,709,83.14,Tamil Nadu,Grocery,1999,0
2298.26,8,10,1,1,0,1,589,132.32,Delhi,Food,1994,0
1645.91,7,10,1,1,0,0,662,1268.43,Uttar Pradesh,Travel,1970,0
739.05,3,13,1,0,0,0,172,726.37,West Bengal,Utilities,1998,0
143.4,7,17,1,1,0,0,585,334.27,Uttar Pradesh,Utilities,1979,0
830.9,7,12,1,0,0,1,512,812.98,Kerala,Education,1970,0
447.7,2,9,1,0,0,1,137,1171.88,Maharashtra,Utilities,1983,0
2747.04,3,17,1,0,0,0,241,2281.03,Rajasthan,Food,1979,0
200.94,3,14,1,0,0,1,438,514.64,Kerala,Travel,1978,0
79.96,5,19,1,1,0,1,58,622.02,Telangana,Grocery,1985,0
1870.62,9,15,1,0,0,0,262,1371.1,Uttar Pradesh,Education,1987,0
10.0,1,15,1,0,0,1,629,2092.78,Kerala,Clothing,1996,0
2004.36,1,9,1,1,0,0,227,914.46,Tamil Nadu,Electronics,1997,0
83.77,6,16,1,1,0,0,303,101.19,West Bengal,Grocery,1979,0
714.59,29,3,1,0,1,2,6,3677.39,Kerala,Fuel,1989,1
647.28,5,9,1,0,0,0,705,422.54,Rajasthan,Travel,1978,0
188.86,8,10,1,1,0,1,221,178.79,Telangana,Travel,1986,0
1254.7,6,20,1,1,0,0,523,2298.76,Karnataka,Fuel,1989,0
171.96,4,15,1,1,0,0,300,484.75,Rajasthan,Healthcare,1991,0
667.93,8,7,1,1,0,0,181,24.78,Maharashtra,Education,1979,0
2330.25,5,16,1,0,0,0,422,1863.89,Gujarat,Education,1993,0
151.65,7,17,1,1,0,0,457,656.45,Kerala,Utilities,1979,0
2334.91,7,12,1,0,0,1,419,709.17,Gujarat,Grocery,1990,0
12.98,4,14,1,0,0,1,422,212.35,Uttar Pradesh,Clothing,1980,0
4271.16,10,3,2,2,1,0,36,1694.94,West Bengal,Utilities,1986,1
257.27,5,18,1,1,0,1,516,500.41,Karnataka,Electronics,1978,0
3538.26,4,7,1,1,0,0,152,227.54,Telangana,Food,1985,0
134.06,9,21,1,0,0,1,703,398.05,Uttar Pradesh,Entertainment,1987,0
379.55,7,9,1,1,0,0,488,702.91,Karnataka,Utilities,1985,0
919.14,5,20,1,1,0,1,42,1463.96,Gujarat,Clothing,1982,0
1293.4,3,19,1,1,0,0,594,10.0,Karnataka,Grocery,1993,0
5679.82,1,7,1,0,0,1,496,1634.08,Delhi,Entertainment,1992,0
902.93,8,7,1,0,0,1,216,1404.08,Delhi,Electronics,1982,0
927.45,1,11,1,1,0,1,46,336.73,Rajasthan,Education,1998,0
279.22,6,9,1,1,0,0,393,2537.54,Kerala,Healthcare,1992,0
443.65,8,13,1,1,0,1,490,23.25,Uttar Pradesh,Clothing,1973,0
2110.03,3,13,1,0,0,0,169,241.4,West Bengal,Fuel,1982,0
137.62,6,15,1,1,0,0,532,2944.36,Kerala,Grocery,1971,0
272.34,7,21,1,0,0,0,228,2270.99,Telangana,Clothing,1985,0
736.02,8,8,1,0,0,0,442,1639.17,Maharashtra,Travel,1988,0
2109.92,7,19,1,1,0,1,585,883.62,Delhi,Education,1990,0
1706.01,2,16,1,0,0,1,534,166.62,Kerala,Food,1977,0
1525.59,6,19,1,1,0,1,201,442.12,Gujarat,Education,1985,0
683.96,7,19,1,0,0,0,30,798.47,Telangana,Healthcare,1973,0
4727.73,14,0,3,2,1,1,50,1633.4,Kerala,Education,1984,1
1160.18,2,17,1,1,0,0,253,216.91,Maharashtra,Fuel,1978,0
1643.09,2,16,1,1,0,0,492,1405.18,Karnataka,Education,1974,0
1029.44,3,8,1,1,0,0,486,73.93,Rajasthan,Fuel,1990,0
1128.62,5,8,1,1,0,0,47,321.5,Delhi,Clothing,1971,0
400.95,9,8,1,1,0,1,148,203.92,Kerala,Healthcare,1998,0
230.05,2,20,1,1,0,1,82,1528.95,Delhi,Grocery,1981,0
293.89,3,14,1,0,0,1,161,418.85,West Bengal,Fuel,1983,0
846.62,9,16,1,1,0,1,391,35.54,Gujarat,Education,1988,0
1268.27,7,18,1,1,0,1,319,680.05,Rajasthan,Grocery,1982,0
28.05,5,18,1,0,0,1,202,738.38,West Bengal,Clothing,1980,0
1073.97,8,12,1,0,0,1,25,436.34,Gujarat,Clothing,1980,0
576.62,7,12,1,1,0,0,338,147.42,Kerala,Entertainment,1996,0
1566.04,1,11,1,0,0,1,256,641.71,Delhi,Travel,1994,0
857.03,7,15,1,1,0,1,415,379.85,Delhi,Grocery,1981,0
892.97,7,11,1,0,0,0,594,3267.33,Karnataka,Travel,1975,0
332.54,9,19,1,1,0,1,305,1640.72,Delhi,Utilities,1985,0
620.14,2,8,1,1,0,1,466,339.68,Kerala,Entertainment,1984,0
1776.16,8,17,1,1,0,0,306,253.36,Telangana,Fuel,1986,0
763.76,5,6,1,1,0,1,151,1060.97,Tamil Nadu,Utilities,1971,0
945.12,6,6,1,0,0,1,441,518.96,Kerala,Entertainment,1991,0
519.8,2,9,1,1,0,1,543,705.63,Karnataka,Entertainment,1991,0
9293.39,6,15,1,0,0,1,616,710.92,Kerala,Education,1985,0
531.6,3,7,1,0,0,1,511,203.84,Rajasthan,Grocery,1989,0
2135.42,5,18,1,1,0,0,494,363.72,Delhi,Travel,1995,0
1125.99,6,16,1,0,0,0,362,1397.3,Delhi,Entertainment,1981,0
2892.38,1,15,1,1,0,0,232,490.31,Karnataka,Utilities,1980,0
427.43,9,9,1,1,0,0,354,485.34,Rajasthan,Travel,1976,0
1670.05,9,3,4,2,0,1,17,1653.52,Maharashtra,Electronics,1974,1
1567.98,9,11,1,0,0,0,355,1007.07,Uttar Pradesh,Fuel,1986,0
112.58,6,7,1,0,0,0,42,844.84,Maharashtra,Electronics,1984,0
1799.21,9,15,1,0,0,0,553,1348.97,Karnataka,Healthcare,1976,0
1436.07,1,13,1,1,0,1,183,510.04,Gujarat,Clothing,1992,0
442.32,6,6,1,1,0,0,240,413.5,Maharashtra,Utilities,1982,0
858.03,7,18,1,1,0,1,86,437.17,Tamil Nadu,Electronics,1995,0
1513.83,9,18,1,0,0,0,166,1589.89,Karnataka,Fuel,1970,0
26.34,6,18,1,0,0,0,291,739.33,Tamil Nadu,Fuel,1981,0
1639.83,5,13,1,0,0,0,594,1049.83,Karnataka,Travel,1984,0
242.32,3,16,1,0,0,0,59,560.1,West Bengal,Clothing,1972,0
2072.11,2,8,1,1,0,0,589,1841.48,Uttar Pradesh,Fuel,1999,0
689.27,1,20,1,1,0,1,118,835.34,Rajasthan,Utilities,1984,0
354.71,2,21,1,0,0,0,437,330.93,Delhi,Grocery,1979,0
368.61,8,6,1,1,0,1,381,33.06,Karnataka,Food,1998,0
878.66,8,8,1,0,0,1,69,1540.62,Uttar Pradesh,Utilities,1977,0
96.72,5,20,1,0,0,0,455,2064.58,Karnataka,Travel,1990,0
1336.41,8,18,1,0,0,0,454,248.56,Uttar Pradesh,Food,1998,0
1008.41,2,8,1,0,0,0,340,734.25,Tamil Nadu,Clothing,1982,0
1427.4,8,15,1,1,0,1,172,636.56,West Bengal,Education,1975,0
594.91,5,17,1,0,0,0,324,2217.64,Maharashtra,Food,1996,0
715.96,8,8,1,0,0,0,701,1520.53,Telangana,Education,1980,0
911.45,9,18,1,0,0,0,455,5269.29,Delhi,Entertainment,1970,0
889.04,1,14,1,1,0,1,663,1264.72,Uttar Pradesh,Travel,1973,0
281.88,2,16,1,0,0,0,134,772.57,Kerala,Travel,1975,0
4243.05,5,17,1,1,0,1,462,743.13,Karnataka,Grocery,1977,0
79.18,4,17,1,0,0,1,33,659.58,Kerala,Education,1999,0
4611.86,9,8,1,1,0,1,260,1019.76,Uttar Pradesh,Food,1989,0
1374.91,8,18,1,0,0,0,622,142.78,Maharashtra,Travel,1973,0
628.61,3,15,1,0,0,1,553,1484.21,Kerala,Grocery,1971,0
395.89,1,13,1,0,0,1,410,916.22,Gujarat,Education,1987,0
764.28,3,11,1,0,0,1,321,887.7,Tamil Nadu,Utilities,1985,0
477.15,6,11,1,1,0,1,448,806.03,Karnataka,Entertainment,1994,0
1522.9,1,12,1,1,0,1,192,1196.21,Delhi,Electronics,1998,0
354.05,8,14,1,1,0,0,164,292.79,Telangana,Fuel,1986,0
767.91,1,10,1,1,0,0,196,1624.05,Delhi,Grocery,1997,0
737.74,2,15,1,0,0,1,424,1626.89,Uttar Pradesh,Travel,1973,0
1994.12,6,3,4,0,0,2,44,2950.9,Kerala,Entertainment,1970,1
164.73,2,20,1,0,0,0,534,130.3,Tamil Nadu,Healthcare,1981,0
11.22,9,9,1,0,0,0,221,597.07,Karnataka,Grocery,1992,0
548.59,6,21,1,1,0,1,244,4241.4,Rajasthan,Entertainment,1997,0
275.57,4,19,1,0,0,0,587,93.81,Maharashtra,Fuel,1994,0
1609.97,8,17,1,1,0,1,26,2406.11,Kerala,Food,1980,0
837.05,7,18,1,0,0,0,631,417.73,Uttar Pradesh,Utilities,1980,0
1721.99,6,17,1,0,0,1,134,3225.63,Kerala,Travel,1993,0
957.62,4,7,1,1,0,1,614,3247.26,Rajasthan,Grocery,1985,0
5313.93,2,20,1,1,0,1,480,1746.13,Uttar Pradesh,Clothing,1983,0
689.04,3,11,1,0,0,0,267,1663.44,Uttar Pradesh,Food,1991,0
275.65,4,18,1,0,0,1,711,547.12,Uttar Pradesh,Entertainment,1992,0
5102.82,16,22,3,2,1,1,5,2887.89,Rajasthan,Fuel,1989,1
130.0,5,10,1,1,0,1,582,288.58,Delhi,Entertainment,1986,0
476.08,5,10,1,0,0,0,127,292.01,Telangana,Food,1991,0
203.54,9,17,1,1,0,1,690,1288.89,Rajasthan,Electronics,1984,0
93.09,3,21,1,1,0,0,283,199.24,Maharashtra,Food,1996,0
699.06,9,14,1,1,0,0,344,121.62,Tamil Nadu,Fuel,1984,0
1694.96,8,15,1,0,0,0,191,3694.18,West Bengal,Entertainment,1993,0
31.39,3,18,1,0,0,0,86,629.95,Gujarat,Fuel,1982,0
1162.4,1,13,1,1,0,0,640,1431.6,Kerala,Education,1982,0
863.97,8,14,1,1,0,0,473,126.12,Telangana,Fuel,1972,0
1690.13,7,21,1,1,0,0,491,389.44,Gujarat,Clothing,1987,0
1572.7,9,14,1,1,0,1,490,151.71,Gujarat,Travel,1987,0
168.2,3,11,1,1,0,0,640,291.48,Tamil Nadu,Grocery,1979,0
248.0,2,11,1,0,0,1,55,287.64,Uttar Pradesh,Education,1978,0
256.54,5,15,1,1,0,0,456,2728.02,Tamil Nadu,Fuel,1992,0
361.86,6,15,1,0,0,0,5,882.71,Rajasthan,Utilities,1993,0
2282.26,5,21,1,0,0,0,297,470.39,Telangana,Entertainment,1973,0
32.84,1,9,1,0,0,0,376,146.12,Gujarat,Clothing,1986,0
337.43,1,9,1,0,0,1,63,153.66,Tamil Nadu,Food,1973,0
809.0,5,12,1,0,0,0,607,230.77,Kerala,Food,1977,0
591.78,1,21,1,1,0,1,657,409.82,West Bengal,Education,1976,0
4034.29,8,9,1,0,0,0,388,912.63,Rajasthan,Education,1997,0
357.82,6,21,1,0,0,0,576,1379.4,Maharashtra,Healthcare,1990,0
2286.23,5,16,1,0,0,1,644,142.7,Delhi,Travel,1974,0
665.6,5,7,1,0,0,0,84,1808.08,Uttar Pradesh,Healthcare,1990,0
10.0,2,14,1,0,0,1,562,81.56,Rajasthan,Entertainment,1989,0
715.08,7,21,1,0,0,0,396,723.3,Karnataka,Education,1973,0
854.41,2,14,1,1,0,1,212,2468.19,Telangana,Healthcare,1973,0
731.01,4,18,1,1,0,1,632,3178.78,West Bengal,Healthcare,1986,0
1299.13,7,8,1,1,0,1,579,2059.14,Karnataka,Education,1975,0
2643.63,9,17,1,0,0,0,1,687.47,West Bengal,Healthcare,1976,0
80.06,7,13,1,0,0,1,640,811.11,Maharashtra,Entertainment,1976,0
108.39,6,7,1,1,0,0,586,677.19,Tamil Nadu,Grocery,1976,0
4460.81,7,20,1,0,0,0,227,495.24,Delhi,Food,1993,0
30.8,1,14,1,0,0,1,394,1030.59,Karnataka,Grocery,1971,0
327.28,7,16,1,0,0,0,199,584.77,Telangana,Entertainment,1987,0
864.71,3,20,1,0,0,1,576,302.03,Gujarat,Food,1997,0
1555.12,5,13,1,0,0,1,722,658.02,Kerala,Travel,1992,0
1226.99,4,8,1,0,0,1,316,1343.17,Delhi,Fuel,1986,0
839.63,2,10,1,0,0,1,375,1375.09,Kerala,Electronics,1970,0
115.83,3,12,1,0,0,1,649,2940.29,Delhi,Utilities,1999,0
46.07,2,8,1,1,0,0,600,48.41,Maharashtra,Fuel,1977,0
121.94,9,12,1,0,0,1,35,194.6,Rajasthan,Fuel,1978,0
76.46,7,11,1,0,0,1,324,1026.04,West Bengal,Food,1985,0
194.21,1,20,1,0,0,1,504,229.72,Telangana,Entertainment,1980,0
877.35,3,11,1,1,0,1,70,804.74,West Bengal,Grocery,1994,0
468.41,5,9,1,0,0,1,615,2155.01,West Bengal,Healthcare,1986,0
63.62,3,14,1,1,0,0,265,833.54,Telangana,Electronics,1971,0
24.62,1,18,1,1,0,1,267,262.68,Rajasthan,Utilities,1973,0
633.14,7,11,1,1,0,0,68,1345.65,Rajasthan,Education,1996,0
73.46,7,10,1,1,0,1,262,1423.9,Rajasthan,Electronics,1974,0
836.78,8,5,3,0,0,1,8,2200.79,Maharashtra,Travel,1984,1
1678.94,3,18,1,0,0,0,384,644.35,Delhi,Food,1998,0
2054.94,5,15,1,0,0,1,439,308.09,Kerala,Food,1988,0
634.62,14,2,3,2,1,2,59,2015.71,Telangana,Education,1971,1
94.39,3,21,1,0,0,1,273,1819.99,Uttar Pradesh,Grocery,1991,0
1820.01,8,7,1,0,0,1,481,739.6,Tamil Nadu,Utilities,1978,0
167.09,2,17,1,1,0,1,712,1226.39,Kerala,Entertainment,1973,0
531.09,3,9,1,0,0,1,561,339.74,Delhi,Electronics,1976,0
259.8,6,6,1,1,0,1,513,538.71,Uttar Pradesh,Grocery,1987,0
622.47,3,8,1,1,0,1,317,1088.47,Karnataka,Clothing,1981,0
2395.49,5,21,1,0,0,0,5,1236.64,Maharashtra,Food,1986,0
913.92,5,9,1,1,0,1,203,158.08,West Bengal,Grocery,1987,0
2076.91,1,16,1,0,0,0,335,444.65,Kerala,Education,1990,0
267.9,2,17,1,1,0,0,677,28.87,Kerala,Electronics,1975,0
350.7,3,12,1,1,0,1,537,527.83,Rajasthan,Fuel,1998,0
1640.02,3,14,1,1,0,0,589,780.33,Uttar Pradesh,Food,1983,0
867.49,5,9,1,1,0,1,266,1590.06,Rajasthan,Electronics,1993,0
1437.15,4,2,4,1,1,2,3,833.25,Gujarat,Fuel,1971,1
1057.66,3,21,1,1,0,0,487,264.46,Uttar Pradesh,Entertainment,1994,0
3028.78,6,20,1,0,0,0,690,816.96,Tamil Nadu,Clothing,1993,0
527.05,7,13,1,1,0,0,444,3041.96,Telangana,Healthcare,1987,0
931.49,7,19,1,0,0,0,526,3237.18,Rajasthan,Education,1980,0
696.78,4,15,1,1,0,1,581,275.8,Maharashtra,Food,1990,0
1098.25,8,13,1,0,0,1,160,436.89,Kerala,Clothing,1976,0
836.34,7,17,1,1,0,1,180,2238.35,Karnataka,Clothing,1972,0
2302.18,7,9,1,0,0,1,47,906.71,Telangana,Entertainment,1998,0
627.75,5,21,1,0,0,1,437,2150.54,Tamil Nadu,Education,1974,0
625.51,3,18,1,0,0,1,612,402.84,Karnataka,Utilities,1970,0
233.72,6,13,1,0,0,0,272,852.41,Delhi,Food,1975,0
1051.01,2,7,1,1,0,0,194,83.38,Karnataka,Healthcare,1995,0
428.97,9,18,1,1,0,1,619,332.13,Gujarat,Grocery,1989,0
461.68,7,15,1,1,0,0,305,1902.8,Karnataka,Healthcare,1985,0
1194.24,3,8,1,1,0,0,580,1217.73,Delhi,Utilities,1993,0
177.71,9,15,1,1,0,0,290,1913.87,Delhi,Electronics,1978,0
2514.89,8,19,1,0,0,1,120,43.79,West Bengal,Healthcare,1999,0
56.46,6,17,1,1,0,0,408,10.0,Kerala,Grocery,1999,0
10.0,1,11,1,1,0,1,330,777.15,Rajasthan,Fuel,1989,0
952.92,2,21,1,1,0,0,391,175.84,Telangana,Entertainment,1987,0
2878.41,2,11,1,1,0,1,691,890.96,Maharashtra,Electronics,1971,0
508.48,8,20,1,0,0,1,28,431.06,Gujarat,Fuel,1978,0
3757.82,7,19,1,1,0,1,389,884.52,West Bengal,Clothing,1973,0
917.12,6,7,1,0,0,0,420,238.56,West Bengal,Grocery,1983,0
1240.02,6,14,1,0,0,0,349,34.27,Gujarat,Entertainment,1997,0
3956.58,4,16,1,0,0,0,116,353.93,Uttar Pradesh,Electronics,1973,0
4266.16,6,14,1,0,0,0,477,3025.75,Uttar Pradesh,Fuel,1982,0
2345.84,6,6,1,0,0,0,55,225.25,Gujarat,Fuel,1980,0
3360.88,4,23,1,2,0,0,31,4700.5,West Bengal,Education,1993,1
421.36,9,19,1,1,0,1,417,1125.09,Kerala,Travel,1987,0
1607.03,5,16,1,0,0,0,355,391.62,Kerala,Travel,1981,0
521.9,5,14,1,0,0,1,493,148.28,Karnataka,Grocery,1972,0
2677.41,1,9,1,0,0,1,87,333.88,Uttar Pradesh,Electronics,1989,0
37.14,9,7,1,1,0,0,117,563.59,Maharashtra,Electronics,1986,0
376.53,7,10,1,1,0,0,427,1655.84,Rajasthan,Food,1976,0
879.47,5,11,1,0,0,1,137,254.59,Rajasthan,Education,1998,0
1466.24,5,14,1,0,0,0,131,332.58,Gujarat,Entertainment,1981,0
4230.97,4,0,3,0,0,2,7,2985.83,Telangana,Entertainment,1989,1
1962.35,3,8,1,1,0,1,315,399.21,Telangana,Grocery,1993,0
719.27,5,6,1,1,0,0,237,10.0,Maharashtra,Food,1978,0
85.48,6,20,1,0,0,1,180,724.1,Telangana,Utilities,1973,0
1631.49,6,18,1,0,0,1,76,589.57,Karnataka,Fuel,1993,0
2608.25,9,7,1,1,0,1,395,24.01,Delhi,Clothing,1974,0
158.61,1,19,1,0,0,0,598,649.53,Gujarat,Education,1990,0
10890.94,17,23,2,1,0,2,34,4176.78,Telangana,Food,1970,1
194.67,7,13,1,1,0,0,20,3317.44,Tamil Nadu,Grocery,1993,0
4736.21,9,11,1,0,0,1,591,905.49,Maharashtra,Healthcare,1981,0
69.22,7,9,1,1,0,0,667,2306.75,Maharashtra,Fuel,1992,0
40.84,3,14,1,1,0,0,414,1000.33,Telangana,Utilities,1992,0
379.43,5,15,1,0,0,0,377,2743.57,Gujarat,Fuel,1995,0
259.32,9,21,1,0,0,1,566,1535.18,Telangana,Food,1988,0
4645.57,7,6,1,1,0,0,660,646.62,Karnataka,Food,1975,0
1918.93,1,17,1,0,0,1,329,3265.95,West Bengal,Travel,1997,0
294.73,10,0,1,2,0,0,53,7296.35,Telangana,Electronics,1994,1
2747.91,1,17,1,0,0,1,413,797.5,Rajasthan,Utilities,1996,0
5444.18,16,23,3,2,0,1,33,1869.32,Delhi,Fuel,1995,1
1711.53,4,21,1,1,0,1,77,1970.92,Uttar Pradesh,Clothing,1981,0
2378.9,6,10,1,0,0,1,684,2088.24,West Bengal,Travel,1980,0
21.57,7,9,1,0,0,1,267,2044.61,Karnataka,Entertainment,1994,0
916.31,6,6,1,0,0,0,112,767.93,West Bengal,Electronics,1993,0
1000.34,1,15,1,0,0,0,503,623.92,Tamil Nadu,Healthcare,1977,0
265.14,7,9,1,1,0,0,521,1496.19,Telangana,Travel,1986,0
1471.85,8,11,1,0,0,0,492,931.06,West Bengal,Clothing,1983,0
1754.6,7,16,1,1,0,0,703,615.23,Delhi,Healthcare,1970,0
3278.98,8,3,3,2,0,2,27,6748.48,West Bengal,Utilities,1999,1
1719.65,8,7,1,0,0,0,93,2545.66,Kerala,Healthcare,1990,0
143.58,7,12,1,0,0,1,389,1991.31,Delhi,Clothing,1992,0
147.64,8,16,1,0,0,0,206,3179.31,Telangana,Grocery,1974,0
293.19,5,18,1,0,0,1,438,789.36,Uttar Pradesh,Grocery,1994,0
523.73,7,11,1,1,0,0,84,1022.53,Karnataka,Electronics,1973,0
1170.38,3,12,1,1,0,1,75,110.09,Rajasthan,Grocery,1993,0
331.76,6,19,1,0,0,0,290,4206.13,Uttar Pradesh,Electronics,1993,0
398.57,1,12,1,1,0,1,698,1693.55,Delhi,Entertainment,1985,0
692.06,1,10,1,0,0,1,213,2514.61,Uttar Pradesh,Fuel,1990,0
1351.51,6,8,1,1,0,1,73,185.75,Kerala,Entertainment,1988,0
400.34,7,6,1,1,0,1,368,700.36,Telangana,Utilities,1993,0
677.69,4,15,1,1,0,1,567,1498.49,Uttar Pradesh,Clothing,1982,0
572.21,5,9,1,1,0,1,300,1206.79,Karnataka,Fuel,1975,0
1286.09,9,12,1,0,0,0,160,2791.75,Rajasthan,Food,1983,0
3181.53,22,4,4,0,1,2,9,3465.39,Maharashtra,Healthcare,1993,1
2416.56,2,9,1,0,0,0,361,100.26,Maharashtra,Clothing,1987,0
4928.36,7,10,1,0,0,0,447,324.08,Gujarat,Grocery,1999,0
297.15,4,12,1,1,0,1,122,2488.87,Gujarat,Grocery,1975,0
186.11,7,9,1,1,0,0,587,856.46,Karnataka,Electronics,1993,0
930.19,1,19,1,0,0,1,240,2640.27,West Bengal,Clothing,1994,0
2733.22,11,22,2,2,0,2,17,2101.86,Kerala,Healthcare,1997,1
3495.94,8,17,1,1,0,1,497,62.32,Maharashtra,Food,1985,0
823.03,9,13,1,1,0,0,514,420.97,Maharashtra,Entertainment,1995,0
1030.69,7,9,1,0,0,0,605,1105.58,Tamil Nadu,Entertainment,1982,0
27.15,9,19,1,0,0,1,521,1044.7,Rajasthan,Education,1998,0
684.32,1,14,1,0,0,1,143,524.07,Uttar Pradesh,Food,1993,0
270.02,9,15,1,1,0,1,131,11.29,Karnataka,Fuel,1973,0
1525.66,9,7,1,1,0,1,296,693.76,Delhi,Healthcare,1981,0
2774.76,3,8,1,1,0,1,583,436.65,Maharashtra,Healthcare,1973,0
63.43,8,13,1,0,0,0,322,1503.39,Uttar Pradesh,Travel,1979,0
756.01,4,13,1,1,0,0,195,3464.83,Kerala,Food,1998,0
751.78,7,11,1,1,0,0,568,1829.02,Tamil Nadu,Utilities,1989,0
2421.86,1,21,1,1,0,1,254,1188.15,Tamil Nadu,Utilities,1988,0
51.01,4,10,1,1,0,0,716,242.27,Tamil Nadu,Grocery,1994,0
2594.6,8,15,1,0,0,0,704,126.31,Maharashtra,Fuel,1973,0
1557.19,3,20,1,0,0,1,409,157.03,Karnataka,Healthcare,1975,0
751.27,7,16,1,0,0,0,652,44.55,Maharashtra,Grocery,1978,0
2567.03,2,8,1,1,0,0,727,4205.53,Telangana,Education,1994,0
1727.1,6,13,1,1,0,0,219,2357.33,Karnataka,Healthcare,1976,0
2155.92,1,18,1,1,0,0,669,10.75,Maharashtra,Utilities,1976,0
44.86,9,6,1,1,0,1,476,679.15,Uttar Pradesh,Food,1999,0
1029.25,1,9,1,1,0,1,103,361.91,Telangana,Food,1979,0
2819.8,6,16,1,1,0,0,574,3172.45,Maharashtra,Healthcare,1983,0
993.46,2,19,1,0,0,0,340,827.95,Uttar Pradesh,Electronics,1990,0
10.0,7,17,1,0,0,1,487,1654.69,Maharashtra,Healthcare,1983,0
3422.41,18,3,4,0,0,0,2,744.96,Gujarat,Food,1988,1
10.0,1,17,1,1,0,1,101,400.55,Karnataka,Clothing,1984,0
1023.1,3,20,1,0,0,0,501,2804.14,Uttar Pradesh,Education,1992,0
784.76,7,6,1,1,0,0,605,1130.55,Rajasthan,Education,1970,0
293.3,1,20,1,0,0,1,93,1531.97,Rajasthan,Fuel,1981,0
4989.65,4,16,1,0,0,0,317,1373.34,Delhi,Travel,1990,0
2042.71,8,9,1,0,0,0,11,263.61,Maharashtra,Electronics,1982,0
146.33,2,7,1,1,0,0,580,541.22,Gujarat,Entertainment,1992,0
1208.77,3,12,1,0,0,1,482,120.16,Uttar Pradesh,Education,1994,0
1524.38,8,7,1,0,0,1,379,1264.36,Maharashtra,Food,1992,0
5036.83,2,14,1,0,0,0,400,758.3,West Bengal,Fuel,1994,0
2753.66,7,8,1,0,0,0,254,3669.51,Karnataka,Food,1986,0
513.79,3,8,1,0,0,0,578,1497.25,Uttar Pradesh,Electronics,1981,0
1979.76,7,6,1,0,0,1,12,885.91,Maharashtra,Entertainment,1999,0
322.01,3,14,1,1,0,0,558,528.37,Uttar Pradesh,Utilities,1982,0
1641.64,7,9,1,0,0,1,261,1974.74,Tamil Nadu,Utilities,1988,0
487.29,8,10,1,0,0,1,106,805.8,Rajasthan,Grocery,1986,0
3636.59,1,18,1,1,0,0,60,1700.73,Rajasthan,Travel,1982,0
90.13,5,9,1,0,0,0,696,762.07,Uttar Pradesh,Education,1973,0
1623.62,1,8,1,0,0,0,656,349.13,Telangana,Travel,1977,0
146.87,8,12,1,1,0,0,583,2279.48,Tamil Nadu,Grocery,1993,0
1153.04,3,9,1,1,0,0,473,58.28,Telangana,Grocery,1991,0
1079.21,4,20,1,0,0,1,573,409.31,West Bengal,Healthcare,1979,0
130.47,7,17,1,1,0,0,710,709.55,Uttar Pradesh,Fuel,1995,0
1744.61,8,20,1,1,0,0,475,132.04,Tamil Nadu,Healthcare,1970,0
354.16,1,18,1,1,0,1,565,95.22,Kerala,Travel,1987,0
1633.36,4,8,1,0,0,1,720,944.9,Tamil Nadu,Electronics,1983,0
913.11,6,18,1,0,0,1,690,281.26,Karnataka,Fuel,1981,0
1114.24,4,11,1,0,0,1,711,476.5,Karnataka,Grocery,1988,0
723.01,4,15,1,0,0,1,331,756.22,Gujarat,Clothing,1972,0
747.93,7,13,1,0,0,1,420,1737.33,Rajasthan,Food,1998,0
1842.8,2,6,1,1,0,1,667,813.78,Uttar Pradesh,Fuel,1975,0
516.55,6,11,1,0,0,1,464,157.71,Kerala,Grocery,1973,0
537.85,7,18,1,1,0,0,10,435.42,Delhi,Electronics,1974,0
3451.73,2,19,1,1,0,0,367,1284.29,Tamil Nadu,Clothing,1978,0
159.3,1,8,1,0,0,1,217,649.15,Tamil Nadu,Education,1986,0
2627.06,9,8,1,1,0,0,641,93.06,West Bengal,Education,1983,0
84.12,3,20,1,0,0,0,125,727.38,West Bengal,Fuel,1997,0
1626.3,9,13,1,0,0,0,102,698.54,Telangana,Clothing,1971,0
3316.74,24,2,4,1,0,2,1,790.83,Karnataka,Clothing,1982,1
1026.0,1,6,1,1,0,1,208,2103.63,Kerala,Fuel,1986,0
306.56,1,10,1,1,0,0,32,309.17,Tamil Nadu,Electronics,1985,0
366.71,1,17,1,1,0,1,561,1994.08,Uttar Pradesh,Utilities,1973,0
1917.78,4,16,1,0,0,1,305,1130.56,Kerala,Food,1970,0
1446.59,7,21,1,0,0,0,93,1257.16,Maharashtra,Education,1983,0
3192.41,4,21,1,1,0,1,27,53.44,Gujarat,Healthcare,1979,0
1472.56,2,15,1,0,0,1,121,2540.63,Gujarat,Food,1989,0
362.28,2,13,1,1,0,1,476,303.62,Maharashtra,Entertainment,1993,0
411.95,7,12,1,0,0,0,725,153.85,Uttar Pradesh,Grocery,1975,0
341.7,6,20,1,1,0,0,217,4117.97,Uttar Pradesh,Grocery,1991,0
2102.78,7,7,1,1,0,0,232,845.23,Tamil Nadu,Electronics,1976,0
283.56,1,16,1,1,0,0,378,479.66,Rajasthan,Food,1998,0
739.27,8,21,1,1,0,1,680,1366.57,Kerala,Food,1994,0
1180.16,5,9,1,0,0,1,475,51.86,Uttar Pradesh,Healthcare,1985,0
2543.83,10,4,2,2,0,1,56,2314.52,Kerala,Utilities,1992,1
321.5,8,19,1,0,0,1,555,614.86,Telangana,Fuel,1989,0
1348.53,3,6,1,1,0,1,158,582.74,Telangana,Entertainment,1998,0
321.44,3,12,1,0,0,0,593,2149.17,Gujarat,Clothing,1992,0
684.38,7,8,1,0,0,1,578,985.64,Gujarat,Travel,1983,0
1102.0,5,16,1,1,0,0,283,911.77,Tamil Nadu,Fuel,1973,0
2736.8,4,9,1,0,0,1,443,43.45,Uttar Pradesh,Clothing,1996,0
2359.75,1,15,1,1,0,1,613,2919.84,West Bengal,Grocery,1992,0
982.89,2,7,1,1,0,1,595,957.07,Gujarat,Entertainment,1970,0
2035.57,1,7,1,0,0,0,192,1430.12,Kerala,Fuel,1973,0
2052.21,27,5,4,2,1,0,17,6174.2,West Bengal,Entertainment,1990,1
561.04,7,19,1,1,0,1,83,61.79,Delhi,Clothing,1978,0
1739.01,6,15,1,0,0,1,131,2522.92,West Bengal,Education,1987,0
837.86,9,17,1,1,0,1,323,1533.95,Gujarat,Food,1980,0
40.37,3,16,1,0,0,0,175,453.32,Rajasthan,Utilities,1983,0
1919.7,3,7,1,0,0,1,230,872.61,Kerala,Food,1996,0
2077.36,5,9,1,1,0,1,598,146.08,Karnataka,Clothing,1998,0
675.35,4,10,1,1,0,1,11,185.04,Telangana,Utilities,1996,0
94.48,4,19,1,0,0,1,25,1827.26,Karnataka,Healthcare,1979,0
296.96,3,9,1,1,0,1,82,1756.14,Delhi,Utilities,1986,0
475.61,4,18,1,1,0,1,533,3358.77,Maharashtra,Grocery,1992,0
1425.8,5,7,1,0,0,1,700,1264.85,Gujarat,Grocery,1999,0
1319.56,6,6,1,0,0,0,568,431.01,Tamil Nadu,Education,1993,0
802.28,3,12,1,1,0,0,167,932.57,Tamil Nadu,Electronics,1991,0
474.66,3,6,1,1,0,1,612,810.79,Tamil Nadu,Travel,1996,0
1726.78,9,9,1,0,0,1,53,3319.99,West Bengal,Electronics,1986,0
1034.17,4,9,1,1,0,0,56,755.48,Telangana,Entertainment,1975,0
1695.74,6,18,1,0,0,0,366,377.9,Gujarat,Education,1985,0
127.53,8,16,1,0,0,1,83,3305.69,Rajasthan,Food,1980,0
652.69,7,15,1,0,0,0,88,1458.84,Rajasthan,Fuel,1983,0
1391.34,2,13,1,0,0,1,636,119.27,Kerala,Travel,1991,0
1825.74,2,6,1,1,0,1,367,519.88,Maharashtra,Fuel,1987,0
319.74,9,13,1,1,0,0,200,565.21,Karnataka,Grocery,1989,0
1148.38,6,14,1,0,0,1,380,172.0,Tamil Nadu,Healthcare,1971,0
447.5,2,16,1,1,0,0,60,601.83,Kerala,Clothing,1985,0
234.53,8,15,1,0,0,0,659,392.55,Uttar Pradesh,Entertainment,1988,0
1725.04,8,15,1,0,0,1,368,1066.03,Kerala,Clothing,1987,0
575.08,13,2,2,0,1,0,30,911.28,Kerala,Clothing,1970,1
6988.79,6,2,4,0,1,1,33,3140.56,Kerala,Fuel,1978,1
5828.26,27,22,4,0,1,2,10,5875.05,Karnataka,Travel,1983,1
265.01,5,14,1,0,0,0,222,2452.2,Karnataka,Utilities,1988,0
391.33,3,8,1,1,0,1,413,143.07,Uttar Pradesh,Grocery,1988,0
5477.57,17,23,2,2,0,2,37,3501.34,Kerala,Food,1977,1
71.07,8,8,1,0,0,1,262,153.1,Telangana,Healthcare,1972,0
548.81,2,10,1,1,0,0,3,1561.81,Kerala,Food,1988,0
613.65,1,12,1,1,0,0,704,539.51,Delhi,Clothing,1983,0
6703.14,6,18,1,1,0,0,155,640.63,Uttar Pradesh,Education,1991,0
529.3,3,9,1,1,0,1,109,16.29,West Bengal,Clothing,1980,0
87.9,3,20,1,1,0,1,188,39.11,Uttar Pradesh,Fuel,1983,0
147.07,1,13,1,0,0,1,55,324.58,Rajasthan,Entertainment,1976,0
2016.77,4,21,1,0,0,0,600,943.27,Maharashtra,Food,1992,0
2226.5,7,12,1,0,0,0,286,1709.5,Gujarat,Travel,1992,0
42.41,8,10,1,0,0,1,602,1729.73,Delhi,Fuel,1986,0
257.76,8,7,1,1,0,1,376,226.15,Tamil Nadu,Education,1975,0
1217.68,2,12,1,1,0,0,555,498.43,Karnataka,Entertainment,1990,0
1553.42,5,12,1,1,0,1,470,1236.67,Uttar Pradesh,Fuel,1983,0
468.73,1,16,1,1,0,1,137,259.07,Gujarat,Food,1988,0
1717.81,3,19,1,1,0,1,405,1150.78,Uttar Pradesh,Entertainment,1970,0
377.05,1,10,1,0,0,1,673,3061.09,Telangana,Clothing,1997,0
679.73,3,16,1,0,0,1,33,95.37,West Bengal,Food,1999,0
544.37,2,7,1,1,0,1,194,148.41,Gujarat,Food,1995,0
1895.26,2,17,1,1,0,1,586,1350.47,Karnataka,Grocery,1974,0
1293.93,1,14,1,1,0,1,93,1087.6,Kerala,Utilities,1993,0
474.06,5,9,1,1,0,1,73,1062.52,Gujarat,Grocery,1994,0
599.81,5,16,1,0,0,1,246,166.42,Telangana,Clothing,1982,0
651.92,3,19,1,1,0,0,273,585.64,Delhi,Electronics,1988,0
277.33,1,17,1,1,0,1,32,375.72,Telangana,Electronics,1971,0
869.9,2,11,1,1,0,0,540,713.39,Tamil Nadu,Food,1999,0
1908.19,2,8,1,1,0,1,595,1745.32,Maharashtra,Fuel,1978,0
388.04,18,5,2,2,1,0,43,273.07,West Bengal,Electronics,1988,1
350.09,4,16,1,1,0,1,648,250.52,Delhi,Entertainment,1982,0
923.28,2,18,1,1,0,0,670,571.33,West Bengal,Utilities,1985,0
108.03,6,15,1,0,0,0,307,164.33,Karnataka,Food,1998,0
593.0,10,0,2,0,0,1,22,183.31,Maharashtra,Electronics,1977,1
391.07,7,7,1,0,0,1,659,3295.71,Gujarat,Healthcare,1978,0
165.15,1,12,1,0,0,0,115,176.92,Rajasthan,Entertainment,1982,0
1997.13,11,23,1,0,0,0,38,2944.35,Tamil Nadu,Utilities,1988,1
1202.68,5,14,1,0,0,1,173,16.43,West Bengal,Grocery,1976,0
3173.73,5,6,1,0,0,1,668,3431.89,Uttar Pradesh,Grocery,1980,0
3226.95,2,7,1,1,0,1,508,1155.6,Delhi,Travel,1983,0
432.25,7,14,1,1,0,0,290,581.26,Uttar Pradesh,Fuel,1991,0
1475.24,9,20,1,0,0,0,497,1351.11,Uttar Pradesh,Fuel,1993,0
2206.65,5,6,1,1,0,1,513,2521.69,Uttar Pradesh,Education,1994,0
544.32,3,15,1,0,0,1,335,2945.73,Rajasthan,Entertainment,1974,0
1463.99,5,19,1,1,0,1,700,475.26,Kerala,Grocery,1982,0
62.05,3,16,1,0,0,1,438,2163.21,Rajasthan,Fuel,1997,0
4258.38,3,18,1,1,0,0,567,529.33,West Bengal,Clothing,1988,0
3695.14,8,19,1,1,0,0,133,800.29,Delhi,Education,1988,0
862.81,1,17,1,1,0,1,537,318.03,Maharashtra,Electronics,1989,0
3209.53,1,19,1,1,0,0,405,1678.13,Telangana,Food,1970,0
2603.76,8,19,1,0,0,1,155,1450.05,Uttar Pradesh,Healthcare,1998,0
89.96,8,11,1,1,0,1,541,397.47,West Bengal,Healthcare,1971,0
124.99,1,18,1,0,0,0,97,928.72,West Bengal,Grocery,1978,0
90.88,8,21,1,0,0,0,110,572.01,West Bengal,Entertainment,1975,0
1092.2,3,8,1,1,0,1,376,10.0,Kerala,Clothing,1995,0
4041.15,1,12,1,1,0,1,20,1771.82,Kerala,Electronics,1970,0
900.12,9,18,1,1,0,0,48,888.85,Maharashtra,Clothing,1978,0
241.93,3,21,1,0,0,1,430,114.92,Telangana,Clothing,1974,0
384.64,3,10,1,1,0,0,689,1081.22,Rajasthan,Utilities,1995,0
6900.39,26,1,2,0,1,0,9,1036.11,Delhi,Food,1979,1
96.06,8,17,1,0,0,1,345,965.56,Delhi,Travel,1981,0
892.58,3,10,1,1,0,0,726,185.95,Rajasthan,Utilities,1970,0
1377.15,3,7,1,1,0,1,435,979.02,Tamil Nadu,Clothing,1980,0
168.74,5,19,1,0,0,1,72,759.67,Rajasthan,Healthcare,1976,0
6399.08,6,11,1,0,0,1,518,258.97,Gujarat,Education,1971,0
404.49,7,10,1,1,0,0,520,1860.97,Kerala,Fuel,1988,0
434.73,4,20,1,1,0,1,57,3677.94,Delhi,Healthcare,1971,0
2792.16,6,14,1,1,0,1,111,642.54,Rajasthan,Grocery,1984,0
1240.54,6,16,1,0,0,0,417,1578.4,West Bengal,Fuel,1988,0
874.8,3,7,1,1,0,0,101,765.32,Rajasthan,Grocery,1993,0
400.37,1,8,1,1,0,1,81,554.63,West Bengal,Food,1994,0
843.14,5,9,1,1,0,0,544,10.0,Delhi,Education,1976,0
177.35,6,14,1,0,0,1,312,439.17,Kerala,Fuel,1991,0
3729.2,7,12,1,1,0,1,107,1505.87,West Bengal,Grocery,1986,0
1481.28,2,16,1,0,0,0,226,394.43,West Bengal,Food,1980,0
387.29,8,21,1,1,0,0,42,317.08,Uttar Pradesh,Travel,1970,0
279.71,8,16,1,1,0,0,432,990.75,Delhi,Healthcare,1991,0
1222.79,9,12,1,1,0,1,642,696.1,Kerala,Grocery,1986,0
1598.45,3,12,1,1,0,0,633,666.56,Rajasthan,Electronics,1998,0
205.18,8,19,1,0,0,0,644,2964.97,Gujarat,Electronics,1979,0
243.45,7,21,1,1,0,0,590,500.11,Gujarat,Utilities,1989,0
3803.42,4,18,1,1,0,1,642,2162.66,Gujarat,Grocery,1985,0
1017.44,3,18,1,0,0,1,280,2660.52,West Bengal,Utilities,1982,0
843.4,7,17,1,1,0,0,606,1277.32,Telangana,Entertainment,1981,0
132.63,7,13,1,0,0,0,378,1597.1,Karnataka,Education,1982,0
83.99,3,8,1,0,0,1,641,191.06,Uttar Pradesh,Education,1989,0
45.15,8,16,1,0,0,1,413,22.57,Maharashtra,Healthcare,1971,0
65.07,3,19,1,0,0,1,56,341.83,Karnataka,Education,1982,0
694.39,6,15,1,0,0,0,199,4339.08,Karnataka,Grocery,1995,0
1436.41,2,14,1,0,0,0,551,52.63,Kerala,Food,1982,0
1090.46,6,19,1,0,0,1,256,563.12,West Bengal,Electronics,1992,0
103.28,1,12,1,1,0,1,4,166.73,Telangana,Travel,1972,0
493.95,4,15,1,1,0,1,174,83.64,Tamil Nadu,Clothing,1996,0
522.24,2,6,1,0,0,0,60,870.42,Gujarat,Electronics,1976,0
700.44,9,21,1,0,0,1,543,472.51,Uttar Pradesh,Education,1973,0
1289.8,9,8,1,1,0,0,434,2054.33,Tamil Nadu,Electronics,1971,0
7049.8,5,22,1,0,0,0,28,504.68,Gujarat,Electronics,1982,1
460.38,7,17,1,0,0,1,570,1280.58,Delhi,Grocery,1981,0
77.07,6,13,1,0,0,1,485,363.44,Telangana,Utilities,1981,0
1348.56,3,18,1,1,0,1,158,981.74,Kerala,Utilities,1982,0
1577.95,8,17,1,1,0,1,163,1974.01,Telangana,Healthcare,1988,0
44.01,8,18,1,1,0,1,236,146.63,Karnataka,Travel,1984,0
1474.4,1,13,1,1,0,0,214,402.26,Tamil Nadu,Fuel,1983,0
1932.26,5,19,1,0,0,0,143,1104.36,Gujarat,Grocery,1997,0
525.69,4,15,1,1,0,1,436,39.61,West Bengal,Education,1970,0
1225.28,6,19,1,0,0,1,271,178.02,Uttar Pradesh,Clothing,1997,0
501.04,1,8,1,0,0,0,574,3748.43,Gujarat,Electronics,1981,0
953.47,2,9,1,1,0,1,75,1283.22,Rajasthan,Entertainment,1983,0
105.52,2,12,1,0,0,0,325,3431.97,West Bengal,Clothing,1992,0
1086.06,4,10,1,1,0,1,183,1168.63,Tamil Nadu,Clothing,1980,0
350.56,1,15,1,1,0,0,14,1494.42,Telangana,Education,1987,0
3287.42,4,12,1,1,0,0,264,643.96,Maharashtra,Utilities,1993,0
1488.49,4,11,1,0,0,1,537,4855.7,Telangana,Food,1997,0
913.07,6,14,1,0,0,1,331,1221.72,Delhi,Fuel,1973,0
1068.27,8,18,1,0,0,1,502,1385.7,West Bengal,Travel,1975,0
611.68,4,12,1,1,0,1,700,1055.62,Maharashtra,Grocery,1984,0
2710.96,4,10,1,1,0,1,5,358.67,Delhi,Entertainment,1998,0
416.5,7,10,1,1,0,0,46,1124.67,Telangana,Entertainment,1977,0
1863.33,4,9,1,1,0,1,288,164.83,Gujarat,Electronics,1972,0
1135.26,8,18,1,0,0,1,56,223.25,West Bengal,Entertainment,1992,0
20.09,6,18,1,1,0,1,159,40.34,Tamil Nadu,Education,1974,0
130.42,2,14,1,1,0,1,559,897.7,Delhi,Entertainment,1973,0
494.01,9,11,1,0,0,1,621,35.84,Tamil Nadu,Electronics,1975,0
857.26,4,20,1,0,0,0,727,4431.35,Uttar Pradesh,Fuel,1999,0
1970.54,1,7,1,1,0,1,571,601.57,Tamil Nadu,Electronics,1985,0
129.17,1,18,1,1,0,1,178,590.96,Gujarat,Grocery,1977,0
571.22,7,21,1,1,0,1,38,86.21,Karnataka,Healthcare,1970,0
1263.62,9,19,1,0,0,0,3,381.21,Maharashtra,Food,1974,0
426.51,2,7,1,1,0,1,71,2548.69,Rajasthan,Clothing,1981,0
834.82,2,7,1,1,0,1,610,576.37,Karnataka,Healthcare,1989,0
58.58,5,7,1,1,0,1,660,136.41,Maharashtra,Entertainment,1974,0
2493.4,4,18,1,0,0,0,691,139.33,Rajasthan,Fuel,1973,0
775.86,9,8,1,0,0,1,116,51.32,Rajasthan,Utilities,1990,0
2465.74,9,18,1,1,0,1,662,1747.41,Telangana,Clothing,1993,0
1616.3,7,6,1,0,0,0,449,690.33,Delhi,Utilities,1972,0
332.9,5,12,1,0,0,0,226,1511.06,West Bengal,Food,1997,0
269.12,3,21,1,1,0,0,460,531.94,Maharashtra,Clothing,1988,0
552.17,6,11,1,1,0,0,444,39.77,Karnataka,Healthcare,1973,0
877.64,4,6,1,0,0,1,709,1073.55,Karnataka,Food,1987,0
1144.96,4,21,1,0,0,1,122,33.12,Gujarat,Clothing,1977,0
1904.94,5,19,1,0,0,0,113,1418.89,Telangana,Travel,1997,0
2299.73,7,9,1,1,0,0,385,2003.52,Tamil Nadu,Fuel,1999,0
2968.14,6,12,1,1,0,1,296,879.6,Maharashtra,Utilities,1972,0
16.62,8,8,1,0,0,1,230,1255.01,Kerala,Education,1976,0
2156.05,9,11,1,1,0,1,231,2186.42,Gujarat,Electronics,1990,0
1157.08,5,17,1,1,0,0,160,1012.18,Tamil Nadu,Fuel,1992,0
1141.5,4,8,1,0,0,1,509,139.58,Kerala,Food,1992,0
227.8,4,11,1,0,0,0,530,523.37,Maharashtra,Entertainment,1991,0
1621.07,3,21,1,1,0,1,485,760.41,Gujarat,Entertainment,1970,0
2639.69,6,18,1,1,0,0,497,1637.76,Uttar Pradesh,Food,1991,0
712.92,7,15,1,1,0,0,345,108.58,Karnataka,Healthcare,1996,0
1009.05,3,20,1,0,0,0,30,403.71,Telangana,Utilities,1972,0
1211.44,9,13,1,1,0,0,657,10.0,Karnataka,Education,1996,0
513.27,9,11,1,0,0,0,445,122.69,Maharashtra,Electronics,1987,0
5415.49,29,3,4,1,0,0,4,4379.65,Maharashtra,Entertainment,1984,1
908.56,6,13,1,0,0,1,523,129.88,Delhi,Travel,1998,0
1006.36,7,11,1,0,0,1,354,289.98,Delhi,Fuel,1984,0
1210.1,9,12,1,0,0,0,528,70.97,Uttar Pradesh,Healthcare,1993,0
336.8,5,10,1,0,0,1,70,1032.65,Kerala,Education,1981,0
2390.57,6,10,1,0,0,0,147,321.51,Karnataka,Fuel,1970,0
34.09,3,11,1,0,0,1,88,389.02,Delhi,Healthcare,1971,0
471.81,5,7,1,0,0,1,382,834.75,Kerala,Travel,1970,0
2483.02,2,11,1,1,0,1,434,853.7,Gujarat,Grocery,1974,0
1226.24,2,21,1,0,0,0,432,1890.8,Tamil Nadu,Food,1978,0
351.14,1,14,1,1,0,1,390,2060.5,Karnataka,Food,1982,0
1369.55,2,11,1,0,0,0,435,2271.61,Kerala,Healthcare,1983,0
430.01,8,18,1,0,0,0,337,76.9,Rajasthan,Education,1987,0
55.64,7,17,1,0,0,1,384,990.54,West Bengal,Grocery,1983,0
22.07,7,6,1,0,0,0,158,202.18,Telangana,Entertainment,1994,0
484.01,4,8,1,1,0,0,416,15.26,Karnataka,Food,1974,0
601.73,2,11,1,0,0,0,640,1729.59,Maharashtra,Education,1971,0
777.26,8,8,1,1,0,1,306,416.23,Tamil Nadu,Utilities,1972,0
28.88,5,14,1,0,0,1,411,1107.0,Maharashtra,Fuel,1999,0
988.53,5,2,2,1,1,0,36,1418.85,Tamil Nadu,Utilities,1978,1
3329.78,3,7,1,1,0,1,437,704.68,Maharashtra,Food,1992,0
441.94,7,6,1,1,0,0,414,1792.57,Uttar Pradesh,Electronics,1975,0
4046.28,9,21,1,0,0,0,98,3025.68,Uttar Pradesh,Grocery,1986,0
107.09,9,13,1,1,0,1,200,2423.24,Karnataka,Entertainment,1988,0
1034.93,5,8,1,1,0,1,408,98.62,Telangana,Clothing,1970,0
2162.43,7,7,1,1,0,0,246,253.26,Tamil Nadu,Electronics,1970,0
469.47,1,19,1,0,0,0,721,635.57,Rajasthan,Healthcare,1994,0
108.11,8,8,1,0,0,1,182,692.77,Rajasthan,Electronics,1982,0
191.9,24,0,1,2,0,1,16,1788.86,Kerala,Clothing,1994,1
321.08,8,20,1,1,0,0,444,924.6,Kerala,Grocery,1977,0
117.78,1,9,1,0,0,0,160,499.57,Uttar Pradesh,Food,1977,0
2962.43,4,17,1,0,0,1,626,649.27,Rajasthan,Grocery,1996,0
1654.47,4,9,1,1,0,0,646,256.63,Uttar Pradesh,Fuel,1994,0
111.3,1,8,1,0,0,1,48,1180.96,Rajasthan,Utilities,1981,0
372.12,1,15,1,1,0,1,103,31.96,Uttar Pradesh,Fuel,1991,0
487.78,6,12,1,1,0,0,332,102.46,Telangana,Electronics,1994,0
2933.47,2,17,1,0,0,1,709,125.91,Telangana,Entertainment,1982,0
1865.0,8,11,1,0,0,1,380,239.6,Uttar Pradesh,Fuel,1990,0
753.16,5,11,1,1,0,0,246,277.96,Rajasthan,Clothing,1971,0
2252.23,9,11,1,0,0,0,445,53.09,Rajasthan,Electronics,1972,0
585.36,9,11,1,0,0,1,621,286.02,Uttar Pradesh,Healthcare,1995,0
4602.89,5,15,1,1,0,0,378,1067.67,Telangana,Electronics,1991,0
2267.28,4,13,1,0,0,0,154,883.02,Uttar Pradesh,Fuel,1991,0
1637.68,6,8,1,1,0,1,682,686.46,Maharashtra,Utilities,1987,0
399.04,8,10,1,1,0,0,505,331.4,Delhi,Utilities,1972,0
69.2,2,18,1,0,0,1,151,878.29,Rajasthan,Entertainment,1984,0
2336.35,3,20,1,1,0,0,381,1144.14,Telangana,Utilities,1973,0
2271.72,3,11,1,0,0,0,592,2122.96,Karnataka,Fuel,1988,0
1496.15,4,8,1,1,0,0,556,2459.77,Gujarat,Electronics,1998,0
395.6,9,14,1,1,0,0,621,79.65,Rajasthan,Fuel,1971,0
3396.91,5,10,1,1,0,1,216,240.79,West Bengal,Utilities,1992,0
1895.0,8,10,1,0,0,0,499,257.37,Karnataka,Utilities,1992,0
6697.13,23,3,4,1,0,2,56,316.02,Rajasthan,Entertainment,1992,1
231.67,5,16,1,1,0,0,29,442.76,Maharashtra,Entertainment,1984,0
126.39,4,16,1,1,0,0,251,223.45,Delhi,Travel,1983,0
1730.4,7,20,1,0,0,0,467,351.98,West Bengal,Food,1987,0
3830.11,4,9,1,0,0,1,278,3587.9,Karnataka,Healthcare,1979,0
596.77,2,21,1,1,0,1,232,546.04,Telangana,Entertainment,1978,0
1433.05,2,13,1,1,0,0,401,1199.1,Tamil Nadu,Food,1970,0
351.02,4,8,1,0,0,0,474,267.89,Gujarat,Electronics,1989,0
2404.67,1,21,1,1,0,0,11,1619.19,Maharashtra,Grocery,1973,0
1355.53,3,10,1,1,0,1,571,2996.18,Rajasthan,Utilities,1972,0
3167.89,7,16,1,0,0,0,165,69.26,Rajasthan,Travel,1978,0
3311.42,5,19,1,1,0,1,677,106.19,Karnataka,Food,1983,0
400.08,9,18,1,0,0,0,219,1045.13,Gujarat,Entertainment,1975,0
2585.24,2,9,1,0,0,0,185,354.8,Gujarat,Grocery,1978,0
896.85,7,14,1,0,0,1,177,201.19,Rajasthan,Fuel,1990,0
805.58,6,16,1,1,0,1,1,328.42,Rajasthan,Fuel,1997,0
422.22,1,8,1,0,0,1,437,128.25,Rajasthan,Utilities,1978,0
4615.01,2,18,1,0,0,0,445,1577.53,Tamil Nadu,Clothing,1992,0
4506.0,22,2,3,2,0,0,22,1768.8,Telangana,Travel,1971,1
67.74,3,9,1,0,0,0,625,1604.64,Delhi,Education,1973,0
253.78,8,10,1,0,0,1,509,2037.29,West Bengal,Grocery,1975,0
2267.86,2,16,1,1,0,0,468,236.92,West Bengal,Travel,1983,0
594.91,6,6,1,1,0,0,85,153.92,Delhi,Electronics,1972,0
596.24,1,11,1,0,0,1,723,1448.31,Rajasthan,Clothing,1979,0
703.64,7,7,1,0,0,1,128,963.62,Rajasthan,Fuel,1989,0
252.03,1,16,1,1,0,1,277,1732.8,West Bengal,Education,1993,0
276.74,1,11,1,0,0,1,258,1141.93,Uttar Pradesh,Education,1984,0
2045.84,5,9,1,1,0,0,275,138.18,Gujarat,Food,1979,0
1149.19,6,17,1,0,0,1,664,47.9,Gujarat,Fuel,1976,0
122.94,2,18,1,1,0,1,721,1493.21,West Bengal,Electronics,1983,0
1940.15,6,11,1,1,0,0,216,227.0,West Bengal,Clothing,1986,0
2185.41,8,12,1,1,0,0,630,192.14,Telangana,Travel,1984,0
3428.37,6,15,1,0,0,1,554,728.98,Maharashtra,Clothing,1979,0
11273.41,11,23,1,0,0,0,29,4695.96,Delhi,Healthcare,1978,1
590.79,6,21,1,1,0,0,29,973.5,Gujarat,Education,1975,0
980.37,3,12,1,0,0,0,29,262.19,Uttar Pradesh,Utilities,1983,0
1998.23,2,13,1,0,0,1,223,722.91,Telangana,Entertainment,1997,0
834.59,5,9,1,0,0,0,25,2289.81,Telangana,Entertainment,1982,0
900.74,6,13,1,1,0,1,72,776.29,Gujarat,Utilities,1996,0
268.47,4,11,1,1,0,1,580,463.75,Telangana,Electronics,1997,0
772.98,6,9,1,1,0,0,628,1948.61,West Bengal,Food,1985,0
420.57,4,13,1,0,0,0,469,275.99,Maharashtra,Grocery,1997,0
871.6,2,16,1,1,0,1,7,2265.56,Telangana,Entertainment,1991,0
679.01,4,20,1,1,0,1,223,316.61,West Bengal,Fuel,1981,0
460.57,8,8,1,0,0,1,677,1723.34,Karnataka,Grocery,1971,0
1131.92,3,17,1,0,0,1,258,714.96,Rajasthan,Electronics,1988,0
99.29,1,19,1,1,0,0,452,848.36,Telangana,Utilities,1971,0
674.33,2,21,1,1,0,0,420,359.19,West Bengal,Fuel,1985,0
3099.0,9,9,1,1,0,0,101,122.03,Rajasthan,Travel,1982,0
269.28,9,7,1,1,0,1,417,1285.8,Maharashtra,Education,1994,0
439.59,9,15,1,1,0,0,638,197.04,Telangana,Entertainment,1992,0
80.23,6,6,1,1,0,0,270,2447.0,Kerala,Healthcare,1990,0
581.26,6,21,1,1,0,1,256,137.62,West Bengal,Food,1984,0
1221.21,1,11,1,1,0,0,621,726.79,Delhi,Education,1972,0
2306.73,8,17,1,0,0,1,453,3320.19,Uttar Pradesh,Food,1998,0
137.06,5,21,1,0,0,1,610,1682.56,Kerala,Clothing,1977,0
177.33,9,21,1,0,0,1,283,91.49,Delhi,Healthcare,1970,0
240.82,8,21,1,1,0,1,126,10.0,Gujarat,Clothing,1989,0
891.65,3,9,1,0,0,1,447,3316.1,Gujarat,Entertainment,1991,0
96.01,2,8,1,1,0,1,529,119.12,Gujarat,Education,1996,0
547.85,7,14,1,0,0,0,9,688.7,Karnataka,Utilities,1984,0
661.18,3,12,1,1,0,0,262,479.9,Uttar Pradesh,Utilities,1983,0
1166.69,3,15,1,1,0,0,350,2280.08,Tamil Nadu,Travel,1973,0
553.6,7,10,1,0,0,0,369,196.31,Rajasthan,Electronics,1975,0
338.54,3,20,1,1,0,0,663,503.58,Delhi,Clothing,1978,0
1352.44,5,21,1,0,0,0,273,161.23,Karnataka,Education,1995,0
1354.77,7,18,1,0,0,1,634,1264.32,Uttar Pradesh,Fuel,1975,0
1134.25,5,19,1,1,0,0,296,1424.13,Maharashtra,Fuel,1983,0
513.41,1,17,1,0,0,0,406,351.26,Karnataka,Travel,1973,0
2414.03,1,6,1,0,0,0,88,521.74,Delhi,Electronics,1983,0
1491.62,8,10,1,1,0,0,392,299.07,Gujarat,Clothing,1978,0
1508.89,7,7,1,0,0,1,413,1437.69,Delhi,Education,1986,0
645.48,9,12,1,0,0,0,586,406.41,Gujarat,Fuel,1976,0
806.96,3,16,1,0,0,1,452,1526.72,Karnataka,Grocery,1975,0
3482.56,5,15,1,1,0,0,477,2058.77,Kerala,Utilities,1983,0
5424.35,6,7,1,1,0,1,23,12.78,Uttar Pradesh,Grocery,1983,0
137.75,5,19,1,1,0,1,649,982.47,Maharashtra,Clothing,1976,0
2862.32,5,17,1,0,0,1,611,251.12,Tamil Nadu,Entertainment,1970,0
1439.77,9,7,1,1,0,0,16,326.65,West Bengal,Travel,1970,0
666.73,1,16,1,1,0,1,398,1270.14,Karnataka,Travel,1986,0
66.95,2,10,1,1,0,0,428,642.67,Delhi,Healthcare,1971,0
1662.29,4,8,1,1,0,0,17,326.29,Maharashtra,Education,1988,0
758.24,4,2,4,2,1,0,46,394.4,Gujarat,Grocery,1982,1
912.04,2,15,1,0,0,0,388,1668.28,Kerala,Food,1993,0
2066.66,2,6,1,0,0,0,318,2593.88,Gujarat,Electronics,1998,0
626.04,6,13,1,1,0,1,378,1357.65,Uttar Pradesh,Fuel,1990,0
562.96,6,9,1,0,0,1,29,1064.95,Telangana,Education,1975,0
707.7,3,13,1,1,0,1,540,104.07,Tamil Nadu,Education,1998,0
317.34,2,7,1,0,0,0,121,1245.95,Maharashtra,Healthcare,1970,0
461.37,4,11,1,0,0,0,226,726.66,Kerala,Grocery,1989,0
370.46,7,15,1,0,0,0,399,1466.02,West Bengal,Grocery,1982,0
357.92,5,13,1,1,0,1,436,201.5,Kerala,Healthcare,1971,0
2401.34,5,17,1,1,0,1,602,893.98,West Bengal,Education,1997,0
32.11,9,6,1,1,0,1,615,1949.98,West Bengal,Grocery,1981,0
2310.14,9,12,1,1,0,1,559,307.19,Maharashtra,Fuel,1972,0
582.21,5,15,1,0,0,1,455,301.03,Telangana,Food,1993,0
356.97,2,11,1,0,0,0,696,1111.97,Delhi,Fuel,1980,0
1341.45,5,7,1,1,0,1,667,1591.37,Karnataka,Entertainment,1994,0
575.68,3,3,1,0,0,2,1,106.1,Maharashtra,Education,1980,1
1754.72,8,6,1,0,0,1,563,349.87,West Bengal,Fuel,1999,0
2115.48,6,21,1,1,0,0,702,750.9,Telangana,Food,1984,0
1460.66,26,0,2,0,1,1,15,838.57,West Bengal,Travel,1995,1
281.44,8,16,1,1,0,0,550,546.52,Maharashtra,Education,1972,0
150.35,4,11,1,1,0,1,85,1185.68,Gujarat,Electronics,1971,0
53.17,13,3,3,2,0,0,14,8338.28,Kerala,Food,1979,1
46.52,9,6,1,0,0,1,505,1015.49,Rajasthan,Utilities,1991,0
195.75,3,17,1,1,0,1,71,557.52,Maharashtra,Clothing,1980,0
846.98,4,9,1,0,0,1,78,129.75,Rajasthan,Healthcare,1989,0
32.7,3,11,1,0,0,1,592,276.55,Rajasthan,Travel,1976,0
2881.7,7,17,1,1,0,0,718,1322.67,Delhi,Healthcare,1991,0
1205.95,9,13,1,1,0,0,454,437.38,Maharashtra,Entertainment,1987,0
1616.3,2,11,1,0,0,0,539,1878.97,West Bengal,Fuel,1988,0
122.54,9,20,1,1,0,0,505,514.53,Delhi,Fuel,1979,0
116.13,3,10,1,1,0,1,575,1718.45,Maharashtra,Travel,1978,0
197.42,4,17,1,0,0,0,634,237.44,Rajasthan,Education,1981,0
1347.91,8,7,1,1,0,0,706,397.94,Kerala,Food,1970,0
1133.15,4,18,1,0,0,1,170,1016.99,Karnataka,Grocery,1985,0
10.0,1,6,1,1,0,0,183,1565.33,Tamil Nadu,Fuel,1970,0
823.99,8,6,1,0,0,1,111,541.35,Rajasthan,Clothing,1993,0
842.25,8,14,1,1,0,1,24,859.15,Maharashtra,Entertainment,1970,0
2027.4,3,6,1,1,0,0,151,2171.3,Gujarat,Fuel,1992,0
1588.9,5,21,1,0,0,1,406,719.37,Tamil Nadu,Clothing,1992,0
791.61,1,7,1,0,0,0,659,2112.75,Karnataka,Healthcare,1982,0
2049.67,8,18,1,1,0,1,227,1482.74,Rajasthan,Entertainment,1988,0
119.46,5,9,1,1,0,1,510,1246.63,West Bengal,Utilities,1994,0
74.85,9,18,1,0,0,0,274,1773.99,Uttar Pradesh,Healthcare,1989,0
1446.81,8,15,1,1,0,0,256,113.27,Gujarat,Food,1993,0
645.44,9,12,1,0,0,0,199,1914.09,Maharashtra,Fuel,1999,0
406.93,4,6,1,0,0,1,184,576.62,West Bengal,Utilities,1970,0
537.35,5,8,1,0,0,0,253,156.19,Karnataka,Fuel,1979,0
3349.46,16,23,1,0,1,0,51,293.41,Uttar Pradesh,Grocery,1978,1
1623.6,5,8,1,1,0,1,70,513.73,Rajasthan,Fuel,1972,0
1027.1,1,15,1,0,0,0,28,261.21,Kerala,Travel,1987,0
133.25,5,11,1,0,0,0,712,936.31,Rajasthan,Fuel,1981,0
3129.58,29,4,3,0,1,2,29,138.09,Uttar Pradesh,Fuel,1987,1
1225.64,7,14,1,1,0,1,521,63.24,Maharashtra,Electronics,1995,0
953.56,1,17,1,0,0,0,491,38.65,Telangana,Clothing,1979,0
168.67,7,8,1,1,0,0,269,736.93,Telangana,Entertainment,1970,0
10.0,6,17,1,1,0,1,120,871.17,Tamil Nadu,Fuel,1998,0
312.78,3,12,1,0,0,1,239,478.05,Uttar Pradesh,Electronics,1984,0
348.51,6,16,1,1,0,0,448,624.19,West Bengal,Fuel,1981,0
3355.87,3,18,1,0,0,1,25,5247.11,Gujarat,Entertainment,1977,0
3095.59,1,13,1,0,0,1,130,1624.64,Delhi,Clothing,1977,0
382.03,2,13,1,1,0,1,506,184.53,West Bengal,Healthcare,1974,0
1033.66,3,17,1,0,0,0,357,1520.87,West Bengal,Grocery,1972,0
1581.51,3,10,1,1,0,1,609,714.05,Maharashtra,Healthcare,1976,0
931.75,8,18,1,0,0,1,131,503.48,Karnataka,Clothing,1975,0
2126.97,9,23,1,2,1,1,17,316.55,Kerala,Entertainment,1995,1
2667.91,7,9,1,1,0,0,169,208.37,Gujarat,Food,1990,0
130.47,2,19,1,0,0,1,122,1289.59,Telangana,Travel,1974,0
72.16,4,21,1,1,0,1,208,351.65,Maharashtra,Education,1971,0
28.96,9,13,1,0,0,0,17,1196.51,Uttar Pradesh,Clothing,1991,0
555.63,6,15,1,1,0,1,454,154.96,Delhi,Healthcare,1997,0
474.46,8,21,1,0,0,0,147,1122.94,West Bengal,Electronics,1993,0
120.06,4,19,1,0,0,0,649,712.97,Kerala,Clothing,1991,0
828.02,4,20,1,1,0,0,629,415.13,Uttar Pradesh,Electronics,1991,0
170.1,6,20,1,0,0,1,358,879.98,Uttar Pradesh,Grocery,1975,0
364.6,5,10,1,0,0,0,652,122.68,Delhi,Fuel,1987,0
5340.29,5,13,1,0,0,0,486,258.63,Gujarat,Clothing,1993,0
119.83,2,8,1,1,0,0,156,1290.58,Karnataka,Healthcare,1970,0
26.05,2,6,1,1,0,0,87,1605.62,Delhi,Entertainment,1999,0
446.46,5,13,1,1,0,1,69,458.8,Rajasthan,Clothing,1984,0
301.15,1,20,1,0,0,0,450,16.66,Gujarat,Education,1988,0
2632.55,4,8,1,1,0,1,277,381.1,Tamil Nadu,Grocery,1986,0
5510.4,3,16,1,0,0,0,394,4021.96,Kerala,Clothing,1996,0
911.71,4,18,1,1,0,0,535,2064.08,Tamil Nadu,Fuel,1992,0
888.22,9,16,1,1,0,1,56,238.13,West Bengal,Clothing,1993,0
1881.42,9,13,1,1,0,0,85,801.85,Kerala,Food,1986,0
176.95,3,16,1,0,0,0,65,729.24,Karnataka,Electronics,1981,0
2962.62,26,22,4,1,0,1,19,7423.63,Karnataka,Healthcare,1991,1
4868.19,1,9,1,1,0,0,280,243.86,Delhi,Electronics,1971,0
6668.51,28,4,1,2,0,2,8,1955.07,West Bengal,Education,1995,1
154.4,6,21,1,1,0,0,661,933.28,Maharashtra,Entertainment,1973,0
1940.03,6,11,1,0,0,1,280,50.09,Maharashtra,Travel,1976,0
2823.38,1,13,1,1,0,1,417,264.84,Telangana,Electronics,1972,0
3599.84,2,21,1,1,0,1,102,1230.17,Delhi,Fuel,1973,0
166.05,8,16,1,0,0,1,616,558.48,Rajasthan,Fuel,1976,0
510.22,6,14,1,0,0,1,565,774.02,Telangana,Healthcare,1988,0
557.31,2,8,1,1,0,0,674,3348.78,Delhi,Travel,1970,0
184.33,1,21,1,1,0,0,313,30.81,Kerala,Travel,1999,0
2921.29,8,6,1,0,0,0,716,45.72,Delhi,Entertainment,1999,0
1940.11,5,7,1,0,0,0,394,2725.36,West Bengal,Education,1978,0
2245.13,4,17,1,0,0,0,456,602.41,West Bengal,Food,1971,0
2890.14,3,13,1,1,0,0,214,784.6,Tamil Nadu,Food,1992,0
870.9,1,6,1,0,0,0,2,119.4,Kerala,Travel,1974,0
95.62,1,15,1,0,0,1,102,491.14,Uttar Pradesh,Food,1980,0
135.3,5,21,1,1,0,1,215,219.84,West Bengal,Entertainment,1973,0
2529.59,1,10,1,1,0,0,141,1646.27,Tamil Nadu,Grocery,1993,0
733.5,8,13,1,0,0,0,209,584.95,Maharashtra,Electronics,1978,0
3700.67,5,8,1,1,0,0,476,1487.85,Tamil Nadu,Fuel,1974,0
231.27,8,9,1,1,0,1,406,4635.65,West Bengal,Food,1987,0
247.58,6,12,1,0,0,0,677,1872.83,Karnataka,Entertainment,1997,0
1208.12,3,19,1,1,0,1,673,704.06,Tamil Nadu,Food,1976,0
493.64,9,21,1,0,0,1,373,195.46,Uttar Pradesh,Utilities,1995,0
584.31,8,11,1,1,0,0,520,703.75,Kerala,Grocery,1980,0
1598.44,6,21,1,1,0,0,203,1603.64,Maharashtra,Grocery,1970,0
642.71,7,9,1,1,0,0,462,148.43,Karnataka,Clothing,1980,0
2367.34,5,14,1,0,0,0,337,352.44,Tamil Nadu,Education,1974,0
1274.98,3,7,1,1,0,0,207,520.05,Uttar Pradesh,Food,1997,0
285.26,9,6,1,0,0,1,286,2990.32,Delhi,Electronics,1979,0
1173.03,2,16,1,0,0,0,315,1469.75,Gujarat,Fuel,1995,0
734.18,4,18,1,0,0,1,700,3187.12,Rajasthan,Fuel,1997,0
3952.71,3,13,1,0,0,1,68,237.92,Telangana,Utilities,1992,0
331.43,4,13,1,0,0,1,47,574.94,West Bengal,Clothing,1994,0
550.59,8,8,1,0,0,0,722,960.96,Rajasthan,Healthcare,1984,0
739.61,3,10,1,0,0,1,501,1837.25,Gujarat,Travel,1998,0
373.52,4,18,1,0,0,1,67,1241.16,Rajasthan,Healthcare,1990,0
18.44,3,21,1,0,0,0,180,1586.79,Karnataka,Clothing,1996,0
855.32,3,10,1,1,0,1,585,986.66,Delhi,Food,1990,0
2552.81,3,7,1,0,0,1,349,750.22,Maharashtra,Electronics,1986,0
1887.73,9,14,1,0,0,1,478,146.45,Uttar Pradesh,Food,1997,0
717.17,8,7,1,1,0,1,382,264.55,West Bengal,Education,1998,0
3943.49,6,18,1,0,0,1,376,229.85,West Bengal,Education,1985,0
1139.06,9,6,1,1,0,0,563,1287.1,Tamil Nadu,Entertainment,1994,0
224.38,5,18,1,1,0,1,34,1237.92,Kerala,Healthcare,1970,0
4384.34,2,15,1,0,0,0,85,35.36,Rajasthan,Education,1983,0
761.36,5,11,1,1,0,0,720,2056.83,Delhi,Utilities,1970,0
411.45,3,11,1,1,0,1,296,1343.23,Gujarat,Grocery,1982,0
9940.75,19,23,1,2,0,2,34,6962.39,Telangana,Food,1985,1
634.96,6,4,1,0,1,0,8,6319.43,West Bengal,Food,1978,1
1313.61,3,20,1,1,0,0,403,60.26,Rajasthan,Grocery,1975,0
3512.63,4,4,2,0,1,0,52,223.43,Karnataka,Utilities,1986,1
947.62,6,6,1,0,0,1,419,623.24,Gujarat,Entertainment,1975,0
2361.55,5,11,1,1,0,1,459,1111.36,West Bengal,Travel,1976,0
1011.27,6,7,1,0,0,0,683,1110.96,Gujarat,Education,1978,0
751.7,9,15,1,0,0,1,295,3370.58,Maharashtra,Clothing,1974,0
1245.45,7,15,1,1,0,1,605,3407.87,Tamil Nadu,Grocery,1973,0
736.42,2,7,1,0,0,0,602,189.11,Maharashtra,Fuel,1985,0
1143.29,9,6,1,1,0,0,46,2099.54,Kerala,Travel,1999,0
3087.48,4,8,1,0,0,1,636,316.67,Kerala,Healthcare,1983,0
54.98,9,13,1,1,0,0,542,377.92,Kerala,Electronics,1994,0
1298.36,3,21,1,1,0,0,416,712.14,West Bengal,Healthcare,1970,0
1431.21,22,2,3,2,1,2,29,2945.96,Delhi,Travel,1980,1
1283.52,7,6,1,1,0,0,202,133.15,Rajasthan,Travel,1983,0
2945.05,6,12,1,1,0,0,387,593.94,Gujarat,Healthcare,1977,0
897.79,6,17,1,0,0,0,84,138.07,Tamil Nadu,Fuel,1980,0
1403.44,6,11,1,0,0,0,128,1002.01,Tamil Nadu,Education,1990,0
868.68,2,7,1,1,0,1,318,4277.6,Maharashtra,Travel,1977,0
3881.07,5,18,1,1,0,0,292,1099.65,Karnataka,Utilities,1992,0
1268.33,1,8,1,0,0,1,97,311.9,Rajasthan,Grocery,1997,0
831.03,1,10,1,1,0,1,153,184.91,Kerala,Electronics,1975,0
4932.38,3,12,1,0,0,0,499,746.37,Rajasthan,Utilities,1997,0
2250.02,7,8,1,0,0,1,721,780.92,Maharashtra,Electronics,1988,0
1252.95,9,17,1,0,0,0,692,743.09,West Bengal,Clothing,1974,0
1779.47,8,16,1,1,0,1,477,720.21,Uttar Pradesh,Grocery,1991,0
244.77,5,18,1,0,0,0,440,38.09,Gujarat,Electronics,1986,0
728.91,8,17,1,1,0,0,523,996.53,Delhi,Food,1992,0
65.34,3,21,1,0,0,0,395,493.52,Gujarat,Utilities,1992,0
1975.0,6,21,1,1,0,1,561,219.96,Karnataka,Grocery,1989,0
585.47,5,7,1,0,0,1,51,845.73,Maharashtra,Fuel,1984,0
2629.26,5,23,4,1,1,2,3,3944.28,Karnataka,Utilities,1976,1
737.63,2,10,1,1,0,0,333,330.8,Gujarat,Food,1997,0
1561.21,4,14,1,1,0,1,510,915.53,Maharashtra,Utilities,1989,0
2129.79,3,8,1,1,0,1,278,336.56,Telangana,Electronics,1990,0
885.07,7,8,1,0,0,0,223,446.15,Tamil Nadu,Food,1979,0
355.98,2,6,1,1,0,1,389,45.6,Tamil Nadu,Electronics,1983,0
124.99,4,6,1,0,0,1,1,661.95,Karnataka,Education,1983,0
293.85,5,17,1,1,0,1,526,1265.99,Uttar Pradesh,Grocery,1994,0
253.54,7,6,1,1,0,1,316,2009.63,Uttar Pradesh,Fuel,1978,0
1320.25,5,18,1,0,0,0,530,1367.55,Rajasthan,Clothing,1974,0
377.3,8,19,1,1,0,0,523,236.15,Maharashtra,Education,1982,0
2395.61,7,19,1,1,0,0,15,10.0,Rajasthan,Utilities,1990,0
472.45,1,1,1,1,0,2,52,13505.03,Uttar Pradesh,Fuel,1971,1
968.06,9,16,1,0,0,1,605,2260.01,Karnataka,Food,1999,0
474.14,4,10,1,0,0,1,12,989.63,Telangana,Education,1997,0
1093.72,4,14,1,0,0,0,162,596.17,Kerala,Travel,1990,0
7015.99,24,1,1,0,1,0,14,87.33,Uttar Pradesh,Clothing,1975,1
1560.57,7,12,1,0,0,1,51,1048.2,Telangana,Healthcare,1971,0
2096.03,5,20,1,0,0,1,447,69.98,West Bengal,Healthcare,1998,0
91.75,9,11,1,0,0,0,615,423.61,Maharashtra,Entertainment,1992,0
260.99,5,6,1,0,0,0,101,1773.22,Maharashtra,Clothing,1978,0
2019.02,9,17,1,0,0,1,346,499.86,Rajasthan,Clothing,1993,0
4377.01,6,16,1,0,0,0,583,600.18,Telangana,Entertainment,1989,0
960.74,7,15,1,0,0,0,419,1646.5,Karnataka,Healthcare,1982,0
82.35,4,20,1,1,0,0,198,2079.73,Telangana,Electronics,1976,0
518.42,3,20,1,1,0,1,240,268.85,Kerala,Healthcare,1975,0
560.38,5,20,1,1,0,0,199,487.15,Karnataka,Entertainment,1985,0
13923.24,8,4,4,0,1,2,19,6015.37,Gujarat,Electronics,1989,1
1820.09,1,9,1,0,0,1,59,990.28,Kerala,Healthcare,1978,0
1628.56,3,17,1,1,0,0,276,828.52,Gujarat,Electronics,1988,0
1153.84,4,17,1,0,0,0,146,1244.74,Tamil Nadu,Grocery,1986,0
2098.6,2,19,1,1,0,0,318,431.82,Maharashtra,Education,1993,0
436.46,3,16,1,1,0,1,551,195.46,Karnataka,Healthcare,1994,0
1340.54,7,12,1,1,0,1,547,730.56,Tamil Nadu,Grocery,1991,0
360.57,3,15,1,1,0,1,562,35.19,Delhi,Education,1995,0
3502.25,24,23,4,2,1,0,48,1539.77,Rajasthan,Grocery,1986,1
394.7,4,17,1,0,0,0,156,385.15,Kerala,Fuel,1997,0
2584.43,9,15,1,0,0,0,438,1193.89,Maharashtra,Electronics,1982,0
1346.12,5,21,1,0,0,0,148,777.06,Maharashtra,Grocery,1991,0
512.21,6,18,1,0,0,1,182,80.29,Tamil Nadu,Education,1981,0
1590.92,2,8,1,1,0,0,474,906.4,Delhi,Clothing,1981,0
2951.71,9,10,1,0,0,0,656,1107.61,Kerala,Travel,1974,0
1284.91,4,9,1,1,0,0,173,4035.19,Rajasthan,Food,1973,0
897.96,2,15,1,1,0,1,484,3290.52,West Bengal,Clothing,1996,0
382.08,6,21,1,0,0,0,663,1884.97,Delhi,Utilities,1998,0
10.0,3,20,1,0,0,0,88,943.18,Kerala,Grocery,1979,0
637.65,1,12,1,1,0,0,589,438.94,Gujarat,Entertainment,1971,0
2157.06,9,12,1,1,0,1,583,1310.57,Uttar Pradesh,Fuel,1978,0
1917.69,7,15,1,0,0,0,62,376.69,Rajasthan,Electronics,1991,0
1092.13,6,14,1,0,0,0,93,2159.98,Delhi,Clothing,1997,0
1605.95,2,6,1,1,0,0,288,836.02,Telangana,Food,1992,0
2511.01,4,11,1,1,0,0,31,2153.29,Gujarat,Healthcare,1980,0
382.45,5,11,1,0,0,1,278,580.72,Karnataka,Healthcare,1976,0
443.09,7,15,1,0,0,1,158,1038.9,Tamil Nadu,Fuel,1999,0
1714.87,2,9,1,0,0,0,225,495.6,Kerala,Entertainment,1985,0
2394.41,4,13,1,1,0,0,428,307.04,Tamil Nadu,Entertainment,1986,0
1414.71,3,13,1,1,0,0,270,1190.54,Tamil Nadu,Utilities,1970,0
2421.55,7,10,1,1,0,0,209,265.39,Tamil Nadu,Travel,1995,0
831.78,6,7,1,0,0,0,631,158.7,Delhi,Travel,1984,0
291.27,9,20,1,0,0,1,361,3909.82,Telangana,Entertainment,1977,0
982.81,7,18,1,1,0,1,528,1613.98,Rajasthan,Electronics,1971,0
30.12,5,14,1,0,0,0,152,682.15,Delhi,Travel,1992,0
1704.37,5,6,1,0,0,1,281,142.34,Kerala,Clothing,1994,0
68.29,1,6,1,0,0,1,600,1228.46,Delhi,Grocery,1981,0
1627.94,9,14,1,1,0,0,64,932.05,West Bengal,Travel,1991,0
2322.36,6,7,1,0,0,1,105,1218.87,Kerala,Utilities,1972,0
247.58,9,7,1,0,0,1,437,477.43,Gujarat,Grocery,1996,0
3535.04,23,23,3,2,1,2,11,4340.46,Maharashtra,Grocery,1988,1
11.41,8,17,1,0,0,0,650,3012.93,Rajasthan,Utilities,1991,0
1850.97,5,20,1,0,0,0,664,138.99,Karnataka,Travel,1993,0
1282.49,7,11,1,1,0,1,379,31.54,Rajasthan,Entertainment,1989,0
97.13,9,13,1,0,0,0,656,76.08,Gujarat,Grocery,1980,0
185.28,9,18,1,0,0,1,42,64.56,Rajasthan,Electronics,1987,0
993.79,6,16,1,1,0,0,102,318.18,Kerala,Education,1985,0
1092.02,8,19,1,1,0,0,363,34.67,Rajasthan,Education,1985,0
240.65,7,16,1,1,0,0,599,5612.66,Gujarat,Healthcare,1992,0
2829.6,5,6,1,0,0,0,484,563.51,Kerala,Education,1985,0
634.5,2,20,1,0,0,1,177,1605.36,Uttar Pradesh,Utilities,1980,0
447.41,3,7,1,1,0,1,264,791.69,Rajasthan,Utilities,1972,0
1382.41,9,14,1,0,0,1,234,484.01,Kerala,Travel,1997,0
797.29,8,10,1,0,0,1,498,128.1,Tamil Nadu,Utilities,1998,0
1594.18,1,6,1,1,0,1,342,1817.11,Rajasthan,Clothing,1986,0
1892.88,9,8,1,1,0,1,104,1094.51,Delhi,Travel,1970,0
5983.84,1,23,1,1,1,2,34,3024.41,Tamil Nadu,Grocery,1978,1
1682.54,5,21,1,1,0,0,501,1731.39,West Bengal,Healthcare,1988,0
288.98,8,13,1,0,0,1,11,458.13,Rajasthan,Education,1991,0
8624.96,8,17,1,1,0,0,209,1593.68,Kerala,Electronics,1999,0
567.17,3,16,1,0,0,0,192,974.03,Delhi,Education,1987,0
3763.62,7,11,1,0,0,0,99,4162.38,West Bengal,Travel,1982,0
2651.26,6,9,1,1,0,0,533,174.43,Karnataka,Electronics,1979,0
1056.2,4,21,1,0,0,1,290,670.43,Rajasthan,Entertainment,1970,0
5654.88,6,18,1,1,0,1,184,1266.01,Uttar Pradesh,Healthcare,1977,0
576.82,4,21,1,0,0,0,20,190.87,Karnataka,Clothing,1991,0
941.89,1,7,1,0,0,1,607,120.91,Maharashtra,Electronics,1996,0
638.84,6,15,1,1,0,0,371,1286.27,Gujarat,Travel,1985,0
120.01,7,20,1,1,0,1,261,451.59,Karnataka,Fuel,1973,0
281.25,9,9,1,1,0,0,692,481.34,Delhi,Food,1984,0
2507.31,4,23,4,2,0,1,9,132.5,Karnataka,Grocery,1981,1
2972.12,9,16,1,1,0,0,509,533.52,West Bengal,Grocery,1999,0
472.18,9,14,1,0,0,1,288,1273.45,Uttar Pradesh,Clothing,1999,0
477.06,3,12,1,1,0,0,510,153.6,Uttar Pradesh,Food,1989,0
3848.71,9,10,1,0,0,1,113,727.32,Maharashtra,Education,1978,0
3289.33,6,16,1,1,0,1,488,1888.92,Maharashtra,Travel,1975,0
2463.78,3,12,1,0,0,0,343,415.33,Uttar Pradesh,Utilities,1990,0
583.71,2,20,1,1,0,0,170,186.19,Telangana,Travel,1979,0
2586.98,13,5,4,2,1,2,37,1951.92,Karnataka,Utilities,1995,1
727.6,5,7,1,0,0,1,602,201.45,Karnataka,Fuel,1998,0
894.92,8,11,1,0,0,1,575,209.46,Maharashtra,Clothing,1971,0
489.74,4,7,1,0,0,1,34,534.22,Maharashtra,Entertainment,1981,0
1072.36,7,9,1,1,0,1,129,446.88,Tamil Nadu,Fuel,1997,0
197.99,6,9,1,0,0,1,156,433.42,Uttar Pradesh,Fuel,1974,0
2916.22,2,9,1,1,0,0,542,1721.71,Tamil Nadu,Travel,1976,0
423.58,9,19,1,0,0,1,247,436.25,West Bengal,Electronics,1973,0
332.46,7,6,1,1,0,0,687,304.57,Rajasthan,Travel,1990,0
1184.77,6,14,1,1,0,1,212,3805.22,Delhi,Electronics,1999,0
1228.79,6,20,1,0,0,1,547,733.9,Delhi,Education,1970,0
692.2,3,15,1,1,0,1,250,1709.93,Telangana,Fuel,1980,0
477.0,5,18,1,1,0,0,617,265.21,Maharashtra,Grocery,1991,0
3072.65,1,15,1,0,0,0,622,4393.17,Gujarat,Food,1992,0
3913.55,4,8,1,0,0,0,656,1308.43,Gujarat,Fuel,1990,0
30.67,7,14,1,0,0,0,2,1041.09,Kerala,Electronics,1981,0
1619.91,1,9,1,0,0,1,661,2932.2,Gujarat,Electronics,1990,0
74.39,9,8,1,1,0,1,693,737.76,Karnataka,Education,1978,0
18.8,8,18,1,0,0,1,542,1118.87,Uttar Pradesh,Healthcare,1981,0
99.61,5,7,1,1,0,1,344,1170.12,Kerala,Entertainment,1972,0
4787.24,6,21,1,1,0,1,147,284.72,Karnataka,Utilities,1975,0
1079.12,16,0,4,1,1,0,29,6861.89,Rajasthan,Utilities,1978,1
1526.16,4,16,1,1,0,1,77,65.7,Tamil Nadu,Travel,1984,0
415.88,5,9,1,1,0,0,189,2030.68,Tamil Nadu,Entertainment,1973,0
3170.98,1,1,3,2,1,0,29,1598.76,Kerala,Grocery,1996,1
2912.07,3,13,1,1,0,0,494,765.59,West Bengal,Grocery,1974,0
1005.83,2,21,1,1,0,1,624,906.9,Maharashtra,Grocery,1973,0
661.67,9,10,1,0,0,0,305,647.04,Gujarat,Food,1982,0
781.44,7,18,1,1,0,0,430,2836.34,Gujarat,Healthcare,1994,0
1272.13,5,6,1,1,0,1,13,2225.16,Rajasthan,Entertainment,1982,0
1587.28,7,19,1,0,0,0,168,343.45,Tamil Nadu,Utilities,1982,0
83.11,9,12,1,0,0,1,70,1957.07,Rajasthan,Healthcare,1980,0
1136.1,4,11,1,1,0,0,721,45.15,Karnataka,Food,1993,0
46.0,9,16,1,1,0,1,103,437.67,Tamil Nadu,Travel,1980,0
575.14,4,6,1,0,0,1,395,2880.53,Rajasthan,Fuel,1982,0
353.3,9,5,4,2,1,1,2,916.59,Rajasthan,Healthcare,1987,1
1164.05,5,18,1,0,0,0,426,115.9,Kerala,Utilities,1984,0
1096.12,3,9,1,1,0,0,242,328.59,Delhi,Clothing,1995,0
890.92,3,8,1,1,0,1,587,3687.41,Delhi,Electronics,1987,0
957.93,4,8,1,0,0,1,268,520.17,Gujarat,Food,1990,0
1460.82,6,17,1,0,0,0,446,1378.72,Gujarat,Education,1975,0
2416.88,9,16,1,0,0,1,63,1023.96,West Bengal,Utilities,1997,0
2785.61,7,15,1,1,0,1,576,5818.07,Kerala,Food,1992,0
285.54,6,18,1,1,0,1,242,357.05,Uttar Pradesh,Utilities,1981,0
81.74,7,12,1,0,0,0,222,38.01,Rajasthan,Entertainment,1984,0
697.73,7,19,1,0,0,0,258,258.98,Gujarat,Fuel,1978,0
1126.72,4,14,1,0,0,1,237,836.84,Kerala,Utilities,1985,0
1677.59,2,9,1,0,0,1,237,1012.79,Maharashtra,Fuel,1986,0
2114.75,7,21,1,0,0,0,19,1198.22,Uttar Pradesh,Clothing,1975,0
187.77,3,13,1,0,0,0,77,3977.77,Delhi,Travel,1973,0
863.15,7,14,1,1,0,0,198,808.02,Karnataka,Healthcare,1979,0
917.94,2,18,1,1,0,0,57,825.48,Telangana,Electronics,1978,0
1149.07,3,14,1,1,0,1,162,303.98,Uttar Pradesh,Fuel,1977,0
1759.45,1,19,1,0,0,0,146,341.92,Rajasthan,Travel,1974,0
7698.83,16,1,2,2,0,2,5,2574.3,Maharashtra,Utilities,1993,1
85.11,7,20,1,0,0,1,112,146.17,West Bengal,Travel,1972,0
644.01,6,15,1,0,0,0,192,393.95,Telangana,Utilities,1989,0
447.56,1,17,1,0,0,1,633,9791.1,Karnataka,Grocery,1974,0
552.69,6,17,1,1,0,1,512,1659.2,Kerala,Education,1993,0
15621.48,7,3,1,1,1,0,12,1375.91,Gujarat,Healthcare,1976,1
532.08,1,19,1,1,0,1,415,430.21,Delhi,Electronics,1988,0
3755.65,7,16,1,1,0,0,164,10.0,West Bengal,Fuel,1992,0
573.76,3,21,1,1,0,1,455,643.21,Uttar Pradesh,Food,1975,0
2162.43,5,21,1,0,0,0,480,133.17,Kerala,Healthcare,1977,0
2416.88,8,9,1,0,0,1,105,1373.9,Kerala,Fuel,1998,0
1770.43,5,18,1,0,0,0,121,231.06,Karnataka,Clothing,1982,0
2130.67,7,21,1,0,0,0,458,1116.39,Telangana,Food,1997,0
645.58,1,12,1,1,0,1,598,3513.12,Kerala,Travel,1997,0
803.2,6,14,1,0,0,1,375,6937.89,Karnataka,Clothing,1992,0
10.0,1,7,1,1,0,1,74,614.67,Telangana,Food,1989,0
1641.07,8,13,1,0,0,1,569,128.36,Maharashtra,Utilities,1974,0
4915.02,5,12,1,1,0,1,12,920.43,West Bengal,Fuel,1971,0
558.87,5,11,1,1,0,0,284,23.95,Karnataka,Electronics,1989,0
932.63,7,15,1,1,0,1,15,2042.45,Delhi,Food,1994,0
765.69,7,17,1,1,0,1,158,2294.09,Gujarat,Education,1987,0
2071.9,9,13,1,0,0,0,710,165.11,Maharashtra,Clothing,1994,0
46.26,1,20,1,0,0,0,8,1022.71,Maharashtra,Healthcare,1999,0
41.83,2,11,1,0,0,0,14,134.59,Gujarat,Education,1979,0
1437.38,5,15,1,0,0,1,543,2326.11,Kerala,Education,1979,0
266.85,9,21,1,1,0,0,267,1525.98,Delhi,Education,1982,0
1479.22,5,11,1,1,0,1,452,885.32,West Bengal,Education,1972,0
2004.37,1,7,1,0,0,1,303,114.49,Delhi,Entertainment,1988,0
768.57,9,11,1,1,0,0,224,328.38,Tamil Nadu,Healthcare,1985,0
4757.35,4,6,1,0,0,1,537,1135.04,Karnataka,Fuel,1970,0
241.67,4,9,1,1,0,0,609,27.2,Rajasthan,Electronics,1996,0
235.62,7,15,1,0,0,0,61,83.45,Telangana,Fuel,1990,0
1662.9,4,18,1,1,0,0,108,1533.7,Tamil Nadu,Travel,1983,0
2933.11,7,13,1,1,0,0,669,519.58,Maharashtra,Food,1990,0
2309.11,9,19,1,1,0,0,482,113.27,Delhi,Electronics,1979,0
1179.84,4,9,1,1,0,1,392,957.21,Telangana,Entertainment,1981,0
224.58,8,22,2,1,0,0,36,1931.88,Tamil Nadu,Entertainment,1973,1
757.31,5,21,1,1,0,1,514,729.35,Maharashtra,Healthcare,1980,0
309.97,6,15,1,0,0,1,283,848.99,Telangana,Clothing,1986,0
1590.38,5,19,1,0,0,0,189,1241.98,Tamil Nadu,Fuel,1999,0
1431.67,2,17,1,1,0,0,70,1193.99,Rajasthan,Fuel,1997,0
752.66,3,13,1,1,0,1,522,2759.94,Delhi,Entertainment,1996,0
410.85,1,8,1,0,0,1,585,411.76,Tamil Nadu,Education,1993,0
305.65,7,16,1,0,0,0,210,44.85,Kerala,Clothing,1996,0
43.61,4,6,1,0,0,1,255,1293.65,Gujarat,Food,1970,0
179.9,7,9,1,0,0,0,231,873.74,Telangana,Entertainment,1976,0
939.0,3,17,1,0,0,0,671,1099.83,Telangana,Electronics,1996,0
115.29,1,9,1,1,0,0,4,1916.72,Maharashtra,Travel,1973,0
453.65,1,16,1,0,0,0,133,1003.2,Maharashtra,Electronics,1976,0
1918.44,8,7,1,1,0,1,95,1208.35,Delhi,Healthcare,1977,0
6624.71,2,10,1,1,0,1,631,1882.42,Gujarat,Food,1999,0
1165.74,8,8,1,0,0,0,175,698.28,Delhi,Education,1987,0
955.44,6,20,1,1,0,1,314,608.99,Tamil Nadu,Food,1973,0
6783.78,4,14,1,0,0,1,33,1295.3,Tamil Nadu,Education,1982,0
42.06,7,12,1,1,0,1,635,197.14,Kerala,Food,1994,0
125.99,4,17,1,1,0,1,525,3107.45,Gujarat,Fuel,1990,0
15.72,9,8,1,0,0,1,10,1216.51,Tamil Nadu,Electronics,1985,0
1210.26,8,15,1,1,0,0,643,409.13,Telangana,Entertainment,1977,0
305.07,2,19,1,1,0,0,452,255.03,West Bengal,Grocery,1997,0
2886.36,6,18,1,1,0,1,220,422.43,Kerala,Grocery,1979,0
7746.04,1,3,2,1,1,2,58,5549.41,Kerala,Entertainment,1974,1
1827.92,3,14,1,1,0,1,321,249.38,Gujarat,Utilities,1976,0
368.76,2,19,1,1,0,0,121,132.71,Uttar Pradesh,Healthcare,1972,0
6101.95,6,19,1,1,0,1,475,997.42,Karnataka,Clothing,1999,0
7210.15,13,1,2,2,1,1,55,391.19,Karnataka,Food,1984,1
2283.3,7,19,1,0,0,0,391,1807.69,Uttar Pradesh,Electronics,1988,0
1508.18,1,20,1,0,0,0,367,957.25,Rajasthan,Utilities,1989,0
56.81,6,12,1,1,0,0,594,403.17,Maharashtra,Food,1980,0
212.34,8,7,1,1,0,1,158,1862.07,West Bengal,Utilities,1985,0
944.98,5,10,1,0,0,0,254,955.92,Gujarat,Grocery,1973,0
3992.09,5,8,1,1,0,1,107,1601.21,Delhi,Healthcare,1985,0
1160.03,5,11,1,0,0,1,40,936.3,Kerala,Healthcare,1992,0
378.69,29,3,4,0,1,0,38,5380.94,Kerala,Clothing,1995,1
471.94,8,17,1,1,0,1,419,1456.83,Kerala,Travel,1995,0
1566.99,9,19,1,1,0,0,23,1496.1,West Bengal,Clothing,1975,0
3001.71,8,15,1,0,0,1,59,264.95,Tamil Nadu,Entertainment,1988,0
613.74,1,14,1,1,0,1,257,4438.05,Delhi,Travel,1996,0
33.92,2,16,1,1,0,0,409,1842.37,Gujarat,Utilities,1974,0
5046.12,7,8,1,0,0,0,387,840.7,Kerala,Food,1987,0
607.45,2,10,1,0,0,0,11,262.19,Karnataka,Grocery,1996,0
1503.91,7,21,1,0,0,0,154,165.78,Maharashtra,Electronics,1994,0
314.57,5,16,1,1,0,1,559,681.97,Rajasthan,Entertainment,1974,0
10.0,4,17,1,1,0,1,88,224.12,Karnataka,Grocery,1971,0
5149.19,1,10,1,1,0,0,172,3190.25,Karnataka,Electronics,1988,0
167.59,5,13,1,1,0,1,106,2208.81,Maharashtra,Fuel,1988,0
1212.93,3,6,1,0,0,0,428,3195.6,Tamil Nadu,Healthcare,1984,0
899.46,9,11,1,1,0,1,152,543.71,West Bengal,Education,1970,0
74.17,1,12,1,0,0,0,521,578.03,Telangana,Grocery,1998,0
220.5,8,20,1,0,0,0,11,110.71,Karnataka,Clothing,1978,0
29.91,1,8,1,0,0,0,589,1880.41,Kerala,Food,1996,0
296.28,1,11,1,1,0,1,522,1309.38,Maharashtra,Entertainment,1997,0
487.33,5,7,1,1,0,1,678,145.2,Delhi,Healthcare,1987,0
5845.56,7,9,1,1,0,1,242,1476.74,Karnataka,Clothing,1976,0
64.34,5,16,1,1,0,0,122,98.33,Karnataka,Travel,1985,0
755.11,2,13,1,0,0,1,507,948.84,Uttar Pradesh,Healthcare,1991,0
766.62,1,11,1,1,0,0,276,2317.17,Delhi,Travel,1999,0
2190.35,28,2,1,1,1,0,31,5266.5,Delhi,Electronics,1991,1
2480.82,4,20,1,1,0,1,149,1601.41,Gujarat,Food,1984,0
1487.85,1,12,1,1,0,1,3,152.45,West Bengal,Clothing,1975,0
1400.67,8,7,1,0,0,1,448,1064.64,Kerala,Fuel,1998,0
545.98,4,21,1,0,0,1,427,989.2,Maharashtra,Food,1993,0
6668.42,1,18,1,0,0,1,226,468.71,West Bengal,Food,1971,0
717.69,3,13,1,0,0,0,496,478.68,Kerala,Food,1985,0
326.3,9,20,1,0,0,1,341,1399.61,Maharashtra,Clothing,1994,0
1314.66,5,18,1,0,0,1,448,1473.1,Gujarat,Electronics,1974,0
410.24,5,14,1,0,0,1,158,786.94,Delhi,Healthcare,1988,0
2366.52,5,15,1,1,0,1,113,119.14,West Bengal,Fuel,1981,0
2218.12,4,16,1,0,0,1,187,1794.52,Karnataka,Food,1972,0
2267.12,5,16,1,0,0,0,294,241.9,Rajasthan,Grocery,1985,0
368.39,2,14,1,1,0,1,333,2132.49,Tamil Nadu,Electronics,1975,0
1182.42,4,15,1,0,0,1,699,244.35,Gujarat,Healthcare,1990,0
6334.36,2,10,1,0,0,0,318,523.49,Delhi,Food,1990,0
2605.35,4,12,1,0,0,1,136,165.12,Uttar Pradesh,Entertainment,1994,0
112.22,8,15,1,1,0,1,661,524.87,Kerala,Utilities,1982,0
386.72,2,18,1,1,0,0,161,446.81,Rajasthan,Entertainment,1979,0
3320.21,21,1,2,2,0,2,43,9648.47,Delhi,Utilities,1974,1
2731.48,1,19,1,0,0,0,591,1187.59,Rajasthan,Food,1997,0
221.59,9,8,1,0,0,1,592,2521.56,Maharashtra,Clothing,1993,0
1457.83,1,17,1,0,0,0,446,831.06,Kerala,Electronics,1993,0
585.79,6,18,1,0,0,1,317,3776.08,Tamil Nadu,Food,1990,0
532.34,3,12,1,1,0,0,502,876.21,Telangana,Fuel,1978,0
2521.82,8,21,1,1,0,0,102,1137.69,Telangana,Fuel,1991,0
669.19,9,10,1,1,0,1,625,744.54,Telangana,Travel,1976,0
291.63,5,11,1,1,0,0,269,921.35,Uttar Pradesh,Grocery,1984,0
477.75,4,18,1,0,0,1,166,69.43,Delhi,Grocery,1988,0
1568.3,5,10,1,1,0,0,703,37.59,Delhi,Clothing,1983,0
10.0,9,13,1,0,0,0,531,675.58,Maharashtra,Food,1995,0
1137.2,6,18,1,0,0,1,44,1035.37,Delhi,Education,1979,0
1076.44,2,15,1,0,0,0,312,569.14,Tamil Nadu,Entertainment,1990,0
10.0,1,6,1,1,0,0,362,78.2,West Bengal,Utilities,1989,0
353.25,2,17,1,0,0,0,341,316.99,Karnataka,Entertainment,1983,0
253.59,6,15,1,0,0,1,680,42.48,Uttar Pradesh,Entertainment,1999,0
1732.59,8,12,1,1,0,0,635,606.72,Tamil Nadu,Grocery,1983,0
258.1,5,7,1,1,0,0,472,3301.87,West Bengal,Fuel,1985,0
837.45,6,12,1,1,0,1,660,217.07,Karnataka,Education,1995,0
579.46,5,12,1,0,0,0,351,285.94,Rajasthan,Travel,1982,0
1359.76,5,11,1,1,0,0,244,1090.56,Delhi,Electronics,1978,0
613.56,2,18,1,0,0,1,3,685.95,Tamil Nadu,Healthcare,1984,0
71.37,6,12,1,1,0,0,251,55.21,West Bengal,Clothing,1999,0
22.42,3,15,1,1,0,1,414,889.28,Rajasthan,Entertainment,1994,0
2546.15,2,10,1,0,0,1,572,2430.51,Kerala,Electronics,1981,0
92.69,3,13,1,1,0,1,152,1173.89,West Bengal,Education,1998,0
1024.19,7,17,1,1,0,0,120,163.7,Rajasthan,Healthcare,1973,0
273.5,2,8,1,1,0,0,482,1644.1,Telangana,Food,1985,0
156.64,4,9,1,0,0,0,476,200.72,Uttar Pradesh,Travel,1993,0
118.67,3,7,1,1,0,0,286,221.5,Tamil Nadu,Food,1986,0
1157.42,8,6,1,0,0,0,247,373.52,West Bengal,Education,1974,0
1363.12,2,13,1,1,0,0,202,614.38,Kerala,Healthcare,1986,0
1863.44,3,8,1,0,0,0,222,912.65,Tamil Nadu,Clothing,1984,0
2878.84,8,9,1,0,0,0,271,581.63,Delhi,Utilities,1990,0
306.94,7,19,1,0,0,1,425,1260.28,Rajasthan,Fuel,1991,0
815.2,5,10,1,1,0,0,4,2873.02,West Bengal,Education,1991,0
279.27,5,21,1,1,0,1,109,359.86,Gujarat,Entertainment,1985,0
1389.19,7,20,1,1,0,0,323,1938.76,Maharashtra,Education,1990,0
157.72,2,20,1,1,0,0,84,618.32,Gujarat,Entertainment,1988,0
273.52,9,16,1,0,0,0,305,2110.49,Tamil Nadu,Electronics,1974,0
773.95,1,7,1,0,0,0,132,1806.52,Telangana,Electronics,1981,0
243.96,7,11,1,0,0,0,207,86.23,West Bengal,Education,1975,0
322.72,3,10,1,1,0,1,550,257.79,Maharashtra,Clothing,1971,0
4025.41,29,23,1,1,1,1,55,2278.84,Kerala,Education,1995,1
753.13,14,23,2,2,1,0,55,2416.85,Rajasthan,Grocery,1990,1
589.65,9,21,1,0,0,0,291,1860.42,Uttar Pradesh,Clothing,1982,0
101.01,3,7,1,1,0,0,170,165.8,Uttar Pradesh,Electronics,1972,0
1349.57,3,15,1,1,0,0,498,935.99,Telangana,Grocery,1976,0
2312.58,7,9,1,0,0,0,17,1458.66,Maharashtra,Electronics,1985,0
2102.61,8,16,1,1,0,0,210,1408.86,Maharashtra,Grocery,1990,0
62.5,20,3,1,0,1,1,18,4805.9,Kerala,Travel,1974,1
972.72,1,9,1,0,0,1,334,80.67,Kerala,Food,1979,0
442.84,5,12,1,1,0,0,627,1388.39,Gujarat,Food,1982,0
155.32,5,21,1,0,0,0,52,582.29,Rajasthan,Travel,1977,0
4911.89,8,23,1,0,1,2,20,131.18,Maharashtra,Electronics,1985,1
298.04,7,19,1,0,0,1,4,574.83,Delhi,Utilities,1988,0
5863.44,9,20,1,1,0,0,716,996.29,Kerala,Healthcare,1985,0
1595.35,6,15,1,1,0,0,35,116.57,Telangana,Education,1973,0
794.64,2,10,1,0,0,1,698,1696.02,Uttar Pradesh,Utilities,1970,0
3972.84,1,19,1,1,0,0,292,255.05,West Bengal,Food,1974,0
90.47,2,17,1,0,0,0,583,1334.83,Gujarat,Travel,1970,0
488.75,8,13,1,0,0,0,140,1022.48,Tamil Nadu,Entertainment,1981,0
195.96,8,10,1,0,0,0,425,637.88,Uttar Pradesh,Education,1989,0
372.43,5,17,1,1,0,1,486,975.17,Rajasthan,Travel,1987,0
1317.5,1,9,1,0,0,1,43,233.09,Kerala,Utilities,1994,0
1616.35,7,19,1,0,0,1,248,102.57,Gujarat,Food,1991,0
2099.15,5,8,1,1,0,0,682,2218.88,Karnataka,Fuel,1975,0
10.0,7,20,1,0,0,0,472,566.56,Delhi,Clothing,1972,0
1876.17,3,7,1,1,0,0,436,1785.4,Rajasthan,Travel,1972,0
46.9,5,7,1,0,0,0,537,119.76,Kerala,Electronics,1971,0
376.16,5,8,1,0,0,0,647,938.03,Kerala,Entertainment,1977,0
230.32,3,17,1,0,0,0,71,863.28,Delhi,Grocery,1997,0
1519.19,2,17,1,0,0,1,65,2075.61,Delhi,Food,1982,0
616.82,4,14,1,1,0,1,609,1297.62,Maharashtra,Clothing,1983,0
1684.04,2,15,1,1,0,1,315,788.34,Karnataka,Clothing,1994,0
730.42,4,13,1,0,0,0,396,3638.11,Gujarat,Travel,1987,0
436.74,1,14,1,0,0,0,300,84.65,West Bengal,Healthcare,1997,0
1476.0,8,6,1,1,0,0,345,900.13,Uttar Pradesh,Food,1984,0
877.99,8,15,1,1,0,0,178,151.11,Delhi,Entertainment,1973,0
257.95,2,21,1,0,0,0,622,787.45,Maharashtra,Grocery,1970,0
1899.44,5,18,1,0,0,0,134,201.92,West Bengal,Food,1984,0
1235.9,4,17,1,0,0,1,104,45.76,Karnataka,Entertainment,1974,0
2034.52,1,12,1,0,0,0,30,79.33,Delhi,Utilities,1988,0
2353.92,5,13,1,0,0,0,207,2173.43,Maharashtra,Grocery,1988,0
240.09,6,10,1,1,0,1,69,1281.43,Rajasthan,Grocery,1980,0
2443.6,8,15,1,0,0,0,41,411.87,Telangana,Utilities,1999,0
1661.89,3,17,1,1,0,1,281,1443.31,Uttar Pradesh,Entertainment,1989,0
2246.35,7,15,1,0,0,1,341,892.7,Gujarat,Electronics,1979,0
195.39,2,6,1,1,0,1,268,1403.99,Kerala,Clothing,1984,0
71.95,4,21,1,0,0,1,70,10.0,West Bengal,Grocery,1974,0
244.2,2,7,1,0,0,0,372,368.53,Delhi,Clothing,1979,0
1149.07,5,11,1,0,0,0,703,1197.4,Uttar Pradesh,Electronics,1998,0
817.38,7,15,1,0,0,0,593,1528.21,Maharashtra,Utilities,1973,0
465.83,2,11,1,1,0,1,428,2552.2,Gujarat,Entertainment,1990,0
121.5,6,13,1,1,0,1,520,241.75,Karnataka,Entertainment,1987,0
250.15,7,21,1,1,0,1,370,907.88,West Bengal,Fuel,1979,0
2367.74,4,12,1,1,0,0,712,208.54,Kerala,Education,1988,0
9192.35,20,22,4,1,1,0,45,10117.51,Gujarat,Education,1984,1
260.24,5,21,1,0,0,0,548,2342.83,Tamil Nadu,Healthcare,1971,0
634.4,7,12,1,0,0,1,36,640.75,Gujarat,Grocery,1992,0
150.22,6,18,1,1,0,0,210,2191.13,Gujarat,Grocery,1994,0
209.55,3,21,1,1,0,1,164,143.89,Delhi,Fuel,1990,0
1053.59,3,14,1,0,0,0,62,2171.01,Tamil Nadu,Entertainment,1985,0
976.76,9,6,1,0,0,0,352,2470.55,Karnataka,Entertainment,1986,0
1903.08,5,13,1,1,0,1,298,1421.81,West Bengal,Clothing,1978,0
810.47,6,6,1,1,0,1,668,601.63,Kerala,Education,1993,0
708.83,8,15,1,1,0,0,568,951.98,Gujarat,Clothing,1984,0
513.25,8,7,1,1,0,1,324,674.37,Karnataka,Entertainment,1992,0
1222.14,5,16,1,0,0,0,125,46.77,Karnataka,Education,1985,0
599.29,2,15,1,1,0,1,331,352.11,Kerala,Grocery,1990,0
2296.94,8,16,1,0,0,1,255,205.97,Maharashtra,Clothing,1994,0
933.55,1,18,1,0,0,1,644,555.27,Gujarat,Healthcare,1999,0
2303.54,9,14,1,1,0,1,68,411.43,Gujarat,Clothing,1978,0
43.58,7,8,1,1,0,1,675,1353.02,Uttar Pradesh,Electronics,1976,0
536.4,8,11,1,1,0,0,679,2181.12,Karnataka,Fuel,1992,0
2705.76,28,3,4,2,0,2,25,1452.41,Telangana,Travel,1979,1
3928.5,5,11,1,0,0,0,695,441.95,Karnataka,Education,1988,0
2029.53,3,9,1,0,0,0,31,317.44,Uttar Pradesh,Fuel,1992,0
1705.54,6,14,1,1,0,0,69,311.03,West Bengal,Electronics,1988,0
140.19,9,12,1,0,0,0,368,274.45,Uttar Pradesh,Travel,1986,0
3762.19,4,18,1,1,0,0,309,65.86,West Bengal,Utilities,1972,0
892.05,4,14,1,1,0,1,322,89.41,Uttar Pradesh,Utilities,1986,0
1187.11,2,19,1,0,0,0,533,265.0,Delhi,Travel,1988,0
5981.18,3,13,1,1,0,0,593,943.17,West Bengal,Fuel,1993,0
2526.65,6,12,1,0,0,0,130,237.29,Rajasthan,Healthcare,1973,0
1203.71,4,21,1,0,0,0,94,859.32,Tamil Nadu,Travel,1974,0
1706.89,14,22,3,0,1,0,7,4750.21,Gujarat,Utilities,1970,1
1415.47,6,21,1,0,0,1,430,741.96,Telangana,Healthcare,1977,0
117.68,6,7,1,1,0,0,159,396.73,Rajasthan,Healthcare,1976,0
816.7,3,18,1,0,0,0,203,1948.01,Delhi,Education,1976,0
45.76,6,16,1,0,0,0,310,297.51,Delhi,Utilities,1972,0
3348.48,8,16,1,1,0,1,713,3098.94,Telangana,Clothing,1988,0
151.33,9,9,1,0,0,1,455,1237.84,West Bengal,Utilities,1973,0
1590.47,1,13,1,0,0,0,358,1782.87,Telangana,Entertainment,1999,0
3962.87,1,16,1,1,0,1,85,1148.72,Rajasthan,Food,1981,0
2368.47,9,15,1,1,0,0,45,793.88,Delhi,Utilities,1996,0
3633.04,2,9,1,0,0,1,501,3963.93,Maharashtra,Grocery,1970,0
605.32,3,6,1,1,0,1,609,797.11,West Bengal,Fuel,1988,0
235.05,1,21,1,0,0,0,310,1337.56,Telangana,Food,1992,0
561.71,5,9,1,1,0,1,511,305.49,Karnataka,Healthcare,1982,0
230.59,9,21,1,1,0,1,508,3025.54,Rajasthan,Grocery,1970,0
4840.11,18,4,4,2,0,1,47,10192.4,Maharashtra,Utilities,1970,1
758.39,6,16,1,1,0,0,179,1646.82,Rajasthan,Entertainment,1972,0
52.15,8,6,1,1,0,1,656,333.41,West Bengal,Utilities,1987,0
761.21,9,16,1,0,0,0,512,959.78,Tamil Nadu,Electronics,1984,0
854.79,1,17,1,1,0,1,619,1500.29,Tamil Nadu,Travel,1994,0
3247.12,1,21,1,0,0,0,450,278.6,Kerala,Electronics,1982,0
933.5,7,12,1,0,0,1,438,153.74,Gujarat,Healthcare,1970,0
2667.52,1,13,1,1,0,1,700,97.05,West Bengal,Fuel,1995,0
302.21,5,16,1,1,0,1,147,1867.87,Maharashtra,Utilities,1970,0
297.65,5,6,1,1,0,1,111,327.23,Maharashtra,Fuel,1989,0
205.61,1,13,1,0,0,1,202,29.99,Delhi,Electronics,1994,0
2358.58,4,16,1,1,0,0,546,1281.48,West Bengal,Food,1972,0
11168.07,4,23,3,1,0,1,36,5830.04,Delhi,Grocery,1971,1
24.5,5,17,1,1,0,1,703,1864.51,Gujarat,Fuel,1970,0
4304.62,9,7,1,1,0,1,285,705.85,Maharashtra,Grocery,1971,0
2359.19,2,13,1,0,0,0,275,99.48,Uttar Pradesh,Grocery,1972,0
10.0,7,14,1,0,0,0,714,3512.55,Tamil Nadu,Electronics,1972,0
3503.93,4,20,1,1,0,1,335,830.84,Delhi,Fuel,1999,0
52.2,4,20,1,1,0,1,724,516.25,Gujarat,Electronics,1994,0
6859.85,17,3,2,0,1,1,8,5260.75,Uttar Pradesh,Electronics,1973,1
526.87,2,11,1,0,0,0,542,1984.65,Delhi,Travel,1997,0
3573.96,3,10,1,0,0,1,154,79.42,Telangana,Clothing,1980,0
3836.06,1,14,1,0,0,1,660,210.35,Kerala,Education,1978,0
246.58,2,12,1,0,0,1,315,39.0,Rajasthan,Entertainment,1977,0
104.62,1,17,1,0,0,0,369,598.39,Delhi,Travel,1997,0
834.55,3,9,1,0,0,1,101,1918.51,Kerala,Food,1989,0
875.34,9,16,1,0,0,1,170,344.37,Telangana,Entertainment,1990,0
596.32,8,12,1,0,0,0,363,492.13,Kerala,Entertainment,1992,0
1628.54,6,11,1,1,0,0,458,2316.08,Maharashtra,Travel,1998,0
91.72,7,21,1,0,0,0,662,665.2,Rajasthan,Clothing,1971,0
115.93,9,21,1,1,0,0,513,439.45,Karnataka,Fuel,1998,0
709.65,4,10,1,0,0,0,624,811.67,Karnataka,Entertainment,1990,0
226.24,9,17,1,1,0,0,192,3706.57,Delhi,Food,1983,0
112.45,5,21,1,0,0,1,448,585.89,Karnataka,Healthcare,1970,0
431.78,3,8,1,0,0,1,619,10.0,Kerala,Travel,1971,0
814.6,2,15,1,0,0,1,107,3210.15,Gujarat,Fuel,1996,0
1179.43,8,14,1,0,0,1,8,23.38,Gujarat,Healthcare,1981,0
1177.4,1,17,1,0,0,1,252,2342.97,Kerala,Entertainment,1995,0
1877.63,4,13,1,0,0,0,286,1039.8,West Bengal,Entertainment,1974,0
1870.46,4,8,1,0,0,0,119,1003.73,Rajasthan,Healthcare,1988,0
1440.91,5,16,1,0,0,1,469,1387.05,Karnataka,Utilities,1988,0
935.59,7,7,1,0,0,1,267,320.99,Kerala,Healthcare,1995,0
572.36,4,21,1,1,0,1,532,36.72,Karnataka,Fuel,1981,0
880.69,4,18,1,1,0,1,244,192.61,West Bengal,Travel,1996,0
2122.99,9,17,1,0,0,0,218,87.38,Maharashtra,Healthcare,1991,0
929.93,4,16,1,0,0,0,682,457.15,Delhi,Electronics,1992,0
516.88,1,11,1,1,0,0,229,1566.7,Rajasthan,Utilities,1987,0
560.86,5,21,1,0,0,1,538,2210.13,Telangana,Clothing,1979,0
3810.13,2,18,1,0,0,0,445,272.47,Uttar Pradesh,Grocery,1982,0
785.03,4,9,1,1,0,0,506,636.12,Maharashtra,Fuel,1998,0
2157.18,7,14,1,0,0,0,633,677.01,Delhi,Healthcare,1980,0
192.36,4,11,1,1,0,0,568,450.75,Tamil Nadu,Healthcare,1973,0
1551.56,9,15,1,1,0,0,52,705.01,Karnataka,Clothing,1989,0
58.05,4,20,1,1,0,0,665,1484.18,Karnataka,Food,1993,0
836.93,9,13,1,0,0,1,419,658.36,Kerala,Grocery,1979,0
765.98,4,16,1,0,0,0,694,451.44,Maharashtra,Entertainment,1972,0
115.41,2,15,1,0,0,1,628,1170.92,Maharashtra,Healthcare,1994,0
853.61,5,8,1,0,0,0,556,1328.59,Gujarat,Grocery,1993,0
725.81,1,13,1,1,0,0,687,902.06,Kerala,Clothing,1984,0
4057.04,7,18,1,0,0,0,213,2828.54,Uttar Pradesh,Electronics,1991,0
1293.18,4,20,1,1,0,1,283,4090.05,Delhi,Electronics,1985,0
123.4,7,16,1,1,0,1,223,3997.16,Rajasthan,Clothing,1975,0
553.8,6,7,1,0,0,0,628,3090.32,Gujarat,Clothing,1980,0
143.93,5,11,1,0,0,1,604,2541.96,Telangana,Food,1978,0
2373.56,6,6,1,0,0,1,302,330.47,Tamil Nadu,Education,1979,0
6502.06,12,23,2,0,0,2,34,9084.4,Uttar Pradesh,Utilities,1979,1
1423.53,2,18,1,1,0,0,110,3581.84,Tamil Nadu,Fuel,1973,0
961.47,7,17,1,0,0,0,353,2401.53,Kerala,Fuel,1993,0
124.73,3,12,1,1,0,1,168,695.37,Rajasthan,Electronics,1971,0
2115.22,1,18,1,0,0,1,56,1680.45,Uttar Pradesh,Food,1990,0
458.95,9,8,1,0,0,1,648,1687.7,Kerala,Education,1971,0
206.99,3,17,1,0,0,0,410,719.88,Karnataka,Clothing,1987,0
3168.35,5,20,1,0,0,0,679,130.38,West Bengal,Travel,1976,0
8244.14,8,4,3,0,1,2,19,290.75,Karnataka,Electronics,1987,1
1439.07,4,11,1,0,0,1,381,1406.24,Karnataka,Entertainment,1985,0
3916.79,1,17,1,1,0,0,317,165.97,Telangana,Clothing,1978,0
164.62,8,17,1,0,0,1,192,215.81,Tamil Nadu,Grocery,1978,0
484.66,8,20,1,0,0,1,197,1146.41,Telangana,Electronics,1973,0
474.63,9,13,1,1,0,0,639,657.8,Kerala,Healthcare,1974,0
1214.67,2,19,1,1,0,1,172,104.36,Karnataka,Clothing,1993,0
2588.67,2,7,1,1,0,0,196,941.41,Maharashtra,Travel,1970,0
1517.82,3,17,1,1,0,0,219,560.2,Kerala,Education,1987,0
683.66,7,16,1,0,0,1,301,1568.08,West Bengal,Fuel,1979,0
1634.51,7,8,1,0,0,1,468,383.69,Maharashtra,Fuel,1992,0
279.52,8,6,1,0,0,1,90,3534.34,Rajasthan,Fuel,1995,0
514.6,3,7,1,0,0,0,529,388.41,Maharashtra,Entertainment,1992,0
709.0,4,7,1,0,0,1,385,1280.69,Maharashtra,Electronics,1987,0
1604.92,1,15,1,1,0,0,488,227.83,West Bengal,Healthcare,1996,0
897.01,4,18,1,1,0,1,663,1466.36,Delhi,Utilities,1993,0
2786.55,9,8,1,0,0,0,479,1039.03,Karnataka,Travel,1984,0
368.67,4,18,1,1,0,1,452,603.49,Tamil Nadu,Fuel,1991,0
569.34,7,11,1,0,0,0,77,927.15,Uttar Pradesh,Clothing,1997,0
2869.65,29,3,1,2,0,1,17,6776.0,West Bengal,Food,1990,1
2835.08,5,16,1,1,0,1,349,3136.69,Rajasthan,Grocery,1978,0
1571.45,6,15,1,0,0,0,11,401.39,Maharashtra,Grocery,1972,0
1656.73,3,17,1,1,0,0,359,183.48,Maharashtra,Food,1992,0
2448.11,5,13,1,0,0,1,357,1455.68,Gujarat,Travel,1972,0
3534.34,9,14,1,1,0,1,176,265.75,Telangana,Electronics,1974,0
3259.32,1,9,1,1,0,1,676,900.05,Rajasthan,Education,1992,0
1281.13,2,12,1,0,0,1,110,499.79,West Bengal,Food,1994,0
289.62,8,10,1,1,0,0,344,2811.05,Tamil Nadu,Education,1995,0
322.74,1,14,1,0,0,1,429,820.36,Karnataka,Entertainment,1992,0
1039.33,4,12,1,0,0,1,109,136.22,Maharashtra,Grocery,1971,0
1293.17,1,14,1,1,0,1,53,580.1,Telangana,Healthcare,1997,0
1638.41,5,21,1,1,0,0,440,1174.64,West Bengal,Clothing,1985,0
3442.79,2,8,1,1,0,1,621,526.38,Uttar Pradesh,Electronics,1992,0
801.95,8,11,1,0,0,1,92,1919.29,Telangana,Healthcare,1978,0
2175.13,4,20,1,1,0,1,369,89.68,Maharashtra,Food,1990,0
5951.78,3,16,1,1,0,0,122,99.93,Gujarat,Utilities,1975,0
323.01,1,19,1,1,0,1,194,967.41,Rajasthan,Utilities,1984,0
779.6,4,12,1,0,0,1,526,557.61,Uttar Pradesh,Food,1986,0
4772.7,5,21,1,0,0,1,448,975.12,Kerala,Utilities,1989,0
689.66,1,13,1,0,0,0,504,71.42,Kerala,Entertainment,1980,0
833.13,7,7,1,1,0,0,166,2009.04,Rajasthan,Grocery,1973,0
300.67,2,15,1,1,0,1,687,244.96,Tamil Nadu,Entertainment,1987,0
3789.83,9,11,1,1,0,0,492,1433.09,Gujarat,Grocery,1993,0
630.81,5,14,1,1,0,0,654,211.31,Gujarat,Travel,1994,0
750.83,9,12,1,0,0,1,87,2998.68,Rajasthan,Electronics,1998,0
3647.36,28,5,2,0,0,2,16,356.77,Tamil Nadu,Travel,1998,1
138.07,2,8,1,0,0,1,654,338.95,Uttar Pradesh,Utilities,1971,0
1173.86,8,7,1,1,0,1,35,90.16,Tamil Nadu,Utilities,1973,0
2904.02,5,19,1,0,0,0,469,2337.27,Kerala,Healthcare,1977,0
96.29,6,11,1,1,0,1,615,207.5,West Bengal,Education,1988,0
345.75,4,16,1,0,0,1,523,1899.32,Uttar Pradesh,Food,1971,0
2405.09,9,17,1,1,0,1,106,2184.12,West Bengal,Travel,1993,0
9859.34,19,1,3,0,0,0,52,88.83,Delhi,Healthcare,1997,1
2064.51,2,17,1,1,0,0,37,209.68,Telangana,Clothing,1982,0
1255.07,5,21,1,1,0,0,274,625.53,Kerala,Electronics,1998,0
2884.69,9,16,1,0,0,0,25,2801.63,West Bengal,Clothing,1993,0
202.59,9,13,1,0,0,0,199,1346.14,Tamil Nadu,Healthcare,1974,0
867.39,2,14,1,0,0,0,725,33.01,Telangana,Clothing,1983,0
954.99,5,6,1,1,0,0,16,1003.48,Delhi,Grocery,1979,0
236.89,1,16,1,1,0,0,416,305.74,Gujarat,Fuel,1984,0
2535.94,3,6,1,1,0,0,365,206.76,Rajasthan,Utilities,1990,0
1462.05,5,6,1,0,0,0,296,1926.72,Rajasthan,Food,1994,0
1317.24,9,17,1,0,0,0,348,1000.15,Telangana,Entertainment,1997,0
9189.85,23,23,1,0,0,1,1,1193.18,Karnataka,Electronics,1987,1
2767.37,2,12,1,1,0,0,58,961.72,West Bengal,Food,1971,0
1028.11,1,18,1,1,0,1,463,2906.21,Maharashtra,Fuel,1984,0
36937.49,16,5,2,0,1,1,36,3534.31,Karnataka,Electronics,1977,1
786.46,1,21,1,0,0,0,89,232.27,Delhi,Travel,1989,0
355.62,1,9,1,1,0,1,114,382.03,West Bengal,Electronics,1997,0
99.98,9,8,1,0,0,1,660,386.91,Tamil Nadu,Food,1987,0
188.38,7,16,1,1,0,0,448,1562.16,Karnataka,Clothing,1987,0
956.8,8,20,1,0,0,0,582,2185.07,Karnataka,Utilities,1992,0
195.64,2,17,1,0,0,1,719,158.22,Telangana,Fuel,1997,0
125.17,6,10,1,1,0,1,144,191.68,Kerala,Healthcare,1970,0
5730.92,9,1,2,0,0,1,10,2245.89,Maharashtra,Utilities,1997,1
1016.2,2,18,1,0,0,0,266,14.78,Telangana,Clothing,1984,0
1311.97,3,6,1,1,0,1,221,630.14,West Bengal,Food,1998,0
1104.12,1,6,1,0,0,1,385,818.42,Uttar Pradesh,Clothing,1992,0
1149.65,1,13,1,1,0,1,281,22.67,Delhi,Clothing,1991,0
841.78,2,6,1,0,0,0,423,434.04,Uttar Pradesh,Entertainment,1998,0
540.5,8,14,1,1,0,1,94,723.43,Uttar Pradesh,Food,1987,0
3716.67,3,23,2,0,0,2,41,6467.71,Uttar Pradesh,Electronics,1971,1
1803.33,1,19,1,1,0,1,458,128.88,Maharashtra,Healthcare,1986,0
62.51,9,16,1,1,0,1,522,18.46,Maharashtra,Utilities,1979,0
983.15,3,7,1,0,0,0,90,984.05,Delhi,Entertainment,1981,0
2928.25,9,13,1,0,0,0,419,3377.95,Rajasthan,Clothing,1982,0
1570.0,1,18,1,1,0,0,511,97.5,Maharashtra,Fuel,1982,0
241.61,6,18,1,1,0,1,51,906.3,Karnataka,Clothing,1995,0
5838.23,8,14,1,0,0,1,292,3905.12,Kerala,Electronics,1970,0
138.09,5,13,1,0,0,1,268,481.49,Tamil Nadu,Electronics,1988,0
3031.63,5,21,1,1,0,1,672,310.3,Karnataka,Food,1973,0
599.72,1,15,1,0,0,1,498,857.68,Delhi,Food,1974,0
1158.49,8,16,1,0,0,0,278,229.23,Tamil Nadu,Fuel,1983,0
1104.0,1,15,1,1,0,0,212,108.09,Tamil Nadu,Education,1976,0
9235.03,25,23,2,1,0,0,7,3852.21,Rajasthan,Travel,1987,1
439.52,9,12,1,1,0,0,429,353.65,Delhi,Utilities,1971,0
124.35,2,18,1,0,0,1,716,1885.04,Delhi,Utilities,1997,0
691.34,7,18,1,0,0,1,541,1304.31,Gujarat,Travel,1991,0
724.24,5,10,1,1,0,0,186,135.98,Delhi,Utilities,1980,0
684.78,2,21,1,0,0,0,326,3377.66,Rajasthan,Healthcare,1996,0
6968.83,21,23,3,2,1,0,58,3352.66,Maharashtra,Food,1996,1
2424.69,2,18,1,0,0,1,520,917.38,Kerala,Education,1999,0
3131.34,4,8,1,0,0,0,618,956.53,Gujarat,Healthcare,1984,0
147.08,5,8,1,1,0,0,721,531.84,Karnataka,Travel,1994,0
3459.16,9,9,1,0,0,1,645,708.75,Rajasthan,Electronics,1994,0
52.84,4,9,1,0,0,0,18,428.41,West Bengal,Entertainment,1981,0
219.57,9,14,1,0,0,0,273,11155.78,Uttar Pradesh,Entertainment,1983,0
208.36,4,7,1,1,0,1,53,395.35,Rajasthan,Grocery,1996,0
384.4,2,19,1,1,0,0,3,1176.44,Uttar Pradesh,Fuel,1994,0
3150.47,4,9,1,1,0,0,144,604.42,Rajasthan,Food,1995,0
1924.94,4,15,1,1,0,0,551,284.72,Uttar Pradesh,Clothing,1982,0
614.65,6,21,1,1,0,0,209,348.22,Rajasthan,Electronics,1994,0
905.29,1,19,1,1,0,0,693,481.75,Uttar Pradesh,Electronics,1994,0
1236.42,3,13,1,0,0,0,508,388.17,Maharashtra,Entertainment,1972,0
416.36,3,8,1,1,0,0,702,1581.05,Maharashtra,Travel,1980,0
326.25,6,6,1,1,0,1,616,29.19,Uttar Pradesh,Clothing,1995,0
2027.81,7,17,1,0,0,1,368,1165.05,Karnataka,Healthcare,1974,0
317.66,1,12,1,0,0,0,281,1721.85,Uttar Pradesh,Electronics,1978,0
4868.33,6,13,1,1,0,0,693,651.22,Telangana,Grocery,1997,0
2121.85,9,16,1,1,0,1,429,873.42,Gujarat,Travel,1977,0
3557.38,4,17,1,0,0,1,265,921.52,Uttar Pradesh,Entertainment,1984,0
1153.77,1,19,1,1,0,1,251,471.06,Gujarat,Education,1984,0
504.75,24,0,3,0,0,0,51,2013.09,Tamil Nadu,Grocery,1987,1
34.96,5,19,1,1,0,1,57,879.8,West Bengal,Travel,1981,0
179.41,7,12,1,0,0,1,286,519.29,Maharashtra,Food,1972,0
3335.4,9,13,1,0,0,1,323,184.34,Gujarat,Travel,1987,0
243.75,9,10,1,0,0,1,277,1468.05,Tamil Nadu,Entertainment,1977,0
2941.75,8,9,1,0,0,1,624,189.92,Delhi,Food,1987,0
1489.51,2,13,1,0,0,0,655,902.8,Gujarat,Grocery,1994,0
1980.85,4,8,1,0,0,0,203,264.41,Kerala,Fuel,1983,0
1228.84,9,18,1,1,0,0,172,1319.98,Tamil Nadu,Travel,1988,0
154.84,7,16,1,0,0,1,206,97.31,Gujarat,Fuel,1995,0
2290.09,4,12,1,0,0,0,607,2480.86,Gujarat,Healthcare,1995,0
438.85,4,15,1,0,0,0,277,1205.28,Rajasthan,Utilities,1976,0
313.96,3,14,1,1,0,1,720,353.7,Telangana,Grocery,1973,0
131.7,1,11,1,0,0,0,203,955.75,Karnataka,Travel,1997,0
162.72,2,15,1,1,0,1,680,359.5,Gujarat,Utilities,1975,0
698.26,1,16,1,1,0,0,92,181.15,Telangana,Fuel,1991,0
1165.38,6,8,1,0,0,0,179,1100.12,Maharashtra,Grocery,1984,0
186.51,4,15,1,0,0,0,367,2920.27,Kerala,Healthcare,1988,0
3659.1,1,11,1,1,0,1,264,166.69,Gujarat,Entertainment,1998,0
391.7,1,18,1,1,0,0,419,563.86,Rajasthan,Utilities,1997,0
241.03,7,19,1,0,0,1,283,1699.25,Delhi,Fuel,1998,0
286.37,4,17,1,1,0,1,565,1674.03,West Bengal,Travel,1997,0
9628.84,29,5,2,0,0,2,42,3173.24,Delhi,Education,1996,1
5716.5,1,4,2,2,1,1,12,2102.1,Telangana,Food,1985,1
1280.96,1,21,1,1,0,0,248,3274.1,Karnataka,Travel,1993,0
803.27,8,10,1,0,0,0,212,1157.98,West Bengal,Food,1997,0
1555.73,7,21,1,0,0,1,142,103.43,West Bengal,Utilities,1972,0
260.03,3,16,1,1,0,1,211,2415.17,Karnataka,Electronics,1983,0
838.55,8,20,1,0,0,1,658,1153.03,Maharashtra,Food,1991,0
704.39,3,13,1,0,0,0,700,437.46,Rajasthan,Entertainment,1997,0
1988.89,4,18,1,1,0,0,380,613.61,Rajasthan,Travel,1977,0
1574.31,3,16,1,0,0,1,681,1156.95,Uttar Pradesh,Entertainment,1998,0
5746.14,22,5,3,2,0,2,55,5226.98,Delhi,Entertainment,1995,1
5746.51,7,21,1,1,0,0,540,1186.87,Maharashtra,Travel,1975,0
690.62,2,13,1,0,0,1,86,1538.13,Kerala,Fuel,1986,0
1432.45,2,11,1,0,0,1,307,1658.73,Uttar Pradesh,Utilities,1978,0
2321.05,3,15,1,0,0,0,212,395.29,West Bengal,Healthcare,1982,0
7533.42,26,2,4,0,0,0,51,1046.06,Rajasthan,Travel,1996,1
1174.37,1,19,1,0,0,0,79,548.2,Maharashtra,Travel,1998,0
321.94,5,10,1,0,0,1,506,478.42,Telangana,Food,1988,0
1401.03,5,21,1,0,0,0,596,658.46,Karnataka,Entertainment,1983,0
2460.8,22,22,2,0,1,0,30,538.92,Delhi,Utilities,1997,1
191.45,3,20,1,0,0,1,176,238.2,Delhi,Grocery,1972,0
3503.13,1,6,1,1,0,0,244,1280.88,Telangana,Grocery,1975,0
1128.52,5,8,1,0,0,1,42,3632.26,Uttar Pradesh,Fuel,1980,0
6720.8,14,22,3,2,0,2,31,1213.19,Tamil Nadu,Grocery,1989,1
38.3,6,19,1,1,0,1,287,1721.79,Delhi,Travel,1971,0
1091.93,4,15,1,1,0,1,275,3495.79,Uttar Pradesh,Food,1973,0
850.05,8,14,1,1,0,1,169,24.6,Telangana,Travel,1976,0
1078.36,3,18,1,0,0,1,658,684.18,Karnataka,Entertainment,1988,0
885.86,4,9,1,1,0,0,400,2019.01,West Bengal,Grocery,1992,0
484.62,4,9,1,0,0,1,347,331.45,Kerala,Fuel,1995,0
2605.2,2,17,1,0,0,1,126,193.93,Karnataka,Clothing,1978,0
1623.19,1,8,1,0,0,0,713,342.44,Kerala,Fuel,1999,0
1251.93,3,21,1,1,0,0,308,980.31,Uttar Pradesh,Food,1986,0
905.39,1,15,1,0,0,1,253,2113.56,Kerala,Fuel,1985,0
1324.89,5,15,1,1,0,1,690,827.96,Rajasthan,Food,1992,0
1228.2,2,15,1,0,0,1,344,2114.14,West Bengal,Education,1980,0
2078.25,3,10,1,1,0,0,73,475.31,Maharashtra,Fuel,1980,0
10.0,9,8,1,1,0,0,100,1242.87,Kerala,Grocery,1978,0
2719.43,5,2,3,0,1,2,54,2294.31,Telangana,Healthcare,1970,1
134.17,9,11,1,1,0,0,602,139.81,Rajasthan,Travel,1977,0
78.27,1,6,1,1,0,1,93,409.37,Gujarat,Travel,1991,0
799.89,8,13,1,1,0,1,596,1667.1,Tamil Nadu,Education,1995,0
397.82,2,11,1,1,0,0,696,916.81,West Bengal,Electronics,1972,0
1840.66,2,13,1,1,0,0,194,2362.26,Delhi,Healthcare,1981,0
315.03,9,9,1,0,0,1,539,587.27,Rajasthan,Electronics,1975,0
2468.85,1,21,1,1,0,1,311,1312.1,Tamil Nadu,Electronics,1974,0
589.3,4,11,1,0,0,0,663,79.96,Delhi,Clothing,1970,0
633.8,1,6,1,0,0,0,424,352.35,Delhi,Electronics,1978,0
2912.34,4,6,1,1,0,1,231,784.41,Kerala,Electronics,1996,0
308.47,9,12,1,1,0,1,682,90.0,Maharashtra,Electronics,1987,0
383.32,3,10,1,0,0,1,569,1118.1,Rajasthan,Clothing,1998,0
1722.26,2,13,1,1,0,1,34,261.43,Maharashtra,Fuel,1992,0
559.51,7,12,1,0,0,1,433,14.57,Rajasthan,Grocery,1970,0
2917.2,7,15,1,0,0,0,518,206.32,Telangana,Clothing,1980,0
1552.87,8,5,1,1,0,1,22,3904.53,Delhi,Fuel,1977,1
960.08,7,9,1,1,0,0,359,417.73,Gujarat,Healthcare,1995,0
710.32,8,20,1,0,0,1,657,531.88,Telangana,Grocery,1971,0
2154.5,9,14,1,0,0,0,621,400.01,Kerala,Grocery,1998,0
5331.13,21,2,1,0,0,0,2,3719.78,Rajasthan,Utilities,1995,1
1001.94,4,16,1,0,0,0,263,219.02,Karnataka,Education,1979,0
1971.43,7,16,1,0,0,0,221,242.17,Karnataka,Utilities,1972,0
204.04,3,21,1,1,0,1,489,231.08,Maharashtra,Grocery,1992,0
287.17,1,10,1,0,0,1,566,5566.92,Uttar Pradesh,Healthcare,1991,0
10.0,3,7,1,0,0,1,101,3556.48,Rajasthan,Utilities,1972,0
410.46,7,6,1,0,0,1,29,137.88,Tamil Nadu,Education,1990,0
326.37,5,19,1,0,0,1,574,2229.61,Rajasthan,Grocery,1983,0
603.22,4,18,1,1,0,1,705,2010.83,Maharashtra,Entertainment,1978,0
669.3,27,23,1,2,1,1,31,1864.69,Telangana,Clothing,1998,1
603.3,3,6,1,0,0,0,566,483.68,Delhi,Travel,1989,0
512.49,4,20,1,0,0,1,381,920.27,West Bengal,Healthcare,1984,0
1517.37,7,14,1,0,0,0,374,1648.68,West Bengal,Utilities,1982,0
1696.8,2,20,1,0,0,0,220,286.67,Tamil Nadu,Electronics,1985,0
2361.5,6,1,4,1,0,0,30,554.9,Karnataka,Healthcare,1997,1
1326.19,1,11,1,0,0,0,664,413.45,Telangana,Entertainment,1995,0
1068.99,7,9,1,1,0,1,513,624.75,Delhi,Electronics,1985,0
2971.48,7,20,1,0,0,0,573,787.27,West Bengal,Education,1986,0
640.67,3,9,1,1,0,1,458,1783.99,Uttar Pradesh,Clothing,1970,0
295.26,11,0,2,0,0,2,52,1151.13,Karnataka,Education,1980,1
7312.71,6,12,1,0,0,1,258,241.1,Rajasthan,Clothing,1993,0
364.11,4,18,1,0,0,0,719,2097.39,Telangana,Clothing,1992,0
717.67,4,14,1,1,0,1,721,1695.92,Uttar Pradesh,Education,1998,0
2959.73,9,17,1,0,0,0,265,203.26,Tamil Nadu,Grocery,1994,0
94.68,7,21,1,0,0,0,237,243.73,Uttar Pradesh,Electronics,1970,0
1627.5,4,12,1,1,0,0,393,1908.71,West Bengal,Grocery,1977,0
150.55,2,17,1,0,0,0,466,2906.17,Tamil Nadu,Food,1991,0
3989.07,4,12,1,1,0,0,393,1641.97,Delhi,Healthcare,1986,0
44.67,4,19,1,0,0,0,107,719.61,Uttar Pradesh,Travel,1986,0
231.64,9,10,1,1,0,1,290,1365.98,Kerala,Travel,1987,0
1173.11,6,6,1,0,0,1,497,1150.09,Uttar Pradesh,Utilities,1984,0
1332.58,9,8,1,0,0,0,167,1247.38,Tamil Nadu,Education,1999,0
343.54,7,10,1,0,0,0,245,658.74,Tamil Nadu,Education,1984,0
3883.91,7,10,1,0,0,0,352,106.16,Rajasthan,Food,1970,0
2907.54,9,13,1,0,0,0,363,186.08,Maharashtra,Education,1987,0
718.17,5,19,1,0,0,0,243,640.69,Kerala,Electronics,1976,0
1781.73,9,17,1,1,0,1,430,512.45,Maharashtra,Healthcare,1994,0
163.21,6,7,1,0,0,0,203,73.24,Uttar Pradesh,Healthcare,1981,0
963.44,9,11,1,1,0,1,52,1830.67,West Bengal,Education,1993,0
155.24,8,12,1,0,0,0,227,76.13,Maharashtra,Travel,1997,0
10654.71,28,3,1,0,0,1,1,353.79,Rajasthan,Travel,1975,1
195.19,8,14,1,0,0,0,101,747.91,Tamil Nadu,Food,1995,0
223.58,9,19,1,0,0,1,228,323.66,Karnataka,Grocery,1980,0
514.28,4,21,1,1,0,0,349,160.02,Karnataka,Grocery,1985,0
4072.14,7,9,1,0,0,1,174,3567.91,West Bengal,Food,1985,0
872.31,6,17,1,0,0,0,690,1215.52,Tamil Nadu,Grocery,1997,0
459.03,8,7,1,0,0,1,464,123.81,Telangana,Electronics,1983,0
1400.93,8,10,1,0,0,1,510,373.22,Telangana,Food,1986,0
2405.27,28,1,3,0,1,2,37,10076.09,Delhi,Healthcare,1982,1
560.62,9,19,1,1,0,0,369,1103.66,Karnataka,Education,1994,0
176.35,19,2,3,0,0,2,50,549.12,Telangana,Entertainment,1984,1
2881.7,4,8,1,1,0,0,254,2714.06,Maharashtra,Travel,1995,0
1390.04,4,20,1,0,0,1,726,1248.24,Maharashtra,Fuel,1986,0
516.45,9,10,1,0,0,0,478,155.67,Gujarat,Fuel,1978,0
167.29,7,8,1,1,0,1,453,158.29,West Bengal,Travel,1982,0
388.46,5,6,1,0,0,0,721,226.1,Gujarat,Healthcare,1977,0
1735.05,3,15,1,1,0,0,253,338.23,Kerala,Electronics,1976,0
2484.51,3,16,1,1,0,0,177,974.14,Rajasthan,Food,1977,0
4913.91,2,9,1,1,0,1,676,44.26,Delhi,Utilities,1993,0
1027.84,9,18,1,0,0,0,673,144.35,Telangana,Fuel,1998,0
2129.35,4,17,1,1,0,0,710,1718.5,Gujarat,Electronics,1971,0
2010.6,5,18,1,1,0,1,313,1864.72,Gujarat,Grocery,1997,0
11085.02,12,22,3,1,0,2,59,2730.88,Gujarat,Grocery,1975,1
2743.33,9,3,3,0,0,1,17,8407.91,Uttar Pradesh,Electronics,1972,1
983.99,4,14,1,0,0,1,334,679.51,Karnataka,Food,1994,0
457.89,16,3,3,2,1,1,8,230.48,West Bengal,Grocery,1981,1
635.03,6,10,1,1,0,1,361,606.2,Maharashtra,Fuel,1985,0
811.7,6,11,1,1,0,1,649,68.04,Delhi,Clothing,1993,0
1208.21,7,9,1,0,0,0,122,785.37,Kerala,Food,1975,0
30.93,9,18,1,1,0,1,418,1633.21,Uttar Pradesh,Food,1986,0
3701.37,4,20,1,1,0,1,382,2504.87,Maharashtra,Entertainment,1976,0
2372.06,8,13,1,1,0,0,204,3892.82,Telangana,Travel,1978,0
156.04,5,11,1,1,0,0,375,4174.88,Tamil Nadu,Food,1989,0
2877.02,8,13,1,1,0,0,329,694.84,Maharashtra,Education,1990,0
290.03,8,15,1,0,0,0,611,2511.5,Maharashtra,Fuel,1974,0
509.16,1,17,1,1,0,0,381,1357.01,Delhi,Healthcare,1984,0
3714.24,7,8,1,1,0,0,168,551.1,West Bengal,Healthcare,1986,0
1146.58,2,12,1,0,0,1,686,994.86,Tamil Nadu,Education,1971,0
456.57,4,13,1,1,0,0,662,1600.95,Uttar Pradesh,Utilities,1980,0
315.04,7,21,1,1,0,1,638,891.48,Kerala,Education,1997,0
945.81,8,17,1,1,0,0,635,1957.22,Gujarat,Fuel,1973,0
195.96,5,21,1,0,0,0,218,505.96,Rajasthan,Healthcare,1976,0
415.93,2,19,1,1,0,0,27,711.26,Kerala,Electronics,1990,0
609.32,1,6,1,1,0,0,358,257.01,Tamil Nadu,Healthcare,1986,0
358.46,1,12,1,0,0,0,386,1344.26,Delhi,Grocery,1976,0
2145.54,2,16,1,1,0,1,181,437.19,Kerala,Travel,1998,0
994.66,1,6,1,1,0,0,341,395.64,Uttar Pradesh,Healthcare,1980,0
75.84,5,16,1,0,0,0,446,92.33,Uttar Pradesh,Fuel,1995,0
1591.65,4,11,1,0,0,1,69,1158.57,Karnataka,Travel,1978,0
2742.49,5,10,1,1,0,1,298,290.43,Tamil Nadu,Clothing,1983,0
994.37,4,12,1,1,0,1,547,1238.93,Telangana,Electronics,1999,0
676.34,7,12,1,1,0,1,90,915.19,Delhi,Healthcare,1996,0
789.55,8,18,1,0,0,1,476,348.36,Telangana,Grocery,1976,0
1295.38,1,12,1,1,0,0,107,1481.67,Telangana,Food,1975,0
3017.91,9,21,1,1,0,0,223,1418.36,Maharashtra,Grocery,1984,0
881.22,8,15,1,1,0,0,667,2343.85,Maharashtra,Education,1999,0
1678.62,4,7,1,1,0,1,674,1189.36,West Bengal,Electronics,1988,0
1296.43,27,3,4,0,0,1,18,4460.15,Maharashtra,Travel,1997,1
1439.84,19,23,4,2,0,1,3,1325.57,Uttar Pradesh,Travel,1974,1
174.77,8,15,1,0,0,0,99,33.16,Rajasthan,Food,1985,0
6856.84,9,9,1,1,0,0,556,818.86,Rajasthan,Travel,1989,0
24.52,1,12,1,0,0,0,518,259.65,Delhi,Travel,1990,0
1804.42,7,10,1,1,0,1,575,1570.86,Telangana,Grocery,1993,0
31.53,8,18,1,1,0,1,131,2185.49,Kerala,Travel,1988,0
350.72,1,12,1,0,0,1,344,771.45,Gujarat,Fuel,1995,0
3711.5,5,18,1,1,0,1,514,2048.6,Telangana,Grocery,1997,0
9795.89,14,23,3,0,1,0,30,624.24,Delhi,Food,1996,1
239.16,3,7,1,1,0,0,601,892.49,Telangana,Clothing,1973,0
113.78,7,15,1,0,0,1,277,1634.0,Uttar Pradesh,Travel,1994,0
1312.74,9,21,1,1,0,0,458,1619.52,Rajasthan,Entertainment,1984,0
384.42,2,9,1,0,0,0,255,155.48,Gujarat,Education,1976,0
774.67,9,12,1,1,0,0,445,1420.26,Maharashtra,Electronics,1994,0
522.46,8,6,1,0,0,1,226,3644.28,Karnataka,Electronics,1981,0
50.37,4,19,1,0,0,1,355,699.56,Telangana,Travel,1996,0
2127.94,9,8,1,1,0,1,379,710.36,Telangana,Healthcare,1996,0
383.35,8,15,1,0,0,0,329,772.71,Tamil Nadu,Food,1997,0
6042.5,7,16,1,1,0,0,579,1710.66,Telangana,Utilities,1985,0
1117.24,8,7,1,0,0,1,554,1962.46,Uttar Pradesh,Fuel,1999,0
1562.09,2,15,1,0,0,0,656,1123.81,Gujarat,Utilities,1986,0
61.74,2,17,1,0,0,1,690,2605.61,West Bengal,Food,1979,0
1106.8,1,20,1,0,0,1,246,582.51,Gujarat,Healthcare,1976,0
985.61,4,15,1,1,0,0,243,610.84,West Bengal,Clothing,1983,0
504.07,1,19,1,0,0,1,17,401.77,Rajasthan,Travel,1991,0
905.48,3,12,1,1,0,0,44,975.47,Uttar Pradesh,Travel,1988,0
632.58,1,7,1,0,0,0,279,2430.46,Maharashtra,Entertainment,1986,0
1206.42,3,19,1,1,0,0,664,1677.1,Maharashtra,Grocery,1994,0
19.72,2,17,1,1,0,0,72,222.15,Uttar Pradesh,Grocery,1997,0
1482.43,7,15,1,0,0,0,254,545.45,Tamil Nadu,Food,1970,0
735.6,9,6,1,1,0,0,473,630.23,West Bengal,Grocery,1971,0
626.99,4,8,1,0,0,0,508,321.71,Kerala,Fuel,1982,0
1775.01,6,19,1,1,0,1,446,68.51,Delhi,Grocery,1988,0
300.14,7,21,1,0,0,0,127,1107.78,Telangana,Healthcare,1979,0
1087.12,3,10,1,0,0,0,371,38.02,Karnataka,Electronics,1979,0
738.67,7,8,1,1,0,1,565,2790.49,Maharashtra,Electronics,1990,0
1416.89,8,19,1,1,0,1,225,399.45,Tamil Nadu,Entertainment,1975,0
212.51,7,14,1,0,0,1,386,11.55,West Bengal,Clothing,1975,0
627.17,2,17,1,0,0,1,22,2097.53,Karnataka,Clothing,1983,0
1038.43,8,7,1,1,0,0,336,1660.21,Telangana,Utilities,1991,0
3422.8,15,2,1,0,1,0,15,205.36,Gujarat,Grocery,1993,1
211.28,9,8,1,0,0,0,63,74.46,Uttar Pradesh,Utilities,1982,0
1930.74,9,6,1,1,0,1,58,438.34,Tamil Nadu,Entertainment,1993,0
1750.36,2,11,1,1,0,1,46,141.73,Kerala,Travel,1976,0
1636.01,9,6,1,1,0,0,340,636.79,Gujarat,Fuel,1982,0
1255.47,6,15,1,1,0,1,476,2712.3,West Bengal,Clothing,1980,0
18.44,6,9,1,0,0,0,16,854.88,Tamil Nadu,Electronics,1996,0
2090.71,9,19,1,1,0,1,533,2074.12,Telangana,Food,1999,0
717.91,3,13,1,1,0,1,641,1076.5,Karnataka,Travel,1996,0
763.14,8,7,1,0,0,1,216,504.83,Delhi,Food,1989,0
5083.68,2,6,1,0,0,0,138,88.89,Maharashtra,Utilities,1996,0
295.05,7,15,1,1,0,1,76,1423.47,Telangana,Electronics,1976,0
734.38,3,13,1,1,0,0,554,932.45,Uttar Pradesh,Healthcare,1988,0
597.0,2,18,1,1,0,0,526,986.93,Uttar Pradesh,Food,1983,0
481.22,8,19,1,0,0,1,108,126.65,Karnataka,Fuel,1994,0
757.77,2,15,1,0,0,0,700,497.31,Delhi,Electronics,1978,0
2506.6,5,9,1,1,0,1,219,2145.61,Kerala,Travel,1986,0
328.01,2,9,1,1,0,0,619,1352.82,Telangana,Fuel,1973,0
714.2,8,10,1,0,0,1,324,363.24,Maharashtra,Fuel,1993,0
727.5,7,15,1,0,0,1,179,2358.83,West Bengal,Clothing,1985,0
944.95,4,19,1,1,0,0,185,142.68,Gujarat,Entertainment,1986,0
406.42,8,9,1,0,0,0,703,1184.6,Telangana,Entertainment,1996,0
13799.75,24,22,2,0,0,1,23,133.74,Tamil Nadu,Utilities,1993,1
1897.61,1,9,1,0,0,1,522,206.25,Kerala,Electronics,1991,0
4044.66,16,3,3,0,1,1,24,318.61,Maharashtra,Travel,1992,1
84.1,1,20,1,1,0,0,55,161.01,Karnataka,Entertainment,1997,0
218.57,6,8,1,1,0,1,632,445.41,West Bengal,Clothing,1977,0
97.69,8,6,1,0,0,0,486,4588.18,Delhi,Clothing,1984,0
18.25,9,15,1,0,0,1,490,75.35,Uttar Pradesh,Healthcare,1977,0
561.64,2,20,1,0,0,0,289,1352.85,Telangana,Fuel,1995,0
169.5,2,21,1,0,0,1,4,999.55,Telangana,Electronics,1986,0
1996.92,7,21,1,1,0,1,100,594.25,West Bengal,Utilities,1976,0
293.03,4,15,1,1,0,0,230,13.3,Rajasthan,Travel,1988,0
2065.33,5,20,1,0,0,0,585,357.52,Delhi,Travel,1970,0
1601.22,8,10,1,0,0,1,389,147.31,Uttar Pradesh,Fuel,1992,0
475.59,4,8,1,0,0,1,376,678.46,Uttar Pradesh,Utilities,1992,0
1134.55,9,9,1,1,0,1,575,1291.03,Telangana,Education,1999,0
2019.22,26,5,4,0,0,2,38,7324.14,Kerala,Food,1988,1
2394.87,8,16,1,1,0,1,411,3507.3,Tamil Nadu,Electronics,1974,0
396.02,6,6,1,1,0,0,653,275.14,Uttar Pradesh,Fuel,1974,0
1579.1,7,8,1,0,0,0,702,773.21,Rajasthan,Healthcare,1982,0
808.69,4,10,1,1,0,1,160,853.83,Maharashtra,Entertainment,1974,0
879.44,24,3,2,1,1,0,50,3669.73,Delhi,Education,1984,1
786.73,9,17,1,0,0,0,459,919.98,Karnataka,Healthcare,1987,0
753.78,1,19,1,1,0,1,190,302.55,Rajasthan,Grocery,1970,0
3538.71,8,19,1,1,0,0,476,1037.22,Kerala,Food,1977,0
2178.93,3,16,1,1,0,0,365,458.11,Maharashtra,Grocery,1992,0
718.63,7,16,1,0,0,0,389,4697.47,Telangana,Grocery,1983,0
214.3,6,15,1,1,0,0,402,1134.65,Rajasthan,Electronics,1971,0
566.83,3,17,1,1,0,0,325,14.48,Kerala,Travel,1980,0
2467.45,9,17,1,1,0,1,503,643.85,Tamil Nadu,Education,1999,0
840.62,6,12,1,0,0,1,474,1088.74,Uttar Pradesh,Healthcare,1983,0
298.11,6,7,1,1,0,1,251,270.84,West Bengal,Travel,1977,0
2436.7,3,10,1,1,0,0,510,1985.53,Telangana,Food,1984,0
231.47,7,11,1,1,0,0,548,1550.28,Maharashtra,Utilities,1988,0
681.39,4,12,1,1,0,1,304,808.1,Uttar Pradesh,Education,1995,0
1039.8,5,20,1,0,0,0,618,284.17,Karnataka,Entertainment,1997,0
1193.47,9,16,1,0,0,0,299,1032.55,West Bengal,Utilities,1984,0
1620.8,6,10,1,1,0,1,131,526.69,Delhi,Entertainment,1999,0
226.63,1,13,1,0,0,1,598,2437.79,Telangana,Grocery,1981,0
3217.76,5,9,1,1,0,1,175,774.82,West Bengal,Food,1990,0
1063.45,7,14,1,0,0,0,583,1086.44,Rajasthan,Food,1990,0
673.45,3,15,1,1,0,0,554,38.06,Karnataka,Clothing,1970,0
971.71,3,15,1,0,0,1,626,115.85,Uttar Pradesh,Electronics,1992,0
60.7,1,20,1,0,0,1,443,689.71,Uttar Pradesh,Food,1990,0
712.54,8,7,1,0,0,1,303,2706.42,Gujarat,Healthcare,1985,0
247.57,7,19,1,1,0,1,326,325.75,West Bengal,Education,1989,0
1119.76,8,16,1,0,0,0,429,2065.11,Maharashtra,Entertainment,1994,0
238.31,11,3,1,2,0,2,34,700.08,Maharashtra,Grocery,1976,1
119.16,6,6,1,0,0,1,333,256.08,Karnataka,Grocery,1974,0
266.73,8,17,1,0,0,0,366,1488.77,Tamil Nadu,Food,1978,0
1260.29,8,20,1,1,0,0,473,2337.57,Maharashtra,Healthcare,1987,0
4209.94,7,17,1,1,0,0,316,1473.66,Maharashtra,Food,1983,0
178.72,9,10,1,1,0,0,37,422.63,Kerala,Utilities,1996,0
765.72,8,14,1,0,0,0,495,882.49,Delhi,Food,1983,0
2929.36,8,7,1,1,0,0,614,4327.7,Maharashtra,Clothing,1991,0
1336.38,3,8,1,0,0,1,584,544.1,Karnataka,Entertainment,1991,0
1328.96,8,17,1,0,0,0,145,1183.31,Kerala,Clothing,1979,0
453.66,8,10,1,1,0,1,69,976.23,Kerala,Electronics,1997,0
2702.72,6,14,1,1,0,1,319,657.33,Maharashtra,Clothing,1983,0
444.12,3,12,1,0,0,1,450,1216.76,Uttar Pradesh,Education,1973,0
151.92,1,8,1,1,0,1,90,586.63,Delhi,Grocery,1987,0
30.11,6,18,1,0,0,1,540,625.82,Karnataka,Utilities,1972,0
1930.68,9,18,1,1,0,0,647,10.0,Uttar Pradesh,Clothing,1995,0
119.03,2,9,1,0,0,1,556,5642.54,Maharashtra,Healthcare,1999,0
114.68,3,16,1,0,0,0,321,431.19,Gujarat,Grocery,1994,0
2583.73,5,14,1,0,0,0,247,615.64,Uttar Pradesh,Travel,1980,0
298.7,8,10,1,0,0,1,140,612.72,Telangana,Entertainment,1975,0
2099.21,4,19,1,0,0,0,643,378.7,Rajasthan,Food,1993,0
56.98,3,13,1,0,0,0,26,207.58,Uttar Pradesh,Fuel,1996,0
2933.31,7,11,1,0,0,0,139,544.15,Tamil Nadu,Food,1988,0
1617.74,6,12,1,1,0,0,186,87.81,Karnataka,Entertainment,1997,0
2442.92,2,12,1,0,0,1,315,601.92,Gujarat,Entertainment,1986,0
480.58,1,19,1,1,0,1,600,401.54,Tamil Nadu,Entertainment,1975,0
185.92,6,3,1,2,0,2,10,720.03,Karnataka,Clothing,1974,1
2441.03,7,11,1,1,0,0,512,1011.85,Uttar Pradesh,Utilities,1973,0
1231.3,1,7,1,0,0,1,150,526.44,Maharashtra,Education,1997,0
612.83,1,20,1,1,0,0,652,2725.04,Telangana,Healthcare,1970,0
1448.17,8,11,1,1,0,1,327,485.3,Telangana,Grocery,1975,0
527.87,9,7,1,0,0,1,291,1995.82,Tamil Nadu,Travel,1979,0
1494.59,6,21,1,1,0,0,10,1141.58,Uttar Pradesh,Entertainment,1998,0
186.0,2,16,1,0,0,0,295,2222.58,Kerala,Entertainment,1994,0
1073.87,2,10,1,1,0,1,29,630.33,Tamil Nadu,Grocery,1970,0
270.29,7,13,1,1,0,0,110,922.63,Maharashtra,Travel,1971,0
282.32,4,20,1,0,0,1,257,2894.34,Telangana,Education,1990,0
7688.55,11,1,2,2,1,2,30,6799.63,Maharashtra,Food,1975,1
2429.33,6,9,1,0,0,1,442,415.23,Karnataka,Electronics,1980,0
416.73,3,7,1,0,0,0,593,1654.58,Rajasthan,Grocery,1971,0
1899.56,3,14,1,1,0,1,288,1719.65,Gujarat,Healthcare,1995,0
1999.41,2,8,1,1,0,1,58,881.95,Karnataka,Travel,1979,0
219.1,7,10,1,1,0,1,559,184.77,Kerala,Fuel,1970,0
121.16,8,18,1,0,0,0,185,389.39,Karnataka,Electronics,1971,0
2986.59,9,16,1,0,0,1,132,1528.03,Tamil Nadu,Clothing,1995,0
553.34,5,8,1,0,0,0,434,3366.81,Kerala,Clothing,1991,0
3655.49,1,6,1,1,0,1,28,26.2,Gujarat,Entertainment,1988,0
1385.37,6,6,1,1,0,0,316,607.26,Uttar Pradesh,Utilities,1990,0
402.53,9,14,1,1,0,0,62,960.05,Telangana,Food,1991,0
1154.21,9,21,1,0,0,1,213,3485.84,Delhi,Travel,1987,0
315.48,1,21,1,1,0,1,275,232.79,Telangana,Education,1975,0
299.41,6,21,1,0,0,0,723,218.3,Delhi,Food,1991,0
215.94,4,11,1,1,0,1,154,1659.55,Karnataka,Healthcare,1987,0
371.77,7,6,1,0,0,0,532,1864.64,Rajasthan,Food,1997,0
1023.62,8,12,1,1,0,0,129,899.03,Kerala,Travel,1984,0
167.04,6,19,1,0,0,1,400,935.26,Karnataka,Electronics,1990,0
851.61,9,20,1,0,0,0,393,774.38,Delhi,Grocery,1981,0
22.09,2,20,1,1,0,1,420,4948.24,Rajasthan,Travel,1980,0
489.9,7,14,1,0,0,0,238,545.22,Rajasthan,Education,1975,0
140.98,1,10,1,1,0,1,644,168.79,Maharashtra,Travel,1997,0
374.7,9,7,1,0,0,1,654,2206.92,Kerala,Travel,1972,0
1157.87,2,10,1,0,0,0,705,761.83,West Bengal,Fuel,1973,0
186.05,1,17,1,1,0,0,93,104.73,Delhi,Grocery,1979,0
624.79,1,11,1,0,0,0,190,230.67,West Bengal,Fuel,1992,0
6053.85,1,15,1,1,0,0,468,1870.41,Uttar Pradesh,Food,1984,0
123.88,2,20,1,1,0,1,53,506.74,Rajasthan,Food,1970,0
1139.79,7,12,1,1,0,1,254,2521.21,Delhi,Clothing,1996,0
560.23,20,2,2,0,1,0,31,3315.57,Karnataka,Healthcare,1998,1
27.2,9,17,1,0,0,0,691,135.69,Uttar Pradesh,Education,1986,0
1594.78,6,21,1,0,0,0,2,412.92,Rajasthan,Utilities,1975,0
6593.42,7,5,3,2,1,0,58,213.69,Rajasthan,Entertainment,1971,1
881.54,8,13,1,1,0,1,567,1211.22,Telangana,Food,1984,0
56.55,9,20,1,1,0,0,366,723.02,Delhi,Grocery,1989,0
292.89,2,13,1,1,0,0,49,350.74,Gujarat,Food,1984,0
4121.39,8,4,3,2,0,1,40,225.49,West Bengal,Grocery,1998,1
1204.94,5,6,1,0,0,0,450,898.15,Tamil Nadu,Electronics,1989,0
367.09,8,8,1,0,0,0,321,1743.93,West Bengal,Healthcare,1984,0
2104.56,5,19,1,1,0,0,728,833.94,West Bengal,Education,1998,0
1147.77,5,8,1,1,0,1,644,106.89,Gujarat,Travel,1985,0
827.94,4,17,1,0,0,0,607,2419.68,Telangana,Food,1992,0
105.72,28,0,3,2,1,0,6,2933.69,Kerala,Food,1994,1
2341.4,6,18,1,1,0,1,150,1524.0,Tamil Nadu,Clothing,1987,0
566.95,28,22,2,1,0,1,30,6500.65,Telangana,Utilities,1989,1
3989.86,4,20,1,1,0,1,473,184.65,Tamil Nadu,Utilities,1975,0
235.16,3,16,1,1,0,0,350,82.05,Karnataka,Clothing,1972,0
505.21,2,16,1,1,0,1,20,1275.89,Kerala,Food,1986,0
1027.86,1,17,1,1,0,1,211,35.41,Rajasthan,Grocery,1979,0
1251.25,9,8,1,0,0,1,465,1173.9,Gujarat,Education,1976,0
1545.97,1,20,1,0,0,0,20,594.06,Tamil Nadu,Utilities,1977,0
1074.6,9,15,1,1,0,0,57,1316.4,Rajasthan,Entertainment,1982,0
2227.47,7,7,1,1,0,1,276,284.06,Maharashtra,Entertainment,1975,0
3396.16,1,13,1,0,0,1,552,180.23,West Bengal,Utilities,1977,0
1046.34,5,17,1,1,0,1,448,4362.63,Rajasthan,Electronics,1981,0
664.27,6,12,1,1,0,0,556,825.63,Maharashtra,Entertainment,1972,0
437.19,9,20,1,0,0,1,59,85.06,Kerala,Utilities,1999,0
1689.25,4,8,1,1,0,0,370,526.02,Karnataka,Healthcare,1979,0
122.84,9,6,1,1,0,1,580,88.97,Kerala,Food,1974,0
5871.43,7,0,3,1,1,2,15,14489.75,Telangana,Entertainment,1991,1
380.67,2,13,1,0,0,1,285,696.41,West Bengal,Entertainment,1987,0
410.14,4,12,1,0,0,0,372,260.87,Gujarat,Education,1973,0
4379.96,3,10,1,1,0,0,358,344.91,Karnataka,Healthcare,1984,0
3870.37,8,17,1,1,0,1,688,3140.88,Tamil Nadu,Electronics,1996,0
243.35,3,16,1,0,0,1,203,1083.82,Maharashtra,Grocery,1984,0
961.64,7,11,1,0,0,0,255,2472.56,Karnataka,Fuel,1981,0
67.55,2,19,1,0,0,1,482,604.21,Tamil Nadu,Fuel,1987,0
224.77,6,6,1,1,0,0,484,389.13,Maharashtra,Entertainment,1984,0
10.0,1,6,1,1,0,1,151,4941.73,Kerala,Clothing,1974,0
2268.14,9,8,1,0,0,0,204,1054.78,Gujarat,Electronics,1991,0
1458.26,9,11,1,0,0,0,465,1444.13,Delhi,Grocery,1986,0
2512.68,9,19,1,0,0,0,433,555.68,Maharashtra,Entertainment,1971,0
430.7,1,13,1,1,0,0,580,93.58,Delhi,Grocery,1980,0
1026.29,6,19,1,1,0,0,653,2069.91,West Bengal,Healthcare,1990,0
878.12,2,17,1,1,0,1,47,1349.22,West Bengal,Fuel,1976,0
169.73,5,15,1,0,0,1,367,2494.64,Maharashtra,Fuel,1982,0
1328.3,4,8,1,1,0,1,511,791.49,Karnataka,Education,1994,0
56.49,7,9,1,0,0,0,67,2319.22,Delhi,Entertainment,1984,0
1697.53,9,12,1,1,0,0,379,365.69,Kerala,Healthcare,1980,0
464.66,3,11,1,1,0,1,101,1115.93,Tamil Nadu,Education,1986,0
2172.2,9,6,1,0,0,0,194,772.95,Uttar Pradesh,Entertainment,1986,0
6094.37,2,21,1,1,0,0,93,1172.57,Karnataka,Fuel,1971,0
768.9,5,18,1,1,0,0,633,760.51,West Bengal,Education,1997,0
3064.97,29,4,2,1,1,2,51,6993.46,West Bengal,Utilities,1971,1
7849.44,28,1,4,2,0,0,41,1164.71,Uttar Pradesh,Healthcare,1972,1
365.68,6,21,1,1,0,0,189,335.88,Uttar Pradesh,Travel,1984,0
2083.23,7,8,1,0,0,0,401,358.63,Karnataka,Fuel,1979,0
6370.49,12,2,3,1,0,2,48,4874.46,West Bengal,Healthcare,1989,1
132.32,3,12,1,0,0,0,664,415.1,Tamil Nadu,Food,1978,0
2695.22,4,8,1,0,0,1,538,2061.17,Kerala,Fuel,1995,0
1402.47,1,21,1,0,0,0,372,107.64,Uttar Pradesh,Grocery,1974,0
100.43,5,9,1,0,0,1,233,285.77,Gujarat,Utilities,1981,0
1732.01,8,11,1,0,0,0,685,366.51,Kerala,Travel,1990,0
1066.65,9,6,1,0,0,1,616,245.9,Karnataka,Utilities,1995,0
1847.1,4,7,1,0,0,1,22,286.94,Delhi,Travel,1996,0
1169.46,9,18,1,1,0,0,492,983.97,Kerala,Grocery,1983,0
634.67,3,17,1,1,0,0,556,1063.83,Delhi,Grocery,1980,0
301.98,18,4,2,0,1,0,23,3910.01,Maharashtra,Grocery,1995,1
419.12,1,15,1,1,0,1,89,20.66,Rajasthan,Healthcare,1987,0
198.32,6,9,1,0,0,1,157,1199.99,Telangana,Healthcare,1970,0
1946.11,9,11,1,1,0,1,303,3163.87,Rajasthan,Education,1977,0
2756.85,6,8,1,1,0,0,203,302.6,Maharashtra,Healthcare,1992,0
872.18,9,6,1,0,0,1,210,2298.22,Gujarat,Entertainment,1993,0
6554.21,2,17,1,0,0,0,584,367.02,Delhi,Fuel,1980,0
1892.95,8,13,1,0,0,1,306,959.9,Delhi,Fuel,1977,0
570.69,9,9,1,0,0,1,657,1822.74,Delhi,Travel,1985,0
1096.09,3,6,1,1,0,0,203,2243.27,Uttar Pradesh,Electronics,1976,0
239.45,2,11,1,0,0,1,529,3253.72,Rajasthan,Electronics,1978,0
1046.9,3,12,1,0,0,0,311,675.29,Telangana,Education,1992,0
5239.8,23,3,4,0,1,0,21,4818.23,Tamil Nadu,Fuel,1977,1
25.0,7,20,1,1,0,0,474,1479.25,Kerala,Clothing,1986,0
462.4,4,13,1,1,0,0,23,501.88,Tamil Nadu,Education,1986,0
657.72,8,18,1,0,0,0,729,38.9,Kerala,Utilities,1987,0
1982.73,1,9,1,1,0,0,314,789.4,West Bengal,Fuel,1977,0
524.65,2,7,1,1,0,0,133,650.32,Maharashtra,Healthcare,1980,0
111.02,2,14,1,0,0,1,640,867.59,Maharashtra,Utilities,1973,0
1099.38,3,17,1,1,0,1,440,502.33,Maharashtra,Clothing,1979,0
2737.12,5,10,1,0,0,1,169,1800.26,Gujarat,Electronics,1998,0
2678.1,9,7,1,0,0,1,726,595.55,Telangana,Clothing,1973,0
219.71,9,14,1,0,0,1,320,417.05,Maharashtra,Clothing,1985,0
209.5,4,9,1,1,0,0,508,1480.2,Tamil Nadu,Grocery,1975,0
3439.61,5,9,1,1,0,0,410,1021.04,West Bengal,Grocery,1973,0
90.4,8,16,1,0,0,1,25,561.28,Kerala,Food,1994,0
132.99,5,9,1,1,0,1,41,144.52,Maharashtra,Education,1995,0
2304.9,2,19,1,0,0,0,458,722.47,West Bengal,Electronics,1983,0
691.57,4,11,1,1,0,1,157,218.5,Karnataka,Clothing,1978,0
2157.08,3,21,1,0,0,1,239,156.59,Gujarat,Electronics,1996,0
525.78,4,9,1,0,0,1,522,933.03,Tamil Nadu,Fuel,1977,0
925.97,1,6,1,1,0,0,523,373.92,West Bengal,Healthcare,1995,0
1498.45,7,6,1,1,0,1,102,287.45,Delhi,Education,1990,0
408.74,3,17,1,1,0,1,55,2009.67,Delhi,Electronics,1990,0
1522.48,9,20,1,0,0,1,164,816.88,Gujarat,Grocery,1972,0
388.56,8,10,1,1,0,0,263,2467.02,Kerala,Utilities,1985,0
2005.43,11,22,4,1,1,1,16,564.88,Gujarat,Travel,1982,1
3584.27,8,9,1,1,0,0,710,138.63,Telangana,Travel,1977,0
469.77,3,19,1,0,0,0,244,2584.19,Tamil Nadu,Travel,1991,0
6869.58,4,8,1,1,0,1,237,155.25,West Bengal,Grocery,1996,0
10140.01,3,3,1,2,1,2,1,159.42,Gujarat,Utilities,1992,1
662.3,3,18,1,0,0,1,247,762.94,Telangana,Electronics,1974,0
619.43,4,8,1,1,0,0,665,656.68,Telangana,Travel,1981,0
160.04,1,12,1,0,0,1,324,2805.96,Uttar Pradesh,Clothing,1973,0
1207.46,7,19,1,1,0,0,134,810.26,Telangana,Electronics,1986,0
1953.69,1,19,1,0,0,0,720,141.9,Delhi,Fuel,1995,0
90.42,1,9,1,0,0,0,615,289.42,Karnataka,Education,1973,0
1126.11,8,18,1,0,0,1,630,1335.81,West Bengal,Grocery,1999,0
264.34,3,10,1,1,0,0,211,764.61,Delhi,Food,1998,0
1364.66,9,21,1,0,0,1,61,207.64,Kerala,Electronics,1984,0
1115.4,8,6,1,1,0,0,314,392.64,Gujarat,Clothing,1979,0
32.55,5,9,1,0,0,0,652,175.98,Telangana,Fuel,1993,0
2693.08,1,16,1,1,0,1,6,801.24,Tamil Nadu,Education,1995,0
608.55,8,12,1,0,0,0,459,2836.32,Maharashtra,Electronics,1977,0
403.66,1,10,1,1,0,0,616,218.96,Maharashtra,Clothing,1987,0
680.87,8,16,1,0,0,0,481,985.54,Delhi,Healthcare,1996,0
1399.43,7,11,1,1,0,0,611,127.71,Delhi,Entertainment,1992,0
733.07,1,8,1,1,0,1,210,2102.49,Delhi,Fuel,1999,0
4003.43,9,17,1,0,0,0,713,398.33,Tamil Nadu,Food,1992,0
50.64,9,21,1,1,0,0,322,1102.95,Maharashtra,Clothing,1977,0
2649.86,2,15,1,0,0,1,173,766.58,Karnataka,Electronics,1988,0
5606.39,11,1,1,1,0,0,14,8996.42,Kerala,Grocery,1978,1
572.13,3,11,1,0,0,0,183,1098.96,Gujarat,Electronics,1971,0
618.19,5,18,1,0,0,0,659,2512.16,Uttar Pradesh,Utilities,1999,0
296.57,21,1,3,0,1,0,6,3045.39,Tamil Nadu,Grocery,1977,1
664.03,2,10,1,1,0,1,198,210.03,Tamil Nadu,Fuel,1978,0
558.23,1,11,1,1,0,1,595,1762.1,Delhi,Education,1982,0
16.78,1,10,1,1,0,1,587,461.48,Telangana,Entertainment,1986,0
312.81,7,15,1,1,0,1,290,186.24,Tamil Nadu,Grocery,1973,0
3018.87,4,9,1,1,0,0,395,1084.6,Rajasthan,Electronics,1993,0
1004.11,2,11,1,0,0,1,375,146.26,West Bengal,Utilities,1970,0
3337.74,3,11,1,0,0,0,26,1507.28,Telangana,Utilities,1995,0
46.05,5,10,1,1,0,0,164,170.41,Kerala,Travel,1981,0
422.4,5,9,1,1,0,1,300,79.27,West Bengal,Food,1990,0
35.81,9,14,1,1,0,0,464,151.6,Gujarat,Fuel,1980,0
513.15,3,9,1,1,0,1,89,229.42,Karnataka,Grocery,1994,0
1244.6,5,7,1,0,0,0,382,2391.41,West Bengal,Education,1975,0
3398.54,2,18,1,1,0,0,192,1788.49,Tamil Nadu,Travel,1987,0
130.93,9,13,1,1,0,1,369,1556.57,West Bengal,Entertainment,1992,0
3746.98,4,6,1,1,0,1,583,10.0,Gujarat,Electronics,1980,0
916.98,8,20,1,1,0,0,130,537.52,Karnataka,Travel,1977,0
123.93,4,12,1,0,0,0,229,523.15,Maharashtra,Clothing,1978,0
467.14,7,15,1,0,0,0,547,2131.74,West Bengal,Travel,1978,0
823.26,4,6,1,1,0,1,23,310.95,West Bengal,Healthcare,1973,0
1092.58,2,16,1,0,0,0,274,1014.4,Delhi,Electronics,1971,0
811.94,2,9,1,1,0,0,202,221.43,Kerala,Entertainment,1992,0
1984.96,9,6,1,1,0,0,547,866.33,West Bengal,Education,1991,0
1093.35,1,14,1,1,0,0,159,1989.25,Rajasthan,Clothing,1977,0
500.81,1,20,1,0,0,0,625,1075.65,Tamil Nadu,Entertainment,1975,0
272.95,1,11,1,1,0,1,550,498.42,Karnataka,Education,1990,0
38.33,7,19,1,0,0,0,181,2880.4,Telangana,Education,1990,0
193.18,5,21,1,1,0,0,609,858.48,Tamil Nadu,Food,1970,0
1354.93,8,12,1,1,0,1,248,510.33,Gujarat,Education,1991,0
137.32,2,9,1,1,0,0,656,3196.17,Telangana,Education,1996,0
25.26,6,12,1,0,0,0,611,378.05,Telangana,Electronics,1994,0
3094.26,4,21,1,0,0,0,263,627.8,Gujarat,Food,1977,0
2244.08,6,15,1,0,0,1,671,519.38,Gujarat,Food,1970,0
1973.24,9,12,1,0,0,0,642,700.58,West Bengal,Healthcare,1979,0
669.18,2,14,1,0,0,1,534,675.44,Delhi,Travel,1975,0
716.19,3,15,1,0,0,0,687,1386.67,Telangana,Clothing,1977,0
6772.27,4,15,1,1,0,0,417,1289.52,Telangana,Grocery,1989,0
96.83,1,13,1,1,0,1,659,4805.78,Uttar Pradesh,Entertainment,1989,0
259.63,1,10,1,1,0,1,400,161.79,Delhi,Travel,1979,0
944.54,7,20,1,1,0,0,159,79.3,Rajasthan,Entertainment,1999,0
1250.98,8,20,1,1,0,0,293,1375.61,Karnataka,Electronics,1983,0
284.31,6,16,1,1,0,1,173,189.27,Gujarat,Electronics,1987,0
1520.94,5,8,1,1,0,1,147,781.71,Maharashtra,Education,1977,0
342.17,2,8,1,0,0,1,217,1392.19,Rajasthan,Education,1984,0
3533.03,9,6,1,1,0,1,97,308.27,Gujarat,Education,1973,0
732.77,6,18,1,0,0,1,375,849.09,Gujarat,Education,1976,0
1269.51,4,7,1,1,0,1,500,87.08,Uttar Pradesh,Education,1990,0
925.21,3,16,1,0,0,1,465,556.05,Kerala,Utilities,1996,0
1152.77,5,21,1,0,0,0,612,177.4,Kerala,Travel,1979,0
138.2,9,18,1,0,0,0,226,40.85,West Bengal,Healthcare,1992,0
4919.11,14,23,2,0,1,1,15,2414.55,Uttar Pradesh,Education,1990,1
1619.86,8,17,1,0,0,1,549,1114.96,Karnataka,Fuel,1978,0
1033.69,5,6,1,1,0,1,191,981.7,Gujarat,Healthcare,1970,0
419.85,4,17,1,0,0,0,359,315.3,Uttar Pradesh,Clothing,1990,0
1482.45,7,11,1,0,0,0,68,2288.84,Maharashtra,Utilities,1982,0
278.66,4,15,1,1,0,1,303,916.04,Kerala,Electronics,1996,0
4787.74,21,5,3,1,0,2,52,7552.94,Delhi,Education,1982,1
146.96,9,21,1,1,0,0,589,307.59,Kerala,Healthcare,1973,0
590.22,5,15,1,0,0,1,161,813.39,Uttar Pradesh,Travel,1988,0
730.65,4,6,1,0,0,1,136,165.69,Tamil Nadu,Education,1977,0
2510.48,1,10,1,0,0,1,545,166.59,Gujarat,Entertainment,1978,0
238.77,8,7,1,0,0,0,391,3420.36,Tamil Nadu,Utilities,1986,0
215.85,1,18,1,1,0,0,297,753.88,Kerala,Utilities,1999,0
5445.12,8,0,2,1,1,2,29,6364.19,Maharashtra,Entertainment,1994,1
1168.59,2,7,1,0,0,0,443,4517.33,Gujarat,Grocery,1980,0
36.29,6,12,1,1,0,0,289,437.9,Tamil Nadu,Clothing,1988,0
948.39,5,21,1,0,0,0,206,951.32,Uttar Pradesh,Healthcare,1998,0
3055.33,1,19,1,1,0,1,323,227.14,Rajasthan,Education,1999,0
1291.35,9,7,1,0,0,0,290,3448.68,Gujarat,Entertainment,1994,0
252.99,4,16,1,1,0,1,597,1187.9,Delhi,Entertainment,1991,0
993.31,3,12,1,0,0,0,700,390.38,West Bengal,Travel,1995,0
1059.83,6,21,1,0,0,0,681,3016.26,Telangana,Healthcare,1974,0
960.17,8,8,1,0,0,0,321,2455.51,Kerala,Travel,1988,0
772.22,5,12,1,0,0,0,345,1435.03,Delhi,Fuel,1983,0
265.39,1,16,1,1,0,0,523,50.25,Tamil Nadu,Healthcare,1980,0
153.18,9,21,1,1,0,1,277,214.3,Delhi,Grocery,1999,0
386.56,5,15,1,1,0,1,221,437.03,Delhi,Healthcare,1999,0
2278.54,4,10,1,1,0,0,407,16.49,Gujarat,Food,1990,0
2655.86,4,10,1,0,0,1,703,260.24,Uttar Pradesh,Healthcare,1970,0
2403.68,9,9,1,1,0,1,263,996.77,Gujarat,Entertainment,1995,0
578.0,7,14,1,1,0,1,10,1502.05,Tamil Nadu,Utilities,1974,0
892.19,5,22,1,2,0,1,48,726.41,Gujarat,Clothing,1989,1
1822.04,4,11,1,1,0,1,442,3270.77,Delhi,Education,1976,0
624.56,2,17,1,0,0,0,51,59.08,Telangana,Clothing,1977,0
884.23,6,17,1,1,0,0,716,281.33,Gujarat,Travel,1985,0
813.03,5,13,1,0,0,1,455,2531.4,Delhi,Electronics,1996,0
3235.43,9,19,1,1,0,1,351,205.62,Karnataka,Healthcare,1989,0
119.96,8,7,1,0,0,0,591,3419.53,Uttar Pradesh,Fuel,1979,0
2847.71,7,17,1,1,0,0,721,1405.44,Rajasthan,Travel,1972,0
488.38,1,14,1,1,0,1,566,1714.87,Uttar Pradesh,Food,1992,0
490.78,5,19,1,0,0,0,368,1607.35,Karnataka,Electronics,1972,0
670.46,8,7,1,1,0,0,518,2228.92,Karnataka,Food,1995,0
107.2,9,21,1,0,0,0,473,4709.58,Kerala,Entertainment,1974,0
279.28,9,10,1,0,0,1,425,3824.27,Delhi,Clothing,1997,0
1568.54,16,22,2,0,1,0,29,16279.11,Gujarat,Entertainment,1988,1
532.44,9,7,1,0,0,0,572,1139.79,Maharashtra,Utilities,1982,0
2191.72,2,14,1,0,0,0,203,274.58,West Bengal,Travel,1996,0
283.62,4,17,1,1,0,1,693,623.24,Telangana,Education,1996,0
900.23,6,19,1,0,0,1,255,868.57,Gujarat,Travel,1993,0
312.34,7,6,1,0,0,1,470,3501.07,Telangana,Healthcare,1991,0
2258.63,2,12,1,1,0,0,215,246.99,Delhi,Grocery,1986,0
7646.4,9,12,1,0,0,1,720,123.25,Uttar Pradesh,Clothing,1999,0
4498.98,1,14,1,0,0,0,705,1340.27,Uttar Pradesh,Food,1991,0
530.9,22,1,1,0,0,0,23,8337.97,Delhi,Fuel,1989,1
679.14,5,20,1,0,0,0,2,2319.31,Rajasthan,Utilities,1978,0
82.14,6,14,1,1,0,0,489,755.79,Uttar Pradesh,Food,1990,0
1166.44,4,20,1,1,0,1,412,632.62,Gujarat,Fuel,1999,0
669.2,1,12,1,0,0,0,234,179.54,Karnataka,Utilities,1972,0
323.2,9,21,1,0,0,1,664,246.98,Uttar Pradesh,Electronics,1974,0
1144.1,6,12,1,0,0,1,461,603.0,Delhi,Education,1982,0
245.83,8,17,1,1,0,1,657,1000.33,Uttar Pradesh,Clothing,1996,0
461.91,4,8,1,1,0,0,205,235.46,Maharashtra,Food,1996,0
202.45,5,8,1,0,0,0,28,3385.52,Gujarat,Travel,1990,0
2096.41,8,12,1,0,0,1,315,1173.72,Uttar Pradesh,Travel,1985,0
787.68,7,9,1,0,0,0,289,1502.96,Uttar Pradesh,Healthcare,1999,0
211.53,6,14,1,0,0,0,83,590.34,Telangana,Electronics,1992,0
831.83,5,13,1,0,0,0,102,715.0,Karnataka,Fuel,1991,0
1035.1,5,8,1,1,0,1,192,1944.87,Karnataka,Healthcare,1972,0
1575.47,3,18,1,0,0,0,5,402.37,Uttar Pradesh,Utilities,1999,0
879.08,1,21,1,1,0,1,328,406.85,Kerala,Clothing,1982,0
132.73,5,6,1,0,0,1,711,476.35,Gujarat,Travel,1976,0
417.67,6,11,1,1,0,1,451,200.14,Telangana,Travel,1991,0
151.8,2,17,1,1,0,1,202,135.0,Telangana,Clothing,1971,0
255.62,8,9,1,0,0,0,648,164.88,Karnataka,Grocery,1993,0
1120.08,8,16,1,0,0,1,646,1785.59,Delhi,Utilities,1982,0
607.43,3,13,1,0,0,1,577,407.48,Telangana,Travel,1971,0
3203.45,9,17,1,0,0,0,656,197.28,Maharashtra,Utilities,1976,0
2484.16,8,16,1,1,0,0,408,84.81,West Bengal,Electronics,1995,0
89.19,8,20,1,1,0,1,250,1129.02,Tamil Nadu,Entertainment,1973,0
133.36,1,18,1,1,0,1,281,2159.74,West Bengal,Electronics,1983,0
940.0,2,20,1,0,0,1,199,245.3,West Bengal,Education,1995,0
50.55,3,16,1,0,0,1,8,685.14,Karnataka,Entertainment,1990,0
1005.42,8,18,1,0,0,0,729,2548.49,West Bengal,Utilities,1998,0
681.42,3,16,1,1,0,0,725,200.8,Uttar Pradesh,Fuel,1990,0
2453.16,9,12,1,0,0,1,530,1082.52,Gujarat,Travel,1991,0
2911.77,9,9,1,0,0,1,468,645.97,Tamil Nadu,Fuel,1972,0
521.08,9,14,1,0,0,0,328,99.3,Delhi,Entertainment,1982,0
553.09,2,17,1,0,0,1,102,675.36,Maharashtra,Food,1970,0
459.99,1,6,1,1,0,1,399,21.51,Karnataka,Grocery,1988,0
859.5,5,11,1,1,0,0,653,2195.07,Delhi,Utilities,1979,0
433.23,8,20,1,1,0,1,375,2390.77,Uttar Pradesh,Entertainment,1994,0
2395.71,8,19,1,1,0,1,123,802.87,Uttar Pradesh,Fuel,1986,0
2813.99,7,19,1,1,0,0,631,529.62,Karnataka,Healthcare,1970,0
351.33,1,13,1,1,0,0,527,769.99,Uttar Pradesh,Education,1988,0
35.46,9,16,1,0,0,0,583,1247.44,Maharashtra,Entertainment,1994,0
655.3,8,16,1,0,0,1,276,91.45,Tamil Nadu,Healthcare,1994,0
2461.17,4,20,1,0,0,1,134,1372.04,Telangana,Fuel,1990,0
543.29,9,11,1,0,0,1,199,613.06,Karnataka,Entertainment,1986,0
1886.24,9,18,1,1,0,0,357,287.35,Uttar Pradesh,Utilities,1998,0
44.16,9,18,1,1,0,0,168,604.86,Telangana,Healthcare,1997,0
1631.63,28,3,1,2,1,0,19,956.56,West Bengal,Travel,1977,1
1984.55,3,12,1,0,0,1,61,690.25,West Bengal,Education,1976,0
89.62,2,18,1,0,0,1,86,156.56,Kerala,Education,1989,0
2368.04,8,10,1,0,0,1,357,529.42,Gujarat,Fuel,1994,0
3005.71,1,13,1,0,0,1,58,979.17,Rajasthan,Grocery,1980,0
1988.37,6,13,1,1,0,0,214,2743.38,Uttar Pradesh,Fuel,1978,0
8824.18,22,5,4,0,0,0,10,20359.49,Gujarat,Food,1975,1
158.35,3,10,1,0,0,1,237,26.34,Rajasthan,Education,1979,0
634.79,3,18,1,0,0,1,190,997.67,Delhi,Education,1982,0
1765.34,5,17,1,0,0,0,208,2258.57,Gujarat,Entertainment,1973,0
199.81,8,7,1,1,0,1,88,937.5,Uttar Pradesh,Food,1987,0
244.79,1,19,1,0,0,0,702,360.59,Delhi,Electronics,1972,0
703.35,7,10,1,1,0,1,634,223.4,Delhi,Education,1980,0
555.34,9,7,1,0,0,0,327,994.62,Delhi,Utilities,1994,0
344.9,2,7,1,0,0,1,569,754.95,West Bengal,Electronics,1978,0
575.18,3,16,1,1,0,0,397,514.3,Telangana,Healthcare,1971,0
648.36,4,9,1,0,0,1,218,606.81,Telangana,Electronics,1984,0
1633.64,6,12,1,1,0,0,716,1946.33,Uttar Pradesh,Fuel,1977,0
400.86,7,13,1,1,0,0,147,1373.8,Karnataka,Travel,1980,0
267.92,13,1,1,0,0,0,42,3222.47,Kerala,Electronics,1995,1
344.49,8,15,1,0,0,0,12,684.8,Rajasthan,Fuel,1989,0
1770.45,4,10,1,0,0,1,678,584.48,Delhi,Healthcare,1992,0
419.16,6,12,1,0,0,0,60,694.76,Uttar Pradesh,Clothing,1975,0
1222.3,1,10,1,0,0,0,329,38.05,West Bengal,Grocery,1974,0
1432.03,6,18,1,0,0,0,642,19.39,Rajasthan,Entertainment,1979,0
1767.76,5,11,1,1,0,1,629,2547.16,Karnataka,Food,1973,0
10.47,4,8,1,0,0,1,109,1546.45,Gujarat,Fuel,1997,0
55.76,15,5,4,1,0,0,40,4271.19,Gujarat,Education,1976,1
1155.77,2,22,1,1,1,2,10,10131.61,Maharashtra,Clothing,1990,1
1270.78,3,9,1,1,0,1,637,12.61,Tamil Nadu,Grocery,1970,0
6628.03,2,10,1,0,0,1,100,258.89,Kerala,Food,1979,0
848.63,8,9,1,0,0,1,654,476.05,Kerala,Utilities,1989,0
116.69,8,8,1,1,0,0,204,184.14,Gujarat,Grocery,1981,0
120.48,4,21,1,1,0,1,93,1886.72,Telangana,Grocery,1987,0
1576.93,3,14,1,1,0,1,589,2877.28,Delhi,Healthcare,1995,0
98.37,6,19,1,0,0,0,420,1134.35,Kerala,Electronics,1987,0
442.23,5,7,1,1,0,1,328,128.17,Uttar Pradesh,Education,1975,0
581.87,1,17,1,1,0,0,351,89.08,Tamil Nadu,Travel,1998,0
691.55,7,11,1,0,0,1,95,1395.2,Tamil Nadu,Electronics,1982,0
19.87,9,14,1,1,0,1,415,1821.98,Telangana,Grocery,1975,0
412.1,8,21,1,1,0,0,331,2673.07,Telangana,Utilities,1986,0
665.28,4,17,1,0,0,1,467,151.5,West Bengal,Food,1978,0
495.09,8,12,1,1,0,1,564,1869.46,Maharashtra,Education,1998,0
233.22,9,12,1,1,0,1,627,2665.03,West Bengal,Utilities,1974,0
2808.0,5,18,1,0,0,1,533,70.45,West Bengal,Electronics,1980,0
1934.47,18,1,2,0,1,0,26,6458.71,Telangana,Food,1984,1
10.0,3,19,1,0,0,0,675,3384.22,Rajasthan,Education,1995,0
1254.33,4,12,1,1,0,0,646,1140.32,Maharashtra,Electronics,1983,0
2922.32,9,11,1,1,0,1,328,1734.68,Tamil Nadu,Education,1996,0
763.86,7,6,1,0,0,1,544,649.94,Karnataka,Healthcare,1981,0
12004.9,20,1,2,2,1,0,59,887.99,Delhi,Education,1970,1
735.49,7,9,1,0,0,0,122,626.66,Telangana,Education,1972,0
1667.8,8,13,1,0,0,0,104,1582.53,West Bengal,Electronics,1974,0
73.09,23,23,1,2,0,0,40,3348.17,Maharashtra,Electronics,1975,1
815.62,8,9,1,1,0,0,259,33.18,Karnataka,Food,1992,0
1030.41,3,7,1,1,0,1,440,34.5,Maharashtra,Food,1971,0
13.78,5,14,1,0,0,1,280,331.85,Rajasthan,Education,1995,0
115.36,9,10,1,1,0,0,16,1736.65,Telangana,Grocery,1981,0
2111.07,14,23,4,0,0,1,13,2130.37,Delhi,Utilities,1993,1
2063.21,3,13,1,0,0,0,172,70.95,Uttar Pradesh,Grocery,1988,0
79.03,2,9,1,0,0,0,715,277.84,Maharashtra,Education,1990,0
61.91,4,17,1,0,0,1,498,4315.31,Maharashtra,Electronics,1997,0
1668.97,3,16,1,1,0,0,474,456.26,Rajasthan,Food,1972,0
929.63,3,10,1,1,0,1,464,116.11,Maharashtra,Fuel,1972,0
2811.87,8,14,1,0,0,1,143,1259.47,West Bengal,Electronics,1980,0
281.64,8,8,1,0,0,0,516,381.45,West Bengal,Healthcare,1998,0
1570.85,3,7,1,0,0,1,455,337.65,Karnataka,Grocery,1996,0
116.2,2,11,1,1,0,0,317,3021.11,Gujarat,Education,1993,0
541.22,4,8,1,1,0,1,495,611.89,Rajasthan,Fuel,1995,0
1725.49,5,7,1,1,0,0,501,143.9,Karnataka,Education,1971,0
677.6,9,21,1,1,0,1,321,4654.2,Gujarat,Grocery,1990,0
218.36,6,17,1,0,0,0,83,385.67,Karnataka,Electronics,1994,0
12184.97,1,4,2,2,0,1,52,1933.84,Kerala,Utilities,1980,1
735.5,2,11,1,0,0,1,240,1753.83,Gujarat,Entertainment,1986,0
4984.08,26,22,2,1,0,1,51,1350.05,Karnataka,Utilities,1999,1
1731.05,8,14,1,1,0,0,416,74.91,Kerala,Grocery,1979,0
220.26,5,10,1,0,0,0,370,65.02,Karnataka,Electronics,1980,0
5299.42,9,21,1,0,0,1,241,1708.46,Delhi,Travel,1999,0
1981.68,4,19,1,0,0,1,573,2848.78,Rajasthan,Fuel,1991,0
1787.67,16,1,4,1,1,0,18,222.77,Maharashtra,Electronics,1979,1
723.67,3,12,1,0,0,1,256,3616.87,West Bengal,Clothing,1977,0
281.98,8,7,1,1,0,1,177,569.02,Gujarat,Grocery,1970,0
741.82,7,17,1,1,0,1,55,28.5,Delhi,Grocery,1989,0
1158.58,29,23,2,1,1,2,39,1137.27,Karnataka,Fuel,1978,1
494.25,2,14,1,1,0,0,92,1811.04,Rajasthan,Food,1992,0
213.57,4,8,1,0,0,1,261,1776.24,Kerala,Entertainment,1980,0
331.22,6,20,1,0,0,0,668,351.09,Karnataka,Travel,1980,0
4209.87,5,10,1,0,0,0,617,2662.55,West Bengal,Food,1994,0
438.55,3,11,1,1,0,1,309,2598.0,Uttar Pradesh,Fuel,1991,0
889.63,6,17,1,1,0,1,492,1219.66,Gujarat,Fuel,1980,0
128.47,6,15,1,0,0,0,265,450.8,Uttar Pradesh,Grocery,1999,0
1448.14,2,20,1,0,0,1,145,1415.88,Kerala,Travel,1979,0
1234.08,4,6,1,1,0,0,506,4463.87,Maharashtra,Fuel,1998,0
510.13,9,6,1,0,0,1,96,538.18,Delhi,Entertainment,1970,0
1451.0,9,8,1,1,0,0,460,906.89,Karnataka,Grocery,1971,0
3032.84,5,12,1,0,0,1,182,250.03,Telangana,Entertainment,1979,0
406.12,4,14,1,0,0,1,533,396.45,Telangana,Food,1993,0
3422.82,12,23,3,0,1,0,21,8911.51,Kerala,Education,1989,1
3713.67,5,12,1,1,0,1,395,434.78,Uttar Pradesh,Grocery,1973,0
1117.88,22,1,4,0,1,2,10,2068.43,Uttar Pradesh,Grocery,1992,1
322.1,1,14,1,1,0,1,560,562.58,Karnataka,Utilities,1999,0
3421.21,25,4,4,0,1,1,51,102.61,Karnataka,Entertainment,1992,1
1551.15,23,4,1,0,0,0,2,1465.04,Telangana,Fuel,1993,1
553.66,4,21,1,1,0,1,310,49.11,Uttar Pradesh,Entertainment,1994,0
452.93,5,6,1,1,0,1,542,1582.78,Telangana,Healthcare,1974,0
51.46,6,18,1,1,0,0,558,1472.65,Rajasthan,Clothing,1996,0
868.87,4,19,1,0,0,0,457,48.44,Tamil Nadu,Entertainment,1985,0
474.93,6,10,1,0,0,0,640,3305.05,Kerala,Electronics,1999,0
7109.61,11,22,4,2,1,2,54,16402.63,Gujarat,Healthcare,1989,1
1277.25,9,14,1,0,0,1,509,266.94,Uttar Pradesh,Grocery,1984,0
1024.88,1,13,1,1,0,1,710,449.13,Rajasthan,Entertainment,1974,0
903.76,2,19,1,0,0,1,107,319.07,Delhi,Clothing,1989,0
2271.36,7,12,1,1,0,1,466,3468.04,Uttar Pradesh,Utilities,1992,0
486.55,10,2,3,2,0,1,44,302.7,Telangana,Clothing,1977,1
175.77,5,10,1,1,0,1,224,211.84,Uttar Pradesh,Entertainment,1971,0
868.38,7,18,1,1,0,0,346,335.08,Delhi,Clothing,1997,0
687.61,4,11,1,1,0,0,470,32.64,Kerala,Education,1987,0
3634.65,12,1,3,2,0,0,29,2848.27,Gujarat,Food,1999,1
213.24,9,9,1,0,0,0,572,174.25,Uttar Pradesh,Utilities,1990,0
10.0,4,18,1,1,0,1,484,162.88,Uttar Pradesh,Healthcare,1988,0
4674.8,3,3,1,0,1,2,57,1377.64,Karnataka,Travel,1979,1
2224.0,9,8,1,0,0,0,191,3020.5,West Bengal,Grocery,1987,0
1013.34,2,18,1,1,0,1,501,1311.47,Tamil Nadu,Clothing,1972,0
1457.78,7,13,1,1,0,1,13,485.24,Uttar Pradesh,Grocery,1993,0
1851.81,8,14,1,1,0,0,561,1556.34,Telangana,Travel,1993,0
4403.44,1,8,1,0,0,1,654,1102.22,Uttar Pradesh,Travel,1993,0
1408.79,3,19,1,1,0,1,287,57.8,Gujarat,Education,1972,0
98.14,8,11,1,1,0,0,231,82.22,West Bengal,Education,1971,0
11680.95,25,1,2,1,1,2,9,6128.19,Delhi,Travel,1983,1
3191.33,1,16,1,1,0,1,138,927.91,Karnataka,Electronics,1985,0
130.11,8,10,1,0,0,0,617,2926.16,Telangana,Food,1996,0
10.0,2,14,1,0,0,1,620,463.48,Tamil Nadu,Healthcare,1993,0
425.57,6,8,1,1,0,1,92,2012.47,Kerala,Healthcare,1996,0
6733.08,9,17,1,0,0,1,642,2024.29,Uttar Pradesh,Grocery,1971,0
397.77,8,7,1,0,0,0,109,651.69,Kerala,Clothing,1993,0
254.26,3,18,1,0,0,0,300,490.74,Telangana,Education,1987,0
8650.1,9,22,4,0,1,1,56,4063.15,Maharashtra,Food,1997,1
2001.89,5,4,1,0,0,2,1,9628.67,West Bengal,Travel,1974,1
15.75,5,20,1,1,0,1,593,4082.25,Gujarat,Fuel,1973,0
1224.73,5,18,1,1,0,1,69,264.89,Maharashtra,Food,1977,0
564.89,7,9,1,1,0,0,4,96.06,Karnataka,Grocery,1982,0
2116.85,4,16,1,1,0,0,486,491.11,Tamil Nadu,Entertainment,1977,0
10.0,1,9,1,0,0,0,720,15.01,West Bengal,Education,1989,0
664.5,4,13,1,1,0,1,188,232.09,Kerala,Electronics,1991,0
359.27,1,7,1,1,0,0,432,854.05,West Bengal,Healthcare,1981,0
736.33,1,13,1,1,0,1,567,1352.22,Delhi,Grocery,1979,0
4070.07,8,12,1,0,0,0,169,369.84,Uttar Pradesh,Entertainment,1981,0
708.38,4,19,1,0,0,1,459,631.08,Kerala,Education,1994,0
4035.32,3,2,1,0,0,1,45,497.27,Rajasthan,Utilities,1992,1
34.63,7,9,1,0,0,1,82,416.33,Karnataka,Healthcare,1994,0
108.42,5,17,1,0,0,1,515,1091.11,Rajasthan,Entertainment,1994,0
10798.89,17,3,1,2,1,0,3,2038.09,Rajasthan,Education,1992,1
10.0,1,13,1,1,0,1,591,1777.3,Tamil Nadu,Utilities,1984,0
604.62,4,7,1,1,0,0,322,937.83,Maharashtra,Entertainment,1993,0
150.6,6,8,1,0,0,0,706,1479.56,Karnataka,Fuel,1999,0
475.72,7,8,1,0,0,0,714,18.31,Karnataka,Electronics,1983,0
924.56,2,16,1,1,0,1,281,1314.7,Karnataka,Entertainment,1971,0
92.88,3,18,1,0,0,0,317,2001.54,Gujarat,Entertainment,1979,0
2586.67,3,16,1,0,0,0,91,62.98,West Bengal,Travel,1974,0
1866.61,7,0,2,2,1,1,19,5555.77,Uttar Pradesh,Education,1984,1
2815.12,8,10,1,0,0,1,516,894.96,Gujarat,Food,1991,0
4617.88,5,13,1,1,0,0,667,480.91,West Bengal,Fuel,1982,0
923.54,5,7,1,0,0,1,230,1350.59,Karnataka,Electronics,1985,0
508.29,6,8,1,0,0,1,153,688.83,Uttar Pradesh,Entertainment,1977,0
73.46,2,12,1,0,0,0,388,732.05,Rajasthan,Travel,1988,0
54.42,6,16,1,0,0,0,613,1205.51,Uttar Pradesh,Entertainment,1978,0
1239.32,7,7,1,1,0,0,400,587.19,Delhi,Fuel,1984,0
544.73,5,19,1,0,0,1,444,687.6,Uttar Pradesh,Entertainment,1974,0
1135.96,3,19,1,1,0,0,648,179.36,Kerala,Healthcare,1991,0
303.68,7,15,1,1,0,1,42,101.95,Tamil Nadu,Entertainment,1998,0
138.87,8,14,1,0,0,1,319,1156.99,West Bengal,Utilities,1985,0
906.12,1,15,1,0,0,0,418,403.62,Gujarat,Healthcare,1979,0
663.9,3,9,1,0,0,1,581,268.59,Telangana,Utilities,1974,0
360.26,6,13,1,0,0,1,92,2681.91,Delhi,Healthcare,1993,0
151.87,6,15,1,1,0,0,390,4273.24,Gujarat,Education,1998,0
3565.47,7,17,1,0,0,0,85,602.89,West Bengal,Entertainment,1975,0
395.66,7,10,1,1,0,0,437,1396.96,Karnataka,Travel,1980,0
338.43,9,12,1,1,0,1,198,375.21,West Bengal,Clothing,1985,0
1303.22,9,12,1,1,0,1,142,39.91,Rajasthan,Travel,1984,0
547.83,7,11,1,1,0,1,461,813.71,Rajasthan,Fuel,1971,0
13447.79,2,0,2,2,1,0,57,3622.77,Delhi,Utilities,1986,1
40.84,2,21,1,0,0,0,25,1662.77,Kerala,Electronics,1981,0
976.48,9,20,1,0,0,1,134,157.73,Uttar Pradesh,Clothing,1990,0
3641.54,6,16,1,1,0,0,118,835.44,West Bengal,Entertainment,1982,0
518.12,7,12,1,0,0,1,125,520.44,Uttar Pradesh,Grocery,1977,0
631.63,1,20,1,1,0,1,292,324.76,Gujarat,Education,1974,0
2469.58,1,7,1,1,0,1,660,213.65,Telangana,Clothing,1985,0
561.37,7,17,1,0,0,1,444,481.2,Tamil Nadu,Utilities,1991,0
855.73,3,6,1,0,0,1,676,340.82,Maharashtra,Grocery,1991,0
1738.16,8,20,1,0,0,0,384,2764.97,Kerala,Fuel,1976,0
315.45,2,20,1,1,0,1,391,854.2,Karnataka,Education,1997,0
819.81,1,18,1,1,0,0,49,154.8,Rajasthan,Grocery,1970,0
49.67,6,10,1,0,0,1,117,923.27,Gujarat,Food,1999,0
502.67,7,7,1,1,0,0,227,1028.84,Tamil Nadu,Education,1989,0
702.8,1,10,1,1,0,0,368,708.29,Maharashtra,Healthcare,1996,0
1992.01,9,15,1,1,0,0,552,602.51,Maharashtra,Utilities,1994,0
551.06,2,13,1,0,0,0,20,5500.9,Kerala,Healthcare,1978,0
161.51,9,10,1,1,0,1,687,1158.49,Delhi,Fuel,1995,0
188.29,6,18,1,0,0,0,723,816.68,Gujarat,Food,1971,0
149.76,4,21,1,0,0,0,460,340.96,Karnataka,Grocery,1993,0
3139.92,3,14,1,0,0,0,509,230.42,Delhi,Food,1983,0
825.75,8,17,1,0,0,0,546,341.09,Delhi,Healthcare,1971,0
4394.57,13,1,1,0,1,2,47,2901.15,Karnataka,Fuel,1996,1
215.95,6,11,1,1,0,0,82,1729.61,Delhi,Fuel,1995,0
1553.06,6,18,1,1,0,1,58,97.31,Gujarat,Utilities,1988,0
633.02,1,17,1,1,0,1,664,1106.39,Delhi,Grocery,1992,0
658.08,1,19,1,0,0,1,716,551.53,Karnataka,Grocery,1992,0
1834.64,3,17,1,1,0,1,605,678.64,Uttar Pradesh,Entertainment,1996,0
3454.78,1,15,1,0,0,0,175,840.26,Gujarat,Healthcare,1981,0
863.52,3,18,1,0,0,0,695,483.6,Telangana,Travel,1991,0
81.8,4,11,1,0,0,0,365,420.76,Tamil Nadu,Healthcare,1990,0
16.56,4,18,1,0,0,1,592,1561.26,Telangana,Education,1978,0
252.12,5,20,1,1,0,1,670,534.61,Delhi,Healthcare,1972,0
1497.94,8,7,1,1,0,0,366,33.79,West Bengal,Fuel,1981,0
463.59,17,5,1,2,0,0,1,145.08,Rajasthan,Entertainment,1972,1
1351.02,8,21,1,0,0,1,273,740.06,Rajasthan,Food,1989,0
1068.69,4,16,1,0,0,0,614,255.24,Kerala,Travel,1970,0
418.09,7,6,1,0,0,0,159,1477.15,Gujarat,Travel,1975,0
1015.46,9,15,1,0,0,1,3,371.24,Maharashtra,Food,1987,0
1126.94,7,8,1,0,0,1,458,1613.05,Uttar Pradesh,Electronics,1971,0
3406.58,9,17,1,1,0,1,171,2112.07,Karnataka,Entertainment,1990,0
771.02,2,18,1,0,0,0,724,1085.41,Tamil Nadu,Electronics,1971,0
620.8,1,11,1,1,0,0,507,1976.82,Uttar Pradesh,Travel,1970,0
124.93,4,12,1,0,0,1,431,830.12,Telangana,Electronics,1991,0
1005.96,1,19,1,0,0,1,371,1799.13,Delhi,Travel,1976,0
810.17,8,14,1,1,0,1,574,532.8,Rajasthan,Clothing,1993,0
639.79,7,20,1,0,0,1,46,7082.43,Uttar Pradesh,Clothing,1973,0
819.36,1,13,1,1,0,0,639,102.44,Uttar Pradesh,Food,1993,0
376.88,4,4,1,1,1,0,35,1873.49,Telangana,Travel,1993,1
755.14,1,14,1,0,0,1,288,761.41,Kerala,Fuel,1994,0
1135.03,1,10,1,1,0,1,399,1287.28,West Bengal,Entertainment,1970,0
800.08,6,5,4,2,1,2,17,6451.44,Gujarat,Fuel,1994,1
1913.17,2,13,1,1,0,1,534,462.69,Gujarat,Grocery,1978,0
639.81,2,18,1,0,0,0,277,1144.51,Tamil Nadu,Grocery,1987,0
1471.2,6,17,1,1,0,0,129,1111.61,Gujarat,Food,1979,0
35.35,2,8,1,1,0,1,312,703.94,Tamil Nadu,Entertainment,1996,0
144.62,1,7,1,0,0,1,290,22.12,Maharashtra,Grocery,1980,0
1741.44,2,6,1,0,0,0,660,562.15,Gujarat,Clothing,1979,0
3890.12,6,12,1,1,0,1,310,810.97,Kerala,Education,1988,0
1614.57,3,20,1,0,0,1,99,3727.69,Maharashtra,Clothing,1977,0
920.6,3,20,1,1,0,1,439,1801.64,West Bengal,Education,1996,0
15938.68,26,4,1,1,1,0,32,3721.44,Telangana,Travel,1983,1
775.26,6,14,1,0,0,1,328,558.14,Karnataka,Grocery,1995,0
2086.26,5,10,1,0,0,0,151,2702.17,Maharashtra,Electronics,1996,0
1276.98,5,10,1,0,0,1,260,1633.87,West Bengal,Fuel,1987,0
585.22,2,14,1,0,0,1,476,68.21,Kerala,Grocery,1972,0
40.56,8,19,1,1,0,0,702,1404.03,Maharashtra,Grocery,1994,0
1476.25,3,6,1,0,0,0,579,657.93,Uttar Pradesh,Electronics,1989,0
247.49,2,12,1,1,0,1,227,1179.18,West Bengal,Utilities,1985,0
580.09,1,12,1,1,0,1,561,42.06,Telangana,Entertainment,1999,0
1240.43,14,5,1,0,0,0,23,1568.1,Rajasthan,Electronics,1976,1
8423.69,5,11,1,1,0,0,92,1556.98,Maharashtra,Fuel,1988,0
1287.31,3,16,1,0,0,1,377,4542.17,Rajasthan,Entertainment,1974,0
242.52,2,8,1,1,0,1,654,437.42,Uttar Pradesh,Electronics,1981,0
331.77,1,12,1,0,0,1,237,2861.23,Telangana,Grocery,1975,0
2319.44,5,7,1,0,0,1,70,115.56,Kerala,Electronics,1970,0
597.32,6,18,1,1,0,1,602,2926.83,Tamil Nadu,Fuel,1994,0
1144.52,15,4,3,0,0,1,49,603.47,West Bengal,Travel,1973,1
300.64,6,16,1,0,0,0,697,440.59,Maharashtra,Food,1973,0
513.14,9,6,1,1,0,1,13,2211.53,Tamil Nadu,Utilities,1971,0
1121.97,7,15,1,1,0,0,709,815.7,Telangana,Entertainment,1980,0
1450.7,4,21,1,1,0,0,376,558.4,Rajasthan,Education,1970,0
2945.69,3,20,1,1,0,1,227,2597.75,West Bengal,Utilities,1992,0
13.24,8,15,1,1,0,0,720,219.28,Kerala,Food,1990,0
112.34,4,11,1,0,0,0,85,652.56,Rajasthan,Travel,1977,0
3072.64,7,7,1,1,0,1,581,739.1,Karnataka,Utilities,1997,0
799.83,8,9,1,0,0,1,122,573.54,Tamil Nadu,Electronics,1980,0
410.55,8,16,1,0,0,1,67,1832.14,Telangana,Fuel,1982,0
1893.56,5,16,1,0,0,0,508,258.37,Telangana,Education,1972,0
1194.72,2,21,1,0,0,1,203,1724.8,Rajasthan,Education,1992,0
902.08,8,15,1,0,0,1,548,25.48,West Bengal,Clothing,1973,0
1437.73,4,14,1,1,0,1,545,2360.41,Kerala,Clothing,1999,0
2031.21,22,4,2,2,0,0,55,4695.24,Kerala,Entertainment,1981,1
730.03,1,9,1,1,0,0,86,515.29,Kerala,Education,1997,0
1957.58,6,20,1,0,0,1,309,3748.52,Telangana,Electronics,1972,0
637.43,6,15,1,0,0,0,244,524.02,West Bengal,Fuel,1972,0
756.54,6,12,1,1,0,0,538,667.88,West Bengal,Clothing,1974,0
160.77,2,19,1,1,0,1,326,382.9,Rajasthan,Travel,1974,0
1868.49,8,14,1,1,0,0,122,661.43,Tamil Nadu,Entertainment,1978,0
347.04,3,14,1,0,0,1,414,81.29,Karnataka,Grocery,1977,0
2413.82,5,17,1,0,0,1,327,460.39,Karnataka,Electronics,1998,0
41.09,2,18,1,0,0,0,225,361.69,Gujarat,Fuel,1983,0
3982.68,4,12,1,0,0,0,318,1490.42,West Bengal,Food,1991,0
205.56,5,6,1,0,0,1,504,951.97,West Bengal,Electronics,1984,0
1882.9,9,9,1,1,0,0,343,1323.82,Telangana,Clothing,1988,0
968.42,2,12,1,1,0,1,472,546.75,Maharashtra,Education,1985,0
1182.83,3,7,1,1,0,0,88,4896.26,Delhi,Clothing,1979,0
1848.6,6,16,1,0,0,1,175,3472.81,Maharashtra,Grocery,1981,0
748.73,1,21,1,0,0,0,500,2339.71,Tamil Nadu,Entertainment,1988,0
1518.86,8,20,1,0,0,0,224,545.32,Maharashtra,Food,1985,0
210.21,1,8,1,1,0,0,225,346.16,Karnataka,Healthcare,1981,0
2225.37,9,11,1,0,0,0,299,913.73,Telangana,Clothing,1975,0
649.24,8,15,1,0,0,0,9,498.24,Delhi,Entertainment,1981,0
1561.22,5,21,1,1,0,1,94,1167.48,Kerala,Fuel,1976,0
1136.24,2,8,1,1,0,0,310,119.59,Uttar Pradesh,Grocery,1972,0
1071.49,4,18,1,1,0,1,629,284.22,Delhi,Electronics,1995,0
219.54,3,8,1,0,0,1,152,494.5,West Bengal,Utilities,1980,0
1169.64,5,14,1,0,0,1,618,195.33,Karnataka,Education,1979,0
2336.59,3,18,1,0,0,1,388,1212.44,Tamil Nadu,Entertainment,1973,0
489.2,1,11,1,1,0,1,538,629.92,Karnataka,Electronics,1997,0
1042.94,7,14,1,1,0,0,532,412.17,Gujarat,Fuel,1990,0
19.38,4,19,1,1,0,0,206,2111.79,Rajasthan,Clothing,1982,0
959.23,9,9,1,1,0,0,80,453.37,Uttar Pradesh,Education,1989,0
230.66,2,8,1,0,0,1,331,1325.19,West Bengal,Electronics,1988,0
9137.01,21,23,1,0,1,0,7,2043.61,Rajasthan,Travel,1984,1
207.59,8,16,1,1,0,0,247,360.8,West Bengal,Healthcare,1977,0
2504.21,5,20,1,0,0,1,587,730.17,Tamil Nadu,Entertainment,1988,0
748.14,6,15,1,0,0,0,211,1776.55,Uttar Pradesh,Electronics,1988,0
2500.61,4,11,1,1,0,0,275,146.27,Kerala,Fuel,1993,0
494.77,9,6,1,1,0,1,250,3244.9,Delhi,Entertainment,1994,0
726.5,6,19,1,1,0,1,20,758.15,Telangana,Entertainment,1972,0
889.2,8,12,1,1,0,0,493,378.27,Delhi,Travel,1985,0
1450.19,2,6,1,0,0,0,684,104.75,Delhi,Healthcare,1990,0
1436.62,5,17,1,0,0,0,271,82.87,Maharashtra,Education,1977,0
276.58,4,15,1,1,0,0,400,1136.22,Rajasthan,Entertainment,1995,0
32.21,5,13,1,0,0,0,294,1222.94,Maharashtra,Food,1971,0
1040.43,5,13,1,0,0,1,269,1625.93,Maharashtra,Utilities,1998,0
1288.73,4,9,1,0,0,1,412,776.02,Uttar Pradesh,Utilities,1975,0
1352.77,8,6,1,1,0,0,706,366.51,Tamil Nadu,Travel,1977,0
2217.35,9,18,1,0,0,1,534,568.97,Telangana,Entertainment,1979,0
906.11,6,16,1,1,0,1,368,170.0,West Bengal,Education,1975,0
785.72,2,18,1,1,0,0,666,2780.22,Kerala,Healthcare,1989,0
345.42,6,13,1,1,0,1,609,323.54,West Bengal,Education,1970,0
1097.56,6,21,1,0,0,0,288,210.48,Maharashtra,Food,1989,0
1202.65,4,6,1,1,0,1,195,400.59,Tamil Nadu,Food,1998,0
1716.25,2,6,1,1,0,0,405,1587.36,Tamil Nadu,Electronics,1993,0
946.86,7,6,1,1,0,1,500,1032.38,Gujarat,Electronics,1991,0
2272.64,6,21,1,0,0,0,552,1554.98,Delhi,Education,1988,0
988.86,6,14,1,1,0,1,428,888.86,Maharashtra,Electronics,1996,0
1757.84,3,20,1,1,0,0,518,84.63,Kerala,Clothing,1979,0
649.26,2,7,1,1,0,0,217,10.52,Karnataka,Grocery,1998,0
582.51,5,16,1,0,0,1,311,1581.12,Tamil Nadu,Food,1982,0
2130.81,8,10,1,1,0,1,631,954.28,Karnataka,Utilities,1983,0
2037.12,5,19,1,1,0,1,332,13.6,Kerala,Grocery,1984,0
2640.35,9,0,1,0,1,2,45,6937.83,Gujarat,Entertainment,1971,1
987.12,6,6,1,0,0,1,608,6236.6,Uttar Pradesh,Healthcare,1991,0
1352.74,8,6,1,1,0,1,203,1296.84,Tamil Nadu,Entertainment,1998,0
1133.06,4,9,1,0,0,0,122,161.57,Karnataka,Entertainment,1986,0
6586.18,6,8,1,1,0,1,294,496.23,Tamil Nadu,Fuel,1976,0
952.05,2,16,1,0,0,0,374,630.14,Uttar Pradesh,Fuel,1972,0
277.11,1,20,1,1,0,0,557,117.1,Gujarat,Food,1995,0
3277.97,1,16,1,1,0,0,279,540.6,Karnataka,Grocery,1989,0
1802.5,2,18,1,0,0,0,675,1530.21,Maharashtra,Entertainment,1977,0
111.94,5,13,1,1,0,1,57,1782.18,Rajasthan,Education,1994,0
447.28,3,7,1,1,0,0,57,289.16,West Bengal,Travel,1976,0
143.41,5,14,1,1,0,0,689,61.53,West Bengal,Grocery,1979,0
574.7,1,9,1,1,0,0,638,2781.18,Kerala,Food,1976,0
3864.01,7,13,1,0,0,0,406,1281.54,Uttar Pradesh,Electronics,1993,0
697.83,3,21,1,0,0,1,381,289.83,Maharashtra,Travel,1970,0
1776.27,16,1,4,0,0,2,40,2890.67,Maharashtra,Fuel,1994,1
966.09,2,13,1,0,0,0,504,1335.64,Uttar Pradesh,Fuel,1980,0
1227.86,5,7,1,0,0,0,365,10.0,Uttar Pradesh,Education,1989,0
379.88,6,19,1,0,0,1,191,2151.34,Delhi,Utilities,1998,0
287.76,1,17,1,1,0,0,309,1806.29,Delhi,Travel,1998,0
907.63,5,20,1,1,0,0,547,1044.85,West Bengal,Electronics,1980,0
1488.13,7,22,3,2,1,0,43,2611.63,Tamil Nadu,Healthcare,1975,1
308.22,6,12,1,0,0,1,431,113.73,Tamil Nadu,Clothing,1979,0
10.0,6,11,1,1,0,0,425,10.0,Delhi,Utilities,1971,0
6106.48,2,16,1,0,0,0,213,3323.59,West Bengal,Food,1975,0
499.44,5,12,1,1,0,1,486,468.81,West Bengal,Grocery,1970,0
4054.97,3,17,1,0,0,0,658,2494.75,Delhi,Fuel,1991,0
2184.56,9,10,1,0,0,0,355,144.54,Karnataka,Education,1992,0
1911.78,6,14,1,1,0,1,407,727.62,Rajasthan,Fuel,1982,0
889.69,7,16,1,1,0,0,323,349.53,Gujarat,Clothing,1990,0
226.85,3,20,1,0,0,1,510,1682.46,Karnataka,Entertainment,1974,0
204.04,7,11,1,0,0,1,392,843.47,Rajasthan,Electronics,1977,0
2119.34,8,19,1,0,0,0,644,1366.83,Rajasthan,Travel,1971,0
923.08,8,9,1,1,0,0,56,667.72,Maharashtra,Electronics,1990,0
4039.0,9,23,4,1,1,2,8,1277.89,Delhi,Clothing,1998,1
109.82,6,14,1,0,0,0,567,21.55,Maharashtra,Education,1985,0
12.17,7,7,1,0,0,0,202,848.44,Gujarat,Food,1989,0
92.11,1,19,1,1,0,1,208,93.26,Maharashtra,Grocery,1983,0
285.37,8,14,1,0,0,0,21,944.41,Karnataka,Electronics,1993,0
800.51,3,9,1,0,0,0,401,239.47,Rajasthan,Travel,1984,0
35.76,4,15,1,0,0,1,725,363.62,Tamil Nadu,Food,1998,0
11851.45,1,3,1,0,1,0,58,2334.52,Karnataka,Electronics,1999,1
1969.98,6,17,1,1,0,0,301,748.56,Tamil Nadu,Healthcare,1972,0
665.31,1,7,1,0,0,1,580,1648.71,Rajasthan,Travel,1989,0
1184.42,6,20,1,0,0,1,334,25.0,Maharashtra,Grocery,1975,0
1048.57,1,11,1,1,0,1,242,436.9,West Bengal,Grocery,1985,0
4323.86,7,21,1,1,0,0,625,191.4,Uttar Pradesh,Travel,1984,0
763.17,2,6,1,1,0,1,373,1919.09,Rajasthan,Utilities,1980,0
600.04,8,21,1,1,0,1,673,1178.23,Tamil Nadu,Grocery,1997,0
132.68,7,13,1,0,0,1,481,1783.72,Rajasthan,Entertainment,1987,0
146.07,3,19,1,0,0,0,429,177.95,Rajasthan,Fuel,1989,0
147.93,6,11,1,1,0,0,321,156.43,Kerala,Clothing,1990,0
673.47,7,19,1,0,0,0,633,1009.95,Rajasthan,Clothing,1987,0
3606.29,3,12,1,0,0,1,426,1512.37,Rajasthan,Electronics,1983,0
1010.0,5,19,1,0,0,1,432,111.11,Uttar Pradesh,Utilities,1995,0
2507.24,4,7,1,1,0,0,319,607.49,Uttar Pradesh,Fuel,1977,0
13123.41,29,1,1,1,1,1,4,605.18,Kerala,Fuel,1992,1
1025.16,5,11,1,1,0,0,110,5467.42,Karnataka,Fuel,1972,0
1490.07,2,10,1,0,0,0,42,442.61,West Bengal,Healthcare,1976,0
852.24,3,21,1,0,0,1,376,209.26,Uttar Pradesh,Healthcare,1996,0
272.51,1,15,1,1,0,1,635,178.99,Kerala,Electronics,1991,0
1105.69,5,7,1,1,0,0,200,2262.13,Rajasthan,Electronics,1978,0
2262.98,6,18,1,1,0,0,661,92.15,Rajasthan,Fuel,1981,0
84.84,8,9,1,1,0,1,557,1167.14,Tamil Nadu,Entertainment,1970,0
349.96,9,13,1,1,0,1,428,94.84,Karnataka,Electronics,1998,0
3131.51,1,21,1,0,0,1,225,591.29,Gujarat,Electronics,1988,0
844.01,9,20,1,1,0,1,501,1292.87,Maharashtra,Electronics,1974,0
3462.67,2,9,1,0,0,0,238,323.25,Uttar Pradesh,Food,1996,0
393.78,2,18,1,1,0,0,464,1000.14,Gujarat,Utilities,1972,0
3894.95,7,13,1,0,0,1,138,1691.05,Delhi,Clothing,1989,0
914.95,3,14,1,1,0,0,11,3309.15,Tamil Nadu,Entertainment,1998,0
710.63,6,19,1,1,0,0,184,1915.52,Kerala,Education,1986,0
747.19,8,11,1,0,0,1,381,1282.0,Telangana,Clothing,1980,0
1741.53,6,12,1,0,0,1,235,346.85,Delhi,Travel,1998,0
1019.34,9,17,1,1,0,0,548,558.97,Gujarat,Healthcare,1983,0
1379.25,9,14,1,1,0,0,726,1397.76,Rajasthan,Grocery,1992,0
22702.65,24,2,2,0,1,2,39,3296.9,Rajasthan,Fuel,1987,1
2270.32,7,15,1,0,0,0,518,1222.63,Kerala,Utilities,1978,0
685.05,2,19,1,0,0,1,655,1093.84,Kerala,Education,1970,0
513.39,4,21,1,1,0,0,176,1745.8,Kerala,Electronics,1995,0
251.35,8,8,1,0,0,1,81,458.41,Karnataka,Education,1980,0
1281.85,6,8,1,1,0,1,137,31.2,Kerala,Fuel,1970,0
1183.58,10,23,4,0,0,0,26,1395.33,Delhi,Entertainment,1976,1
737.69,7,15,1,0,0,0,21,848.63,West Bengal,Electronics,1982,0
634.07,3,14,1,0,0,1,711,2583.54,Telangana,Utilities,1972,0
262.86,2,21,1,0,0,0,174,2595.69,Delhi,Education,1971,0
674.86,6,19,1,0,0,1,215,749.88,Uttar Pradesh,Electronics,1998,0
1612.02,8,19,1,1,0,0,520,3064.34,West Bengal,Grocery,1989,0
1001.15,9,14,1,0,0,1,657,809.91,Uttar Pradesh,Education,1987,0
2156.88,3,12,1,1,0,0,260,1483.28,Gujarat,Travel,1998,0
252.67,4,14,1,0,0,0,540,199.91,Gujarat,Fuel,1993,0
3689.94,5,19,1,0,0,0,62,593.86,West Bengal,Electronics,1972,0
924.9,6,13,1,1,0,0,41,192.9,West Bengal,Food,1988,0
1805.56,1,15,1,1,0,1,492,1765.6,Telangana,Healthcare,1978,0
1034.1,7,15,1,0,0,0,306,613.6,Telangana,Grocery,1979,0
400.48,3,18,1,0,0,0,665,1668.48,Telangana,Entertainment,1975,0
178.83,5,19,1,0,0,0,633,228.72,Gujarat,Clothing,1992,0
650.88,3,16,1,1,0,1,367,386.57,Karnataka,Entertainment,1982,0
5416.63,8,3,1,1,1,1,40,1788.07,Kerala,Entertainment,1982,1
854.03,5,18,1,0,0,1,393,258.65,Telangana,Utilities,1977,0
1173.09,8,9,1,0,0,1,583,763.65,Uttar Pradesh,Clothing,1984,0
1951.79,7,6,1,1,0,1,239,509.61,Kerala,Utilities,1974,0
135.12,1,13,1,1,0,0,247,393.71,Telangana,Food,1998,0
1191.63,1,9,1,0,0,0,62,1350.52,Uttar Pradesh,Food,1988,0
4993.72,8,19,1,1,0,1,155,2301.77,Rajasthan,Entertainment,1988,0
692.15,7,10,1,1,0,0,282,949.32,West Bengal,Fuel,1986,0
17020.45,14,1,4,2,0,1,56,1212.51,Maharashtra,Travel,1972,1
2287.13,10,5,3,1,0,1,45,2765.32,Kerala,Fuel,1996,1
1335.76,6,12,1,1,0,0,630,185.95,Uttar Pradesh,Fuel,1980,0
2188.69,6,14,1,0,0,1,262,1673.98,West Bengal,Healthcare,1980,0
976.77,2,9,1,0,0,0,241,2943.39,Gujarat,Fuel,1984,0
403.88,4,16,1,1,0,1,606,5257.13,West Bengal,Food,1993,0
1678.48,9,21,1,1,0,0,538,79.15,Karnataka,Education,1975,0
395.72,8,8,1,0,0,0,496,1286.43,West Bengal,Clothing,1981,0
1674.08,3,17,1,0,0,0,563,660.27,Kerala,Clothing,1980,0
1951.45,3,20,1,1,0,1,102,238.22,Kerala,Utilities,1975,0
64.85,7,13,1,1,0,0,165,38.3,Kerala,Clothing,1980,0
871.32,2,16,1,1,0,1,312,328.09,Tamil Nadu,Utilities,1984,0
573.89,7,13,1,1,0,0,474,778.73,Uttar Pradesh,Utilities,1983,0
259.42,6,19,1,0,0,1,150,396.31,Kerala,Education,1981,0
2464.04,8,12,1,1,0,0,391,367.51,Karnataka,Utilities,1999,0
203.78,3,12,1,0,0,0,313,1369.51,West Bengal,Grocery,1989,0
1282.86,6,6,1,0,0,1,188,4420.59,Tamil Nadu,Healthcare,1980,0
212.19,1,6,1,0,0,0,430,2653.18,Karnataka,Grocery,1998,0
471.65,8,21,1,0,0,1,32,1369.66,Uttar Pradesh,Healthcare,1995,0
1252.82,2,13,1,0,0,1,459,2235.31,Delhi,Travel,1972,0
407.31,8,9,1,0,0,1,106,1261.12,Karnataka,Education,1972,0
464.26,1,8,1,1,0,0,272,198.23,Kerala,Fuel,1971,0
222.46,6,9,1,1,0,1,498,670.44,Karnataka,Entertainment,1986,0
892.24,8,8,1,0,0,1,171,1611.77,Tamil Nadu,Travel,1970,0
1242.81,9,14,1,0,0,0,73,3380.24,Kerala,Healthcare,1976,0
2134.43,4,18,1,1,0,0,528,1733.9,Karnataka,Grocery,1985,0
6910.26,1,10,1,1,0,0,604,251.16,West Bengal,Fuel,1986,0
3664.51,7,16,1,0,0,0,638,914.51,Maharashtra,Food,1983,0
1453.69,6,16,1,0,0,1,422,13.64,Karnataka,Fuel,1987,0
4336.41,7,12,1,0,0,0,351,133.81,Maharashtra,Travel,1994,0
768.7,3,13,1,1,0,1,539,1295.45,Uttar Pradesh,Clothing,1971,0
518.45,6,15,1,0,0,0,301,870.48,Telangana,Healthcare,1996,0
743.06,9,17,1,0,0,1,619,222.43,Telangana,Travel,1986,0
1602.31,1,17,1,1,0,1,585,3199.62,Telangana,Clothing,1991,0
2413.97,7,6,1,1,0,1,535,277.11,Rajasthan,Fuel,1978,0
571.01,8,7,1,0,0,0,9,605.5,Telangana,Utilities,1995,0
268.29,8,9,1,0,0,0,167,290.54,Rajasthan,Electronics,1981,0
1517.15,6,10,1,0,0,1,464,840.89,Rajasthan,Food,1998,0
3216.94,22,1,1,2,0,2,29,8393.71,West Bengal,Travel,1989,1
1599.28,6,16,1,0,0,1,259,157.16,Kerala,Electronics,1988,0
944.65,7,19,1,0,0,1,614,2291.51,Delhi,Food,1998,0
4896.95,27,22,4,1,0,1,44,2723.31,Tamil Nadu,Electronics,1991,1
127.46,4,13,1,1,0,0,160,829.64,Uttar Pradesh,Electronics,1975,0
28.03,1,6,1,1,0,0,86,1080.64,Tamil Nadu,Fuel,1991,0
931.71,6,9,1,0,0,0,707,78.47,West Bengal,Fuel,1990,0
399.74,9,13,1,1,0,0,708,997.25,Rajasthan,Fuel,1982,0
990.21,7,12,1,1,0,0,40,616.21,Uttar Pradesh,Fuel,1995,0
1571.13,6,10,1,0,0,1,56,1347.77,Tamil Nadu,Utilities,1978,0
529.71,6,9,1,0,0,1,271,114.7,Delhi,Utilities,1999,0
843.76,9,21,1,1,0,0,136,475.45,Gujarat,Entertainment,1999,0
248.75,19,1,4,2,1,2,10,4228.71,Telangana,Fuel,1979,1
4260.86,7,17,1,0,0,0,319,717.04,Gujarat,Travel,1999,0
10.0,8,17,1,0,0,0,533,528.91,Karnataka,Travel,1975,0
104.58,1,20,1,1,0,1,370,110.65,Tamil Nadu,Healthcare,1994,0
347.7,7,15,1,0,0,0,50,251.02,Rajasthan,Electronics,1975,0
4369.49,4,21,1,0,0,1,166,194.73,Telangana,Travel,1990,0
1135.24,3,19,1,1,0,1,244,1483.49,Maharashtra,Fuel,1995,0
582.51,9,7,1,1,0,0,463,792.89,Maharashtra,Healthcare,1998,0
328.75,6,6,1,0,0,1,447,1425.93,Telangana,Fuel,1980,0
324.12,2,12,1,0,0,0,667,830.46,Kerala,Travel,1974,0
1011.45,2,16,1,0,0,0,19,353.43,Uttar Pradesh,Grocery,1988,0
827.08,7,9,1,1,0,0,208,187.54,Gujarat,Travel,1983,0
513.05,3,7,1,0,0,1,322,5787.95,Telangana,Entertainment,1972,0
1537.25,4,15,1,0,0,1,173,34.64,Delhi,Travel,1985,0
631.44,9,11,1,1,0,0,271,338.66,Karnataka,Food,1979,0
1649.63,2,11,1,0,0,0,454,2884.37,Rajasthan,Grocery,1991,0
609.12,1,11,1,1,0,1,125,206.56,Delhi,Utilities,1984,0
213.13,2,8,1,0,0,1,712,1120.65,Kerala,Utilities,1979,0
1292.16,9,15,1,0,0,1,616,136.35,Rajasthan,Grocery,1986,0
2628.71,3,20,1,1,0,1,188,396.79,Gujarat,Clothing,1971,0
1421.95,9,11,1,0,0,1,438,3986.25,Telangana,Entertainment,1984,0
2424.06,9,17,1,1,0,1,223,1737.58,Karnataka,Electronics,1992,0
1896.02,2,21,1,0,0,0,377,3182.93,Gujarat,Food,1975,0
682.75,9,14,1,0,0,1,354,2159.21,Kerala,Fuel,1983,0
385.68,5,14,1,0,0,0,209,53.41,Uttar Pradesh,Electronics,1996,0
334.95,9,8,1,1,0,1,573,219.51,Delhi,Travel,1994,0
560.92,5,6,1,1,0,0,280,1304.61,Maharashtra,Electronics,1989,0
605.45,8,9,1,0,0,1,296,489.69,Uttar Pradesh,Electronics,1993,0
2492.67,4,10,1,0,0,1,267,1701.88,Uttar Pradesh,Healthcare,1986,0
10.0,6,7,1,0,0,1,424,1689.99,Uttar Pradesh,Clothing,1988,0
16.89,7,11,1,0,0,1,498,195.0,Gujarat,Fuel,1998,0
271.06,8,17,1,1,0,0,286,591.11,Uttar Pradesh,Grocery,1997,0
574.78,3,15,1,0,0,0,24,676.34,Kerala,Grocery,1993,0
6250.04,7,8,1,0,0,0,386,306.62,Delhi,Grocery,1985,0
18.25,6,10,1,0,0,0,479,961.39,Gujarat,Utilities,1992,0
1079.78,8,13,1,1,0,1,511,666.36,Telangana,Education,1999,0
148.08,7,14,1,1,0,0,214,1297.41,Kerala,Healthcare,1998,0
1083.97,8,14,1,0,0,1,37,843.91,Telangana,Healthcare,1988,0
17.97,8,15,1,0,0,0,201,114.19,West Bengal,Food,1996,0
1150.36,2,11,1,1,0,0,520,74.65,Kerala,Fuel,1989,0
713.7,7,10,1,1,0,0,444,5227.45,Gujarat,Clothing,1985,0
1326.12,8,11,1,1,0,0,422,240.46,Kerala,Utilities,1997,0
10.88,2,19,1,0,0,1,216,1388.13,West Bengal,Healthcare,1980,0
4681.82,7,6,1,0,0,1,510,2120.24,Uttar Pradesh,Food,1988,0
194.6,1,19,1,0,0,0,604,662.09,West Bengal,Healthcare,1977,0
37.91,2,12,1,0,0,0,436,57.94,Kerala,Entertainment,1992,0
1747.1,8,13,1,1,0,0,265,10.0,Gujarat,Clothing,1987,0
386.07,2,17,1,1,0,0,74,260.05,Maharashtra,Fuel,1991,0
267.79,1,8,1,1,0,0,52,1502.94,Telangana,Travel,1990,0
3314.25,2,20,1,1,0,0,247,884.86,West Bengal,Electronics,1977,0
574.33,7,18,1,0,0,0,421,412.16,Uttar Pradesh,Grocery,1990,0
2024.9,6,7,1,0,0,0,617,1325.61,Telangana,Fuel,1997,0
1627.03,9,21,1,1,0,1,4,1233.36,Tamil Nadu,Electronics,1986,0
937.17,1,12,1,0,0,0,254,1080.87,Uttar Pradesh,Electronics,1981,0
345.88,6,10,1,1,0,0,172,198.52,Maharashtra,Utilities,1989,0
1317.65,8,13,1,1,0,0,300,1255.51,West Bengal,Food,1998,0
1002.25,7,13,1,0,0,0,457,544.31,Rajasthan,Education,1986,0
123.3,4,7,1,1,0,0,52,131.49,Tamil Nadu,Education,1978,0
2058.32,4,9,1,0,0,1,115,1038.8,Karnataka,Grocery,1992,0
659.97,9,21,1,1,0,1,76,1295.99,Delhi,Healthcare,1980,0
1978.69,6,8,1,0,0,1,96,173.93,Kerala,Fuel,1996,0
1504.86,6,6,1,0,0,0,83,508.11,Gujarat,Clothing,1994,0
2016.18,1,20,1,0,0,0,558,479.63,Kerala,Clothing,1981,0
309.18,6,6,1,0,0,1,193,998.22,Delhi,Utilities,1985,0
388.6,1,17,1,1,0,0,634,157.57,Uttar Pradesh,Grocery,1972,0
832.47,3,13,1,0,0,0,255,1381.6,Karnataka,Entertainment,1997,0
1348.22,4,18,1,0,0,0,383,319.27,Karnataka,Travel,1975,0
19978.78,20,22,3,0,1,0,31,3758.45,Kerala,Utilities,1989,1
382.1,8,11,1,1,0,1,328,2326.78,Uttar Pradesh,Healthcare,1970,0
601.85,2,17,1,1,0,0,476,2447.82,Karnataka,Healthcare,1980,0
2096.81,1,17,1,0,0,0,233,2003.33,West Bengal,Grocery,1992,0
644.65,9,13,1,1,0,1,509,1087.56,Uttar Pradesh,Food,1988,0
175.69,5,6,1,0,0,1,45,1125.03,Delhi,Education,1978,0
1723.01,4,11,1,1,0,0,23,68.19,Gujarat,Entertainment,1980,0
2823.67,1,16,1,0,0,0,534,1409.47,Kerala,Entertainment,1987,0
357.17,5,13,1,1,0,0,144,373.77,Delhi,Electronics,1971,0
1707.57,8,17,1,0,0,1,453,2941.69,Uttar Pradesh,Travel,1981,0
1567.19,9,12,1,1,0,1,256,225.63,Gujarat,Entertainment,1995,0
110.28,9,13,1,0,0,1,209,1316.0,Delhi,Food,1983,0
669.07,4,17,1,0,0,0,678,1657.82,Karnataka,Grocery,1981,0
293.05,3,14,1,0,0,0,690,1953.09,Gujarat,Grocery,1999,0
2500.03,18,0,2,2,1,0,37,2725.87,Telangana,Travel,1972,1
417.73,2,19,1,1,0,1,651,1607.87,Tamil Nadu,Utilities,1993,0
876.44,2,13,1,0,0,1,551,773.67,Maharashtra,Healthcare,1994,0
5917.74,4,18,1,0,0,0,385,3261.42,Uttar Pradesh,Fuel,1997,0
123.1,2,12,1,1,0,1,463,433.51,West Bengal,Healthcare,1985,0
1629.1,1,14,1,1,0,0,346,5377.3,Delhi,Fuel,1986,0
555.45,9,16,1,1,0,1,161,745.99,Maharashtra,Food,1973,0
1078.07,7,14,1,1,0,1,400,133.92,Gujarat,Entertainment,1972,0
2104.55,7,10,1,1,0,1,27,3105.44,Tamil Nadu,Food,1989,0
2058.07,3,21,1,0,0,1,462,48.53,West Bengal,Food,1970,0
1079.21,5,13,1,1,0,0,58,1150.46,Kerala,Grocery,1982,0
27.98,4,7,1,0,0,1,385,980.91,Tamil Nadu,Travel,1971,0
964.13,6,7,1,0,0,0,240,91.09,Telangana,Entertainment,1980,0
414.31,7,14,1,1,0,0,606,804.55,Uttar Pradesh,Utilities,1980,0
297.04,3,8,1,0,0,1,387,32.55,Maharashtra,Travel,1976,0
5627.5,8,16,1,0,0,1,559,260.86,West Bengal,Education,1995,0
1459.85,3,20,1,0,0,0,453,7454.98,Delhi,Grocery,1996,0
3791.0,3,6,1,1,0,1,107,184.9,Gujarat,Fuel,1973,0
95.52,5,20,1,0,0,1,321,927.69,Karnataka,Grocery,1978,0
2379.52,14,4,3,0,0,1,34,662.46,Tamil Nadu,Clothing,1987,1
2433.29,7,18,1,0,0,0,301,203.3,Telangana,Entertainment,1989,0
5211.84,4,7,1,1,0,0,200,636.77,Telangana,Utilities,1971,0
1439.73,9,13,1,1,0,0,101,267.18,Karnataka,Electronics,1975,0
1009.76,8,15,1,0,0,0,44,772.15,Tamil Nadu,Food,1984,0
63.31,7,7,1,1,0,0,345,555.75,Rajasthan,Fuel,1989,0
746.6,1,12,1,0,0,1,516,318.68,West Bengal,Food,1986,0
3119.21,5,20,1,1,0,0,125,338.39,Gujarat,Electronics,1980,0
782.53,2,9,1,1,0,0,287,2043.88,Gujarat,Education,1996,0
1271.2,5,9,1,1,0,0,617,83.84,Karnataka,Food,1976,0
422.55,6,8,1,1,0,1,497,2169.24,Delhi,Food,1990,0
1047.66,8,13,1,1,0,1,145,450.0,Gujarat,Food,1984,0
183.89,4,18,1,1,0,0,160,649.61,Kerala,Utilities,1997,0
210.95,7,21,1,0,0,0,660,760.53,Rajasthan,Entertainment,1973,0
601.61,7,15,1,0,0,0,135,626.41,Telangana,Healthcare,1972,0
111.77,9,20,1,0,0,0,728,512.36,Maharashtra,Entertainment,1975,0
349.44,3,6,1,0,0,1,342,725.88,Rajasthan,Travel,1999,0
302.29,2,17,1,1,0,1,547,168.9,West Bengal,Grocery,1991,0
1796.99,5,7,1,1,0,1,314,10.0,Gujarat,Fuel,1987,0
183.92,7,14,1,1,0,1,625,591.65,Rajasthan,Electronics,1996,0
439.58,4,15,1,1,0,1,234,1897.87,Karnataka,Healthcare,1978,0
1639.57,7,19,1,1,0,1,170,152.5,Karnataka,Food,1980,0
630.9,7,6,1,0,0,1,694,1441.28,Karnataka,Travel,1998,0
353.8,9,18,1,1,0,1,528,1209.53,Tamil Nadu,Clothing,1978,0
4851.04,19,5,4,1,0,0,57,3078.37,Karnataka,Entertainment,1972,1
297.62,9,21,1,0,0,1,219,2926.94,Gujarat,Entertainment,1975,0
1418.92,4,18,1,0,0,1,282,119.4,Telangana,Education,1992,0
111.98,8,9,1,1,0,0,548,255.11,Uttar Pradesh,Travel,1979,0
79.55,5,9,1,0,0,0,445,281.77,Kerala,Grocery,1972,0
583.5,5,17,1,0,0,0,47,899.09,Maharashtra,Electronics,1972,0
706.12,2,16,1,1,0,1,568,628.85,Uttar Pradesh,Education,1984,0
1367.33,2,12,1,1,0,1,357,1706.25,Delhi,Healthcare,1970,0
471.73,4,8,1,1,0,1,671,2847.93,Gujarat,Clothing,1974,0
874.44,1,19,1,1,0,1,329,813.84,Uttar Pradesh,Grocery,1977,0
454.37,3,17,1,1,0,0,44,297.45,Uttar Pradesh,Utilities,1996,0
282.79,6,9,1,0,0,0,350,1580.52,Delhi,Entertainment,1979,0
641.01,7,18,1,1,0,1,630,1659.5,Karnataka,Fuel,1984,0
43.84,4,15,1,0,0,1,350,1156.63,West Bengal,Food,1975,0
2266.29,1,9,1,0,0,0,83,362.0,Gujarat,Fuel,1986,0
427.1,6,13,1,1,0,0,686,119.89,Telangana,Healthcare,1986,0
324.72,4,20,1,0,0,0,129,1999.29,Rajasthan,Travel,1973,0
310.72,7,12,1,0,0,1,508,37.92,Tamil Nadu,Entertainment,1979,0
2068.86,4,7,1,1,0,1,28,1229.61,Delhi,Food,1975,0
4350.14,5,20,1,1,0,0,303,648.76,Maharashtra,Food,1990,0
710.05,6,7,1,1,0,1,74,1869.38,Tamil Nadu,Grocery,1987,0
303.8,3,7,1,0,0,0,407,1034.65,Kerala,Food,1977,0
2000.2,9,18,1,1,0,1,176,1825.59,West Bengal,Clothing,1992,0
1056.34,2,17,1,0,0,0,119,1270.49,Telangana,Healthcare,1975,0
80.84,2,6,1,0,0,0,219,560.86,Kerala,Entertainment,1996,0
511.8,7,12,1,1,0,0,300,624.33,Kerala,Utilities,1983,0
259.8,9,13,1,1,0,0,25,841.37,Telangana,Fuel,1987,0
897.45,6,19,1,1,0,1,25,91.98,Kerala,Education,1987,0
152.18,4,11,1,0,0,1,293,970.46,Tamil Nadu,Clothing,1985,0
1797.84,1,14,1,0,0,0,298,760.74,Karnataka,Clothing,1995,0
4858.38,23,22,3,1,1,1,9,3554.73,Telangana,Utilities,1987,1
1301.46,4,16,1,0,0,1,127,250.33,Tamil Nadu,Food,1972,0
378.35,8,12,1,0,0,0,537,1016.76,Gujarat,Electronics,1972,0
1096.49,1,13,1,1,0,0,705,640.43,Kerala,Healthcare,1979,0
1563.33,4,14,1,1,0,1,654,234.18,Gujarat,Fuel,1989,0
1342.84,6,13,1,0,0,0,67,259.23,Telangana,Fuel,1982,0
2694.93,5,12,1,0,0,1,612,580.31,Tamil Nadu,Education,1973,0
2096.28,2,6,1,1,0,1,345,731.58,Rajasthan,Utilities,1981,0
872.26,4,6,1,0,0,1,715,1088.05,Rajasthan,Clothing,1995,0
448.61,7,17,1,1,0,0,443,1073.35,Kerala,Healthcare,1996,0
133.2,7,13,1,0,0,0,171,1884.39,West Bengal,Healthcare,1982,0
944.13,3,18,1,1,0,0,102,2551.64,Delhi,Food,1976,0
13703.01,19,4,3,0,0,1,5,1511.42,Delhi,Utilities,1970,1
982.53,3,6,1,1,0,1,679,3207.32,Kerala,Clothing,1971,0
2914.58,1,14,1,0,0,0,44,10.0,Kerala,Education,1991,0
637.38,7,13,1,0,0,1,520,935.96,West Bengal,Grocery,1973,0
1649.09,4,10,1,0,0,1,527,10.0,Tamil Nadu,Grocery,1982,0
5745.06,1,1,3,0,0,0,37,2713.9,Telangana,Electronics,1981,1
1042.24,5,6,1,1,0,1,325,367.64,Tamil Nadu,Fuel,1989,0
86.03,2,8,1,0,0,1,140,326.28,Gujarat,Healthcare,1975,0
1002.96,14,23,1,0,1,2,19,8150.51,Telangana,Fuel,1989,1
168.21,1,20,1,0,0,1,342,1362.75,Karnataka,Healthcare,1991,0
364.78,3,20,1,0,0,0,322,548.49,Gujarat,Clothing,1986,0
2070.31,6,17,1,0,0,1,541,799.69,Tamil Nadu,Healthcare,1973,0
717.68,9,14,1,1,0,1,668,1260.26,Delhi,Fuel,1970,0
2505.5,4,21,1,0,0,1,83,126.73,Gujarat,Education,1974,0
1195.16,6,10,1,0,0,1,392,172.49,Tamil Nadu,Food,1999,0
1951.31,1,16,1,0,0,1,700,32.95,Delhi,Food,1974,0
654.04,4,18,1,1,0,1,546,1359.9,Tamil Nadu,Education,1983,0
633.27,7,8,1,1,0,1,435,601.05,Telangana,Fuel,1972,0
873.42,6,20,1,1,0,1,233,1493.42,Uttar Pradesh,Travel,1989,0
2968.88,5,7,1,0,0,1,414,1290.5,Kerala,Grocery,1995,0
302.87,8,6,1,1,0,1,127,75.65,Uttar Pradesh,Entertainment,1997,0
301.78,4,6,1,1,0,0,73,191.43,Karnataka,Clothing,1998,0
138.78,3,6,1,0,0,0,399,1501.76,Telangana,Entertainment,1971,0
708.5,1,10,1,0,0,1,723,1569.59,Maharashtra,Electronics,1999,0
1898.11,4,20,1,1,0,0,239,395.33,Gujarat,Education,1978,0
828.37,2,18,1,1,0,1,1,1110.44,Maharashtra,Healthcare,1992,0
759.75,7,8,1,1,0,1,133,357.26,Gujarat,Grocery,1994,0
571.88,8,21,1,0,0,1,231,98.91,Maharashtra,Entertainment,1981,0
419.76,5,16,1,1,0,1,404,1203.8,Karnataka,Utilities,1978,0
1775.98,27,1,1,2,1,0,15,6600.4,Delhi,Electronics,1975,1
6215.89,8,20,1,1,0,1,202,3566.67,Rajasthan,Travel,1982,0
478.44,4,9,1,0,0,0,293,515.91,Uttar Pradesh,Healthcare,1983,0
1045.74,3,13,1,1,0,0,170,129.64,Delhi,Grocery,1992,0
2135.72,6,20,1,1,0,0,502,654.5,Gujarat,Healthcare,1991,0
2346.54,4,9,1,1,0,1,149,686.9,Telangana,Utilities,1983,0
331.02,4,17,1,0,0,1,319,185.9,Telangana,Fuel,1986,0
2495.85,2,9,1,1,0,1,572,1005.76,Kerala,Fuel,1990,0
2696.95,6,9,1,0,0,1,50,1419.31,Karnataka,Food,1978,0
503.57,9,7,1,0,0,0,222,397.78,West Bengal,Food,1985,0
1235.67,9,15,1,0,0,0,725,257.72,Kerala,Education,1999,0
411.28,8,17,1,1,0,0,497,525.37,West Bengal,Grocery,1983,0
784.25,7,21,1,1,0,0,95,918.51,Uttar Pradesh,Entertainment,1993,0
2946.54,7,8,1,1,0,1,620,1369.29,Telangana,Travel,1992,0
1234.02,5,9,1,1,0,0,356,97.45,Uttar Pradesh,Clothing,1994,0
2392.79,4,7,1,0,0,1,526,326.61,Maharashtra,Grocery,1971,0
1865.44,7,11,1,0,0,1,464,1237.67,Karnataka,Clothing,1982,0
1959.46,3,17,1,1,0,0,589,764.25,Kerala,Healthcare,1971,0
1119.8,2,7,1,0,0,0,239,545.01,Tamil Nadu,Clothing,1971,0
2712.13,2,19,1,1,0,1,57,2204.03,Delhi,Utilities,1992,0
737.3,7,19,1,1,0,0,629,182.66,Rajasthan,Grocery,1993,0
1961.8,9,21,1,1,0,1,504,4124.2,Maharashtra,Grocery,1979,0
429.32,9,21,1,1,0,0,306,1011.71,Delhi,Travel,1995,0
5447.62,6,20,1,0,0,1,601,528.06,Gujarat,Education,1971,0
208.79,9,11,1,1,0,1,443,1895.18,Telangana,Travel,1998,0
1852.79,2,21,1,1,0,0,576,655.09,Kerala,Travel,1997,0
4662.85,2,13,1,0,0,1,118,119.03,Uttar Pradesh,Food,1977,0
3183.81,8,6,1,0,0,0,552,1330.95,Delhi,Electronics,1979,0
582.71,8,13,1,0,0,1,138,24.84,Delhi,Food,1990,0
3970.2,5,1,3,0,0,0,48,2741.97,Uttar Pradesh,Food,1971,1
511.19,8,7,1,0,0,0,494,1306.97,Maharashtra,Food,1997,0
1564.91,3,8,1,1,0,0,341,2102.53,West Bengal,Utilities,1980,0
4105.36,23,2,4,1,0,0,5,3425.41,Rajasthan,Healthcare,1999,1
1859.75,2,6,1,1,0,1,319,129.75,Telangana,Electronics,1993,0
1019.18,5,9,1,1,0,0,252,42.12,Rajasthan,Grocery,1989,0
142.84,1,7,1,1,0,0,622,895.28,Maharashtra,Fuel,1986,0
687.6,3,20,1,0,0,0,178,559.34,Delhi,Fuel,1975,0
167.34,9,21,1,0,0,0,266,302.85,Uttar Pradesh,Entertainment,1973,0
261.1,1,20,1,1,0,0,28,584.35,Karnataka,Fuel,1985,0
1336.86,1,19,1,0,0,0,483,472.25,West Bengal,Fuel,1974,0
262.82,3,11,1,1,0,0,571,107.22,West Bengal,Fuel,1993,0
782.47,2,19,1,1,0,0,19,128.14,Telangana,Utilities,1972,0
3145.82,5,13,1,1,0,0,641,44.81,Maharashtra,Food,1990,0
417.76,6,17,1,1,0,0,35,2142.27,Maharashtra,Entertainment,1994,0
2358.85,4,16,1,0,0,0,434,345.67,Karnataka,Food,1995,0
42.99,6,14,1,1,0,1,456,1681.4,Delhi,Clothing,1978,0
950.46,3,11,1,1,0,1,700,1342.0,Uttar Pradesh,Utilities,1986,0
1040.63,1,11,1,1,0,0,480,1825.35,Uttar Pradesh,Entertainment,1981,0
2707.89,5,18,1,0,0,0,33,870.82,Kerala,Education,1983,0
330.27,9,10,1,1,0,0,323,890.78,Gujarat,Food,1997,0
2315.61,9,15,1,1,0,0,397,38.4,West Bengal,Healthcare,1998,0
21513.86,25,22,1,1,0,0,49,3057.96,Karnataka,Electronics,1972,1
173.19,8,17,1,0,0,1,704,130.68,West Bengal,Food,1988,0
214.24,3,10,1,0,0,0,136,601.46,Maharashtra,Grocery,1979,0
345.37,2,7,1,0,0,1,246,109.74,Kerala,Travel,1995,0
40.33,3,9,1,0,0,1,520,562.26,Kerala,Utilities,1995,0
557.11,9,17,1,1,0,0,479,4255.69,Karnataka,Entertainment,1998,0
1386.43,5,14,1,1,0,0,409,3608.19,Karnataka,Travel,1982,0
202.93,6,9,1,0,0,1,473,230.27,Kerala,Utilities,1980,0
188.09,8,9,1,1,0,1,64,2466.71,Karnataka,Clothing,1976,0
1087.73,1,11,1,0,0,1,7,159.34,Rajasthan,Electronics,1992,0
338.19,6,21,1,0,0,0,456,2380.43,Uttar Pradesh,Travel,1995,0
1599.48,3,15,1,1,0,0,604,471.81,Gujarat,Entertainment,1988,0
92.05,1,13,1,0,0,1,56,2347.72,Karnataka,Food,1995,0
1049.16,4,18,1,1,0,0,655,1556.05,Maharashtra,Healthcare,1977,0
448.35,8,11,1,1,0,0,241,227.44,Tamil Nadu,Clothing,1983,0
2439.4,2,5,1,2,0,2,12,5015.59,Gujarat,Fuel,1972,1
197.02,1,14,1,1,0,0,50,169.93,Telangana,Healthcare,1977,0
1627.5,5,20,1,1,0,1,700,754.01,Uttar Pradesh,Healthcare,1976,0
612.82,5,10,1,0,0,1,309,210.6,Kerala,Clothing,1977,0
1681.1,5,13,1,1,0,1,513,894.27,Maharashtra,Entertainment,1988,0
1520.21,9,17,1,0,0,0,413,532.62,Karnataka,Food,1991,0
2863.67,4,20,1,1,0,1,188,751.2,Maharashtra,Clothing,1986,0
503.21,1,9,1,0,0,0,108,293.61,West Bengal,Utilities,1989,0
1794.59,4,8,1,0,0,0,576,955.23,Rajasthan,Grocery,1996,0
2368.36,2,6,1,1,0,1,267,5592.31,Maharashtra,Grocery,1982,0
406.34,9,21,1,0,0,1,465,2761.73,Kerala,Education,1983,0
1655.09,9,18,1,1,0,1,705,1753.26,Telangana,Utilities,1971,0
766.69,8,15,1,0,0,1,216,691.46,Delhi,Clothing,1998,0
172.18,18,22,3,2,0,2,20,822.94,Telangana,Clothing,1988,1
1341.34,3,7,1,1,0,0,128,508.32,West Bengal,Entertainment,1984,0
2409.68,3,14,1,1,0,0,461,2223.91,Kerala,Grocery,1993,0
2204.36,9,6,1,1,0,0,54,499.02,Rajasthan,Travel,1990,0
1110.17,8,8,1,1,0,1,253,359.3,West Bengal,Fuel,1995,0
2391.78,7,9,1,1,0,0,76,311.08,Telangana,Clothing,1994,0
938.7,1,14,1,0,0,1,242,241.53,West Bengal,Clothing,1986,0
1257.99,8,7,1,0,0,0,197,85.38,Telangana,Healthcare,1988,0
7708.6,28,3,3,2,0,1,17,3571.27,West Bengal,Electronics,1991,1
1595.43,5,20,1,0,0,1,158,1117.08,Kerala,Clothing,1995,0
379.23,4,6,1,0,0,0,371,1978.55,Maharashtra,Travel,1998,0
2314.99,9,15,1,0,0,0,191,550.8,Kerala,Fuel,1971,0
942.43,6,20,1,0,0,0,230,667.69,Karnataka,Education,1975,0
862.41,7,19,1,1,0,0,251,129.34,Kerala,Education,1980,0
7263.3,18,3,2,2,0,1,40,539.41,Tamil Nadu,Electronics,1985,1
1501.4,9,8,1,1,0,0,587,1097.43,Tamil Nadu,Electronics,1982,0
1082.66,2,18,1,0,0,0,285,1557.35,Rajasthan,Grocery,1997,0
699.79,1,17,1,0,0,0,396,2635.9,Rajasthan,Education,1998,0
673.17,9,6,1,0,0,0,406,118.41,Delhi,Electronics,1984,0
653.95,9,10,1,1,0,0,256,1464.36,Karnataka,Fuel,1979,0
656.57,8,17,1,0,0,1,156,795.15,Kerala,Fuel,1991,0
1154.38,6,18,1,0,0,0,564,1130.36,Delhi,Grocery,1993,0
315.86,2,10,1,1,0,0,112,662.1,Kerala,Healthcare,1997,0
921.68,6,6,1,0,0,0,32,1613.87,Telangana,Fuel,1971,0
820.69,9,21,1,1,0,0,475,679.74,Delhi,Healthcare,1973,0
1656.38,1,6,1,1,0,1,432,954.08,Uttar Pradesh,Fuel,1975,0
573.18,6,19,1,1,0,1,566,1688.48,Karnataka,Education,1979,0
5317.4,2,17,1,0,0,1,95,497.89,Gujarat,Utilities,1989,0
3851.09,8,9,1,0,0,1,373,1585.42,Telangana,Healthcare,1977,0
99.73,5,12,1,1,0,0,667,2684.79,Gujarat,Food,1970,0
653.45,3,10,1,0,0,0,281,1283.78,Karnataka,Fuel,1996,0
816.63,5,19,1,0,0,0,52,2599.51,Kerala,Food,1987,0
309.08,1,11,1,0,0,0,505,711.23,Telangana,Entertainment,1983,0
70.07,3,10,1,1,0,0,207,151.77,Telangana,Healthcare,1980,0
253.64,3,20,1,1,0,1,232,55.04,Tamil Nadu,Grocery,1998,0
1847.98,7,11,1,1,0,0,655,3265.57,Gujarat,Entertainment,1970,0
2770.43,1,21,1,1,0,1,97,2670.9,Kerala,Healthcare,1977,0
162.37,8,6,1,1,0,1,205,478.87,Gujarat,Utilities,1977,0
996.59,7,20,1,1,0,1,379,332.38,Telangana,Education,1991,0
119.43,2,17,1,0,0,0,109,859.04,Telangana,Fuel,1999,0
7166.45,12,0,4,1,0,0,12,8033.4,West Bengal,Food,1982,1
2117.94,1,8,1,0,0,1,246,45.04,Karnataka,Entertainment,1999,0
1755.63,9,18,1,1,0,1,355,1133.57,Tamil Nadu,Utilities,1995,0
141.38,9,10,1,1,0,1,229,793.47,Tamil Nadu,Food,1981,0
125.69,4,6,1,0,0,1,240,452.04,Karnataka,Electronics,1988,0
775.15,5,21,1,0,0,1,8,3173.54,Telangana,Utilities,1973,0
2384.34,3,13,1,1,0,1,17,1051.74,Rajasthan,Food,1970,0
4575.43,12,3,3,1,1,0,38,2745.37,Gujarat,Education,1999,1
238.8,6,15,1,0,0,0,512,749.1,Rajasthan,Clothing,1985,0
566.3,6,18,1,0,0,0,80,473.03,West Bengal,Fuel,1996,0
2779.76,9,6,1,0,0,0,305,4263.42,Gujarat,Healthcare,1992,0
155.88,1,17,1,1,0,0,558,19.75,Rajasthan,Electronics,1980,0
1482.42,3,10,1,0,0,0,671,100.48,Maharashtra,Food,1975,0
1304.18,7,21,1,0,0,0,368,854.14,Uttar Pradesh,Grocery,1992,0
1196.5,6,6,1,1,0,0,365,1515.69,Delhi,Utilities,1989,0
3694.47,8,9,1,1,0,1,455,260.47,West Bengal,Clothing,1983,0
1154.59,6,8,1,0,0,0,59,862.38,Uttar Pradesh,Entertainment,1985,0
2006.26,1,18,1,1,0,1,405,1668.42,Uttar Pradesh,Education,1982,0
2381.31,5,21,1,1,0,1,477,127.37,Delhi,Electronics,1997,0
2041.09,5,8,1,0,0,1,297,499.59,Gujarat,Clothing,1994,0
3366.43,1,18,1,0,0,1,658,1714.64,Tamil Nadu,Utilities,1986,0
911.81,5,17,1,0,0,1,444,684.28,Telangana,Travel,1987,0
2079.49,1,10,1,1,0,0,27,392.16,Maharashtra,Travel,1992,0
14.97,8,17,1,1,0,1,601,198.75,Gujarat,Electronics,1992,0
738.63,5,9,1,0,0,1,520,460.7,Karnataka,Fuel,1970,0
787.02,7,15,1,1,0,0,143,111.89,Delhi,Electronics,1975,0
297.92,1,18,1,1,0,1,433,1586.59,Gujarat,Food,1988,0
258.83,4,17,1,0,0,1,590,573.34,Rajasthan,Entertainment,1982,0
770.29,5,17,1,0,0,0,65,850.3,Tamil Nadu,Education,1992,0
1463.99,7,13,1,0,0,0,638,579.82,Kerala,Fuel,1976,0
405.13,1,8,1,1,0,1,413,318.33,Delhi,Healthcare,1984,0
406.97,2,21,1,1,0,0,100,384.06,Karnataka,Education,1984,0
767.7,3,15,1,1,0,0,89,689.1,Karnataka,Food,1984,0
11364.07,5,1,3,1,0,1,25,3484.53,Karnataka,Entertainment,1997,1
2027.96,9,21,1,0,0,0,346,172.69,Telangana,Food,1989,0
1486.82,8,17,1,1,0,0,160,1285.54,Telangana,Grocery,1972,0
2771.31,2,17,1,1,0,1,339,935.09,Delhi,Education,1972,0
2817.69,6,0,2,0,1,1,33,955.31,Karnataka,Food,1996,1
831.05,27,1,1,2,0,0,27,1353.54,Telangana,Education,1978,1
3836.29,27,1,2,1,0,1,43,2358.05,Delhi,Travel,1988,1
4462.73,6,15,1,0,0,1,280,2474.76,West Bengal,Food,1999,0
807.72,2,15,1,1,0,1,286,379.17,Delhi,Healthcare,1999,0
2178.87,7,20,1,1,0,1,568,109.38,Delhi,Travel,1981,0
247.98,5,17,1,0,0,1,282,736.82,Karnataka,Fuel,1976,0
611.62,7,9,1,0,0,0,726,830.63,West Bengal,Utilities,1979,0
2035.24,2,11,1,0,0,1,459,1226.69,Uttar Pradesh,Utilities,1987,0
1641.83,6,20,1,1,0,0,41,181.55,Telangana,Utilities,1992,0
2315.84,2,6,1,0,0,1,551,1724.48,Karnataka,Electronics,1978,0
1748.78,4,10,1,1,0,0,341,137.93,Uttar Pradesh,Entertainment,1976,0
683.63,3,13,1,0,0,1,705,818.36,Uttar Pradesh,Education,1982,0
762.56,3,10,1,0,0,0,322,154.96,Kerala,Education,1999,0
2506.98,3,18,1,1,0,0,274,3281.47,Maharashtra,Healthcare,1975,0
151.78,3,13,1,0,0,0,574,111.18,Tamil Nadu,Food,1975,0
5132.06,22,0,2,0,1,0,45,3546.65,Karnataka,Clothing,1980,1
4393.78,6,13,1,0,0,1,590,323.36,West Bengal,Fuel,1987,0
2037.3,1,20,1,1,0,1,557,432.89,Telangana,Travel,1973,0
280.08,4,17,1,0,0,1,705,178.28,Uttar Pradesh,Travel,1988,0
967.95,5,10,1,1,0,0,101,527.4,Kerala,Utilities,1982,0
582.39,1,13,1,0,0,0,460,1074.31,Rajasthan,Travel,1971,0
957.14,4,9,1,1,0,0,396,24.34,Maharashtra,Travel,1996,0
732.39,1,13,1,0,0,0,166,10.0,Karnataka,Utilities,1997,0
825.1,2,19,1,0,0,0,241,1367.85,West Bengal,Education,1999,0
304.25,2,7,1,1,0,0,663,671.92,Karnataka,Food,1976,0
2264.71,3,10,1,0,0,1,268,23.42,Karnataka,Grocery,1993,0
5810.4,23,22,3,0,1,0,31,4591.64,West Bengal,Utilities,1992,1
2264.81,3,8,1,1,0,1,694,1215.08,West Bengal,Food,1980,0
1942.82,7,2,4,0,1,2,32,6710.67,Gujarat,Healthcare,1987,1
1908.65,1,13,1,1,0,1,703,752.73,Delhi,Fuel,1970,0
220.76,8,7,1,0,0,1,413,37.82,Kerala,Utilities,1992,0
184.61,8,7,1,0,0,1,149,502.99,Karnataka,Entertainment,1994,0
29.17,3,21,1,1,0,0,337,204.28,Tamil Nadu,Food,1993,0
277.27,1,11,1,0,0,1,164,236.19,Delhi,Travel,1988,0
795.75,4,12,1,0,0,0,640,1671.56,Telangana,Grocery,1989,0
4664.06,2,15,1,0,0,0,241,1740.11,West Bengal,Education,1976,0
65.34,2,16,1,0,0,0,136,698.26,Kerala,Healthcare,1999,0
1369.68,7,21,1,0,0,0,499,3118.33,Tamil Nadu,Electronics,1978,0
1498.95,8,12,1,1,0,1,418,1139.64,Uttar Pradesh,Fuel,1992,0
10361.03,14,3,1,1,1,1,26,667.66,Kerala,Clothing,1997,1
1057.13,5,14,1,0,0,0,17,3980.06,Gujarat,Food,1991,0
241.01,7,13,1,0,0,1,232,597.91,Telangana,Food,1997,0
286.86,2,9,1,0,0,0,672,705.02,Kerala,Healthcare,1979,0
2343.55,5,9,1,1,0,1,291,431.75,Rajasthan,Food,1989,0
1012.96,5,14,1,1,0,0,178,1071.36,Delhi,Clothing,1993,0
1288.71,7,7,1,1,0,0,533,710.82,West Bengal,Fuel,1998,0
1468.96,8,10,1,1,0,1,443,798.36,Uttar Pradesh,Electronics,1991,0
1236.56,4,14,1,0,0,0,16,472.12,Uttar Pradesh,Food,1981,0
1633.05,2,11,1,1,0,1,401,1180.61,Delhi,Food,1995,0
64.92,9,13,1,0,0,1,402,190.03,Tamil Nadu,Healthcare,1992,0
3978.75,7,6,1,0,0,0,332,76.27,Maharashtra,Travel,1985,0
1788.92,6,13,1,0,0,1,341,430.86,Karnataka,Entertainment,1996,0
1206.84,5,19,1,1,0,0,557,73.95,Karnataka,Grocery,1991,0
2077.95,5,13,1,1,0,0,108,1100.54,West Bengal,Fuel,1991,0
3367.98,8,4,1,1,0,1,35,5156.61,Telangana,Travel,1980,1
1396.37,2,20,1,1,0,1,200,200.03,Uttar Pradesh,Entertainment,1982,0
112.86,5,16,1,0,0,0,97,129.1,Rajasthan,Travel,1977,0
494.12,7,16,1,1,0,0,535,1457.35,West Bengal,Travel,1977,0
119.81,4,9,1,0,0,1,347,2610.4,Kerala,Travel,1981,0
417.2,1,10,1,1,0,1,223,962.55,Rajasthan,Electronics,1985,0
2288.16,9,8,1,0,0,0,415,1194.88,Delhi,Utilities,1970,0
557.91,2,13,1,0,0,1,310,563.23,Kerala,Clothing,1982,0
84.08,8,16,1,1,0,0,16,1417.89,Karnataka,Food,1994,0
1059.87,6,8,1,1,0,0,595,1054.31,Telangana,Utilities,1975,0
624.35,1,18,1,1,0,0,78,460.16,Uttar Pradesh,Clothing,1996,0
65.71,4,13,1,1,0,1,657,159.05,Gujarat,Entertainment,1986,0
1589.49,2,8,1,1,0,0,295,348.89,Kerala,Education,1983,0
320.73,8,16,1,0,0,1,438,161.72,Telangana,Fuel,1999,0
657.11,3,12,1,0,0,1,661,1063.45,Telangana,Grocery,1987,0
1981.36,9,10,1,1,0,0,404,209.21,West Bengal,Clothing,1996,0
712.26,3,8,1,1,0,1,6,1890.39,Tamil Nadu,Electronics,1986,0
688.33,1,20,1,0,0,0,179,2229.94,Delhi,Fuel,1982,0
638.39,7,17,1,0,0,0,281,1321.22,Uttar Pradesh,Entertainment,1972,0
1193.84,3,17,1,0,0,0,715,1112.72,Karnataka,Grocery,1978,0
321.06,1,17,1,1,0,1,402,1909.67,Kerala,Food,1970,0
1055.64,7,18,1,1,0,0,232,314.97,Telangana,Utilities,1976,0
2857.96,9,11,1,0,0,1,441,2543.65,Uttar Pradesh,Clothing,1982,0
2118.01,3,12,1,1,0,1,651,1182.18,West Bengal,Entertainment,1971,0
143.12,5,18,1,0,0,1,448,477.02,Kerala,Clothing,1974,0
1594.67,9,18,1,0,0,1,444,1035.66,Delhi,Healthcare,1990,0
544.41,7,14,1,0,0,1,373,84.93,Rajasthan,Grocery,1992,0
717.95,7,21,1,0,0,1,549,1886.89,Delhi,Clothing,1988,0
1923.74,4,12,1,1,0,0,317,48.96,Telangana,Fuel,1986,0
1122.33,5,19,1,1,0,0,573,154.29,Karnataka,Fuel,1996,0
1151.7,4,8,1,0,0,1,584,998.94,Uttar Pradesh,Clothing,1995,0
250.52,4,16,1,1,0,0,55,63.71,Maharashtra,Grocery,1979,0
1102.78,9,23,1,1,1,2,15,2809.34,Rajasthan,Grocery,1989,1
277.98,5,21,1,1,0,1,69,2722.06,West Bengal,Food,1972,0
10704.42,26,3,2,2,0,2,46,2558.55,Uttar Pradesh,Grocery,1994,1
2297.01,7,6,1,1,0,1,340,196.26,Rajasthan,Electronics,1995,0
1442.96,3,20,1,0,0,0,68,3815.6,Karnataka,Fuel,1970,0
3589.75,1,20,1,1,0,1,335,25.98,Maharashtra,Utilities,1970,0
1048.03,4,19,1,0,0,0,196,295.14,Delhi,Healthcare,1981,0
1149.39,3,8,1,1,0,1,95,422.08,Karnataka,Travel,1972,0
777.86,9,14,1,0,0,1,600,963.09,Rajasthan,Electronics,1975,0
2865.34,23,1,1,1,0,2,37,3016.66,Gujarat,Education,1978,1
1212.04,4,7,1,0,0,1,76,1897.48,Uttar Pradesh,Entertainment,1983,0
2842.95,3,20,1,1,0,1,477,709.22,Delhi,Healthcare,1984,0
373.18,4,17,1,0,0,0,177,832.48,Telangana,Utilities,1986,0
206.08,8,14,1,1,0,0,284,2118.37,Gujarat,Food,1986,0
888.21,4,8,1,1,0,0,81,204.97,Tamil Nadu,Fuel,1993,0
263.07,4,8,1,1,0,0,359,917.44,West Bengal,Electronics,1987,0
419.64,5,20,1,0,0,0,202,1992.14,Telangana,Clothing,1999,0
1184.61,9,17,1,1,0,1,328,11.0,Delhi,Grocery,1995,0
258.22,7,9,1,0,0,0,254,1376.68,Telangana,Clothing,1993,0
376.68,8,11,1,0,0,1,189,3874.92,Tamil Nadu,Education,1981,0
803.66,3,20,1,0,0,0,505,216.66,Uttar Pradesh,Grocery,1973,0
1080.06,6,19,1,1,0,0,325,798.84,Tamil Nadu,Fuel,1981,0
1135.23,2,19,1,1,0,1,628,1751.02,Delhi,Utilities,1990,0
270.18,1,14,1,1,0,0,486,3360.97,Tamil Nadu,Grocery,1983,0
8882.7,11,0,2,1,1,1,40,11241.33,West Bengal,Utilities,1977,1
1620.34,3,2,1,2,0,2,26,89.02,Telangana,Travel,1985,1
2233.71,3,13,1,1,0,0,341,736.08,Kerala,Electronics,1991,0
357.19,9,10,1,1,0,1,511,232.62,West Bengal,Clothing,1983,0
3248.51,5,8,1,1,0,0,236,24.32,Telangana,Education,1983,0
247.59,6,17,1,0,0,0,199,357.62,Gujarat,Clothing,1971,0
2271.46,2,14,1,1,0,1,510,188.95,Tamil Nadu,Electronics,1997,0
751.15,8,21,1,1,0,0,282,1036.53,Maharashtra,Entertainment,1971,0
794.3,5,16,1,0,0,1,554,155.31,West Bengal,Education,1997,0
245.07,5,6,1,1,0,1,431,407.97,Rajasthan,Utilities,1988,0
725.3,4,12,1,1,0,1,534,336.77,Tamil Nadu,Clothing,1984,0
102.59,3,21,1,0,0,1,310,232.31,Maharashtra,Healthcare,1986,0
507.58,7,6,1,0,0,1,83,2528.74,Kerala,Fuel,1993,0
683.2,2,9,1,0,0,1,335,70.04,Rajasthan,Healthcare,1981,0
480.34,2,20,1,1,0,0,505,667.37,Gujarat,Travel,1999,0
427.31,9,15,1,1,0,1,543,1154.79,Kerala,Food,1970,0
383.65,1,11,1,1,0,1,264,4465.97,Tamil Nadu,Grocery,1972,0
406.67,9,15,1,0,0,0,387,203.35,Gujarat,Entertainment,1992,0
1105.48,2,15,1,1,0,1,352,220.75,Karnataka,Electronics,1987,0
637.02,6,10,1,1,0,0,510,486.9,Telangana,Entertainment,1971,0
5232.8,26,23,1,1,1,2,39,5237.2,Uttar Pradesh,Electronics,1973,1
963.69,2,13,1,0,0,0,65,789.02,Maharashtra,Food,1990,0
81.04,4,14,1,1,0,1,556,15.29,Delhi,Healthcare,1980,0
1103.57,8,22,1,0,0,2,7,4861.72,Telangana,Grocery,1999,1
1484.7,3,16,1,0,0,0,342,404.96,Tamil Nadu,Food,1980,0
385.21,2,17,1,0,0,0,379,1308.2,Gujarat,Utilities,1972,0
515.25,4,19,1,0,0,0,595,180.39,Delhi,Food,1986,0
2065.46,1,8,1,1,0,0,397,339.4,West Bengal,Clothing,1978,0
1829.66,5,6,1,0,0,1,309,1607.32,Maharashtra,Electronics,1989,0
758.63,1,17,1,1,0,0,690,385.92,Tamil Nadu,Entertainment,1990,0
283.73,5,13,1,1,0,0,11,2304.55,Rajasthan,Entertainment,1972,0
2575.75,3,12,1,1,0,1,157,367.15,Maharashtra,Grocery,1991,0
52.58,3,21,1,0,0,0,612,102.42,Kerala,Utilities,1982,0
2924.52,1,6,1,1,0,1,503,168.65,Telangana,Healthcare,1987,0
368.97,9,9,1,1,0,1,329,448.87,Gujarat,Grocery,1999,0
3180.62,3,19,1,1,0,1,617,1105.93,Telangana,Education,1991,0
575.88,5,7,1,0,0,1,641,686.73,West Bengal,Travel,1991,0
254.52,2,12,1,0,0,1,190,2480.35,West Bengal,Education,1995,0
523.25,7,21,1,0,0,0,611,1039.66,Tamil Nadu,Clothing,1989,0
342.6,6,10,1,1,0,0,153,3742.88,Delhi,Healthcare,1993,0
1148.35,8,22,1,0,1,2,36,7034.18,Kerala,Fuel,1979,1
3614.99,1,6,1,0,0,0,285,23.01,Uttar Pradesh,Education,1999,0
2355.92,2,6,1,0,0,1,637,1072.53,Rajasthan,Education,1997,0
273.14,4,17,1,0,0,1,53,179.1,Rajasthan,Utilities,1996,0
271.37,8,17,1,1,0,1,227,966.43,Delhi,Clothing,1984,0
1327.03,8,10,1,0,0,1,280,71.76,Kerala,Healthcare,1974,0
2581.65,5,12,1,0,0,1,362,405.3,Telangana,Food,1974,0
1349.96,1,3,1,1,1,0,55,3510.16,Maharashtra,Grocery,1990,1
2588.89,6,8,1,1,0,1,427,1341.88,Telangana,Grocery,1978,0
52.15,5,20,1,0,0,1,28,2402.52,Gujarat,Travel,1983,0
4856.64,9,17,1,1,0,1,121,2188.66,Maharashtra,Electronics,1979,0
816.91,7,8,1,0,0,0,498,994.28,Gujarat,Clothing,1980,0
125.01,9,15,1,1,0,0,470,3107.24,Kerala,Healthcare,1973,0
1404.12,8,20,1,0,0,0,365,171.04,Telangana,Entertainment,1997,0
1437.27,2,17,1,0,0,1,188,2104.87,Telangana,Clothing,1976,0
386.34,3,14,1,1,0,0,98,927.25,Kerala,Travel,1977,0
1587.67,5,7,1,1,0,0,595,715.89,Maharashtra,Grocery,1995,0
1052.17,3,11,1,1,0,0,427,302.18,Tamil Nadu,Fuel,1983,0
343.73,4,17,1,1,0,1,407,1024.28,West Bengal,Healthcare,1984,0
525.31,7,12,1,0,0,1,511,10.0,Gujarat,Travel,1992,0
722.82,8,6,1,0,0,0,203,780.99,West Bengal,Healthcare,1975,0
4568.03,6,17,1,1,0,1,355,75.2,Karnataka,Healthcare,1970,0
10.0,5,6,1,0,0,0,526,1810.81,Gujarat,Travel,1976,0
1026.71,2,21,1,1,0,1,153,2439.78,Telangana,Healthcare,1973,0
2412.3,1,17,1,1,0,1,181,1961.78,Gujarat,Entertainment,1997,0
286.58,4,10,1,0,0,0,711,767.73,Gujarat,Travel,1998,0
2345.76,3,17,1,1,0,1,359,1144.1,Kerala,Grocery,1988,0
380.95,5,9,1,0,0,0,150,1189.23,Uttar Pradesh,Utilities,1988,0
56.52,6,19,1,1,0,1,165,1061.87,Delhi,Entertainment,1988,0
619.19,2,18,1,1,0,1,569,431.6,Karnataka,Travel,1991,0
2510.82,9,9,1,0,0,1,584,561.36,Karnataka,Entertainment,1972,0
8382.0,10,3,4,1,1,0,21,673.16,Uttar Pradesh,Electronics,1982,1
410.02,6,8,1,1,0,0,454,1863.66,Tamil Nadu,Food,1999,0
131.62,4,18,1,1,0,1,603,2936.81,Gujarat,Grocery,1976,0
3125.74,7,15,1,1,0,1,518,1346.87,Uttar Pradesh,Utilities,1994,0
1082.53,1,17,1,0,0,1,387,306.93,Gujarat,Electronics,1980,0
10.0,6,11,1,1,0,1,366,1650.97,Karnataka,Electronics,1991,0
1245.07,9,7,1,0,0,1,362,1002.74,Rajasthan,Food,1987,0
7798.68,25,23,4,0,0,1,48,3429.37,Gujarat,Grocery,1997,1
304.08,5,6,1,0,0,0,502,138.44,Delhi,Travel,1978,0
1718.35,3,13,1,0,0,0,517,435.31,Gujarat,Electronics,1976,0
1291.24,5,19,1,0,0,0,1,448.38,Kerala,Travel,1990,0
3053.8,2,14,1,1,0,0,357,481.05,Karnataka,Fuel,1991,0
722.66,7,17,1,1,0,0,676,1388.91,Maharashtra,Grocery,1989,0
281.06,5,9,1,0,0,1,498,70.32,Delhi,Travel,1992,0
1291.86,1,14,1,0,0,0,627,2065.08,Tamil Nadu,Travel,1974,0
4821.39,4,6,1,0,0,1,56,299.27,Rajasthan,Education,1983,0
93.87,2,9,1,0,0,1,420,11.54,Tamil Nadu,Fuel,1988,0
1296.68,9,6,1,0,0,1,12,542.63,Uttar Pradesh,Healthcare,1977,0
939.11,3,8,1,0,0,0,380,511.28,Gujarat,Clothing,1997,0
1421.1,6,14,1,0,0,0,46,745.0,Telangana,Clothing,1970,0
1449.12,9,17,1,1,0,1,3,1824.14,Delhi,Education,1988,0
339.86,7,11,1,1,0,0,365,2763.58,Karnataka,Travel,1985,0
1640.38,2,8,1,1,0,1,544,1643.09,Rajasthan,Clothing,1990,0
4036.87,5,14,1,0,0,0,359,2143.69,Maharashtra,Grocery,1994,0
1047.53,5,15,1,0,0,1,228,808.22,Delhi,Grocery,1989,0
1517.8,4,8,1,0,0,1,502,2110.24,Telangana,Clothing,1991,0
423.9,3,12,1,1,0,1,82,1246.58,Delhi,Education,1985,0
3004.14,6,6,1,1,0,1,495,477.04,Rajasthan,Education,1992,0
11.53,5,11,1,1,0,1,581,1294.42,Rajasthan,Electronics,1976,0
191.28,4,17,1,1,0,1,647,305.64,Telangana,Utilities,1981,0
2311.33,9,17,1,0,0,1,19,1662.43,West Bengal,Grocery,1978,0
357.21,6,7,1,1,0,0,28,665.02,Rajasthan,Electronics,1976,0
299.02,5,9,1,1,0,0,562,2270.7,Karnataka,Utilities,1999,0
1362.53,5,15,1,0,0,0,207,236.36,Delhi,Utilities,1989,0
462.01,6,14,1,0,0,1,350,1016.31,Rajasthan,Education,1992,0
535.82,5,20,1,0,0,1,86,305.27,Uttar Pradesh,Healthcare,1990,0
251.53,6,19,1,0,0,1,52,409.3,Maharashtra,Clothing,1982,0
3284.63,6,13,1,1,0,1,662,617.31,Tamil Nadu,Education,1970,0
849.04,9,9,1,0,0,1,670,460.38,Karnataka,Fuel,1985,0
5691.54,9,8,1,1,0,1,312,1415.38,Telangana,Healthcare,1981,0
3457.24,1,13,1,0,0,0,530,1388.22,Karnataka,Fuel,1994,0
1931.65,6,18,1,0,0,0,660,1091.38,Telangana,Electronics,1974,0
1293.68,4,16,1,0,0,0,683,400.46,Gujarat,Education,1983,0
470.83,8,13,1,0,0,0,662,1726.18,Karnataka,Fuel,1986,0
2182.81,7,13,1,0,0,1,728,18.92,Delhi,Utilities,1991,0
1171.06,5,12,1,1,0,0,677,1306.22,Gujarat,Food,1999,0
753.82,2,11,1,1,0,0,374,1722.15,Rajasthan,Clothing,1970,0
997.01,7,8,1,0,0,0,652,1940.8,Delhi,Grocery,1970,0
1198.97,3,12,1,0,0,0,342,510.07,Maharashtra,Grocery,1989,0
498.17,3,16,1,0,0,0,387,613.01,West Bengal,Grocery,1970,0
414.31,8,6,1,0,0,1,527,131.75,Delhi,Grocery,1994,0
1531.77,2,16,1,0,0,0,695,184.29,Maharashtra,Utilities,1994,0
930.55,3,20,1,0,0,0,62,114.2,Gujarat,Electronics,1986,0
2666.27,1,21,1,0,0,1,30,2850.44,Maharashtra,Entertainment,1992,0
1714.51,4,11,1,0,0,0,726,101.29,Karnataka,Travel,1992,0
66.17,4,20,1,1,0,1,633,347.01,Rajasthan,Entertainment,1971,0
2131.57,3,13,1,1,0,0,484,115.29,Karnataka,Grocery,1985,0
130.21,4,20,1,1,0,0,22,2203.09,Uttar Pradesh,Grocery,1994,0
414.6,8,13,1,1,0,1,357,2982.72,Gujarat,Fuel,1985,0
409.16,8,6,1,1,0,0,666,300.23,Gujarat,Electronics,1978,0
2412.19,3,6,1,0,0,1,61,988.14,Delhi,Fuel,1982,0
981.99,3,14,1,0,0,0,624,400.93,Delhi,Fuel,1980,0
543.1,8,18,1,0,0,0,630,1016.15,Telangana,Fuel,1993,0
739.19,8,14,1,0,0,1,13,1827.14,Karnataka,Education,1971,0
744.15,7,10,1,0,0,0,636,357.67,Kerala,Grocery,1989,0
933.51,3,17,1,1,0,1,201,1073.44,West Bengal,Clothing,1983,0
1555.88,6,9,1,0,0,1,437,317.92,Karnataka,Travel,1997,0
634.84,6,6,1,1,0,1,157,1119.83,Karnataka,Food,1987,0
903.06,2,15,1,0,0,0,368,1157.37,Karnataka,Healthcare,1984,0
3519.1,3,11,1,1,0,0,80,856.05,Gujarat,Entertainment,1978,0
975.89,9,16,1,1,0,1,635,3079.94,Maharashtra,Utilities,1973,0
882.61,4,9,1,1,0,1,599,1150.05,Delhi,Electronics,1978,0
2632.17,2,7,1,1,0,1,551,559.35,Tamil Nadu,Fuel,1980,0
678.94,1,12,1,0,0,1,432,133.62,Karnataka,Travel,1993,0
1086.5,4,6,1,0,0,1,493,1338.86,Karnataka,Fuel,1992,0
334.86,1,21,1,0,0,1,415,552.35,Telangana,Grocery,1987,0
3591.67,9,11,1,1,0,0,221,679.49,Karnataka,Travel,1988,0
979.53,3,3,4,0,1,1,24,3002.4,Maharashtra,Electronics,1996,1
6371.76,7,20,1,1,0,0,617,1488.64,Rajasthan,Electronics,1991,0
3913.8,8,19,1,0,0,0,139,187.03,Karnataka,Electronics,1976,0
1546.11,5,13,1,0,0,0,298,191.59,Karnataka,Fuel,1992,0
1904.64,7,18,1,1,0,1,196,564.45,Gujarat,Education,1974,0
263.07,5,6,1,0,0,0,94,1155.6,Kerala,Grocery,1982,0
14086.97,22,3,2,1,1,2,21,5629.66,Maharashtra,Electronics,1994,1
156.04,4,11,1,0,0,0,335,722.02,Delhi,Utilities,1995,0
411.21,9,11,1,0,0,0,225,32.58,West Bengal,Food,1989,0
842.27,8,15,1,1,0,0,351,1840.27,Telangana,Electronics,1999,0
1531.58,8,10,1,1,0,0,154,131.84,Uttar Pradesh,Education,1993,0
550.88,8,8,1,0,0,0,678,366.75,Gujarat,Utilities,1981,0
3140.17,7,14,1,0,0,1,351,2757.91,Uttar Pradesh,Entertainment,1986,0
10.0,7,16,1,1,0,0,618,1458.24,Tamil Nadu,Healthcare,1983,0
4774.34,6,7,1,0,0,1,638,362.62,Delhi,Travel,1994,0
1985.85,7,11,1,1,0,1,371,1175.9,Kerala,Electronics,1980,0
2489.47,7,13,1,0,0,1,693,710.88,Delhi,Entertainment,1988,0
39.05,8,14,1,0,0,0,322,160.71,West Bengal,Food,1983,0
2044.17,9,12,1,0,0,0,511,2060.09,West Bengal,Travel,1972,0
10.0,5,10,1,0,0,0,300,78.99,Telangana,Travel,1980,0
726.36,9,10,1,1,0,0,172,268.85,Telangana,Electronics,1988,0
575.47,5,18,1,1,0,1,389,1116.29,Telangana,Food,1995,0
1801.73,6,6,1,0,0,0,360,320.89,Maharashtra,Grocery,1991,0
1159.24,7,15,1,1,0,1,497,1104.77,Delhi,Utilities,1971,0
586.58,5,6,1,1,0,0,535,669.81,Maharashtra,Food,1980,0
2506.06,6,10,1,1,0,1,467,384.41,Tamil Nadu,Utilities,1987,0
302.36,5,16,1,1,0,0,613,107.59,Rajasthan,Utilities,1974,0
1688.3,8,20,1,1,0,0,471,2219.91,Telangana,Travel,1980,0
227.06,9,7,1,1,0,0,185,516.75,Kerala,Healthcare,1980,0
86.23,9,21,1,1,0,0,45,426.16,Kerala,Travel,1974,0
3054.89,1,8,1,1,0,0,573,3489.45,Delhi,Fuel,1986,0
270.74,8,15,1,0,0,0,307,2190.29,Gujarat,Travel,1995,0
1111.68,3,14,1,0,0,1,185,799.27,Kerala,Entertainment,1973,0
2936.52,25,4,3,1,1,0,45,3170.78,Gujarat,Electronics,1986,1
521.54,8,19,1,1,0,0,402,250.49,Gujarat,Utilities,1970,0
7878.85,9,7,1,0,0,1,330,1050.83,Delhi,Utilities,1984,0
19429.57,26,1,3,0,1,1,43,9221.63,Karnataka,Education,1971,1
575.34,7,6,1,1,0,1,74,443.11,Karnataka,Clothing,1994,0
1537.14,4,13,1,0,0,0,530,191.82,Karnataka,Healthcare,1984,0
808.94,4,19,1,0,0,1,371,1067.91,Maharashtra,Clothing,1975,0
1250.28,5,11,1,1,0,0,294,903.78,Maharashtra,Healthcare,1987,0
667.31,9,14,1,0,0,1,284,823.37,Maharashtra,Healthcare,1995,0
187.38,9,21,1,1,0,1,497,452.0,Karnataka,Food,1997,0
1194.2,1,17,1,0,0,1,12,2644.42,Tamil Nadu,Clothing,1977,0
4873.21,15,0,2,0,1,0,59,3284.51,Delhi,Utilities,1992,1
26.67,7,14,1,1,0,1,374,244.19,Uttar Pradesh,Clothing,1987,0
87.66,9,14,1,0,0,0,237,1100.34,Delhi,Utilities,1972,0
2513.08,7,11,1,1,0,0,255,570.04,West Bengal,Education,1985,0
430.11,6,6,1,1,0,1,319,3047.68,Delhi,Fuel,1977,0
1515.36,9,18,1,0,0,1,210,2800.93,Uttar Pradesh,Education,1971,0
121.41,3,18,1,0,0,0,238,174.15,Uttar Pradesh,Electronics,1995,0
1146.31,2,6,1,1,0,1,10,2455.69,Uttar Pradesh,Fuel,1989,0
267.56,1,6,1,0,0,0,130,120.15,Tamil Nadu,Travel,1988,0
661.11,4,14,1,1,0,1,242,1048.71,Tamil Nadu,Travel,1976,0
1197.66,4,9,1,0,0,0,510,539.31,Kerala,Electronics,1985,0
542.61,5,10,1,0,0,0,427,463.58,Karnataka,Clothing,1971,0
659.67,8,13,1,1,0,0,545,4261.76,Gujarat,Clothing,1980,0
66.18,4,6,1,1,0,0,510,317.25,Telangana,Food,1995,0
5123.96,8,19,1,1,0,0,64,762.36,Maharashtra,Utilities,1977,0
1689.69,5,8,1,1,0,0,153,2287.78,Tamil Nadu,Clothing,1986,0
110.74,6,15,1,1,0,0,305,14.51,Tamil Nadu,Clothing,1986,0
1748.1,5,14,1,0,0,0,26,1237.88,Telangana,Grocery,1970,0
648.51,6,17,1,1,0,1,626,1412.65,West Bengal,Food,1989,0
3271.6,4,19,1,1,0,1,352,1031.61,Tamil Nadu,Food,1993,0
979.87,7,21,1,1,0,1,326,126.94,Gujarat,Education,1976,0
187.4,6,14,1,1,0,1,132,55.32,Rajasthan,Grocery,1983,0
304.95,3,10,1,0,0,1,59,43.08,Telangana,Grocery,1998,0
312.33,9,7,1,1,0,0,553,403.33,Tamil Nadu,Utilities,1980,0
2632.8,2,15,1,0,0,0,603,678.39,Karnataka,Entertainment,1999,0
1206.32,2,11,1,0,0,1,506,165.79,Kerala,Food,1982,0
328.79,2,19,1,1,0,0,716,1147.47,Karnataka,Electronics,1975,0
261.91,8,7,1,1,0,1,400,48.83,West Bengal,Entertainment,1995,0
3344.26,8,7,1,1,0,1,310,2283.88,Karnataka,Fuel,1974,0
2086.61,5,8,1,1,0,1,390,2649.41,Rajasthan,Education,1987,0
3668.41,9,14,1,0,0,0,204,10.0,Karnataka,Entertainment,1977,0
2701.12,6,15,1,1,0,1,703,1266.03,Kerala,Travel,1978,0
276.65,1,20,1,1,0,1,47,68.6,Telangana,Grocery,1980,0
1129.89,2,10,1,0,0,1,574,402.94,West Bengal,Grocery,1985,0
350.29,7,20,1,0,0,0,463,2898.37,Uttar Pradesh,Electronics,1978,0
2273.28,7,8,1,0,0,0,23,109.63,Tamil Nadu,Clothing,1988,0
1332.36,1,17,1,0,0,1,10,981.93,Delhi,Utilities,1982,0
733.52,4,10,1,0,0,1,481,10.0,Rajasthan,Electronics,1987,0
1854.1,4,15,1,0,0,1,383,216.17,Maharashtra,Grocery,1990,0
2041.81,1,10,1,0,0,0,298,319.57,Maharashtra,Electronics,1993,0
518.16,2,12,1,0,0,0,434,174.79,Kerala,Fuel,1993,0
670.52,8,18,1,1,0,1,657,297.51,Gujarat,Electronics,1992,0
503.38,3,14,1,0,0,0,307,1168.75,Kerala,Food,1984,0
180.37,8,17,1,0,0,0,448,2148.11,Telangana,Travel,1992,0
134.41,4,7,1,0,0,1,618,683.39,Delhi,Education,1983,0
513.89,8,11,1,0,0,0,598,100.45,Kerala,Clothing,1977,0
761.79,5,12,1,0,0,0,676,891.86,Telangana,Fuel,1998,0
969.78,5,19,1,1,0,1,352,1352.25,Tamil Nadu,Food,1970,0
4759.98,5,11,1,1,0,1,417,1223.08,Tamil Nadu,Travel,1995,0
1127.68,1,8,1,0,0,1,275,1194.32,West Bengal,Electronics,1990,0
108.72,2,16,1,0,0,1,618,10.0,Rajasthan,Clothing,1973,0
160.75,8,20,1,1,0,1,677,2487.64,Uttar Pradesh,Education,1972,0
118.01,7,21,1,1,0,1,5,2660.5,Delhi,Education,1991,0
147.32,9,1,3,2,0,0,27,4677.22,Telangana,Travel,1982,1
6009.62,5,9,1,0,0,1,78,3382.81,Kerala,Electronics,1982,0
1574.88,6,8,1,0,0,1,463,373.26,Telangana,Electronics,1974,0
1670.5,7,17,1,0,0,0,538,1205.15,Maharashtra,Clothing,1983,0
653.15,1,15,1,1,0,1,219,686.93,West Bengal,Travel,1978,0
4056.04,25,3,1,1,1,2,39,589.77,West Bengal,Utilities,1990,1
234.44,3,8,1,0,0,1,329,2391.63,Tamil Nadu,Fuel,1988,0
1376.4,3,15,1,0,0,1,643,946.26,Karnataka,Healthcare,1976,0
11032.73,24,23,1,1,1,0,17,1739.3,Gujarat,Food,1995,1
1797.68,1,18,1,0,0,0,254,2083.46,Maharashtra,Utilities,1970,0
730.54,2,18,1,1,0,1,321,2230.91,Karnataka,Healthcare,1989,0
3256.3,5,8,1,1,0,1,619,74.62,Telangana,Fuel,1979,0
956.9,1,20,1,1,0,0,155,383.68,Uttar Pradesh,Electronics,1982,0
1349.77,5,12,1,1,0,1,495,145.69,Gujarat,Food,1981,0
550.01,9,12,1,0,0,0,441,4727.9,Karnataka,Electronics,1988,0
3080.12,9,12,1,1,0,1,154,152.75,Telangana,Electronics,1981,0
3640.36,7,21,1,1,0,1,276,520.07,West Bengal,Clothing,1981,0
641.06,4,9,1,1,0,1,185,2864.61,Tamil Nadu,Clothing,1996,0
4172.75,7,16,1,1,0,0,26,858.65,Tamil Nadu,Travel,1971,0
61.06,7,9,1,0,0,0,426,10.0,Kerala,Healthcare,1983,0
153.05,2,14,1,0,0,1,489,1398.59,Gujarat,Travel,1984,0
1089.31,3,12,1,1,0,0,603,1705.38,Gujarat,Electronics,1975,0
931.08,1,17,1,0,0,0,481,2903.67,Karnataka,Healthcare,1972,0
384.95,9,10,1,1,0,0,195,441.88,Maharashtra,Fuel,1993,0
432.27,7,19,1,1,0,0,334,742.61,Telangana,Utilities,1971,0
13000.67,23,1,2,0,1,0,33,1762.91,Uttar Pradesh,Fuel,1980,1
744.46,1,13,1,0,0,1,695,937.79,Rajasthan,Travel,1973,0
784.55,7,19,1,1,0,0,301,157.61,Kerala,Food,1982,0
879.65,4,6,1,0,0,1,505,426.12,West Bengal,Grocery,1982,0
2075.62,5,15,1,1,0,1,217,2177.38,Tamil Nadu,Electronics,1997,0
4889.88,5,13,1,0,0,1,452,817.2,Telangana,Education,1980,0
92.06,9,8,1,1,0,1,633,1633.17,Uttar Pradesh,Utilities,1978,0
2774.32,5,11,1,1,0,0,451,2161.02,Delhi,Travel,1973,0
941.36,4,6,1,1,0,1,309,1688.41,Uttar Pradesh,Education,1995,0
1600.61,9,15,1,0,0,0,142,275.19,Gujarat,Travel,1980,0
529.81,5,19,1,1,0,0,694,179.81,West Bengal,Food,1986,0
2556.94,9,13,1,1,0,0,335,850.04,West Bengal,Fuel,1998,0
148.76,4,15,1,1,0,0,132,396.29,Telangana,Food,1992,0
432.19,2,0,1,2,0,0,58,6344.78,West Bengal,Utilities,1971,1
61.1,2,20,1,0,0,0,698,612.87,Karnataka,Electronics,1979,0
1256.75,1,15,1,0,0,1,108,34.31,Karnataka,Food,1985,0
2546.31,7,20,1,1,0,1,478,526.28,Rajasthan,Utilities,1984,0
566.23,9,20,1,0,0,1,534,66.28,Tamil Nadu,Grocery,1989,0
282.23,1,10,1,1,0,0,510,3126.14,Kerala,Fuel,1993,0
360.7,2,21,1,1,0,0,475,351.27,Rajasthan,Travel,1972,0
3122.26,6,14,1,1,0,1,319,418.71,Karnataka,Electronics,1977,0
32.85,1,19,1,0,0,1,635,1140.83,West Bengal,Clothing,1984,0
607.8,2,16,1,1,0,1,350,3042.45,Karnataka,Grocery,1999,0
166.24,8,9,1,1,0,1,10,143.97,Gujarat,Entertainment,1999,0
2871.54,1,3,3,2,0,2,36,798.75,Gujarat,Fuel,1984,1
33.5,4,14,1,1,0,0,165,730.0,Gujarat,Food,1971,0
1144.56,9,17,1,1,0,1,471,790.75,West Bengal,Utilities,1989,0
1526.04,1,10,1,1,0,0,308,729.49,Tamil Nadu,Grocery,1997,0
676.98,9,16,1,1,0,0,184,860.79,Delhi,Clothing,1981,0
3299.49,3,6,1,1,0,1,283,415.65,Rajasthan,Entertainment,1990,0
2091.22,5,11,1,1,0,1,523,509.42,Karnataka,Travel,1987,0
180.69,5,15,1,0,0,0,334,1384.07,Karnataka,Travel,1977,0
688.68,7,16,1,0,0,0,426,1848.28,Uttar Pradesh,Grocery,1970,0
233.86,2,15,1,1,0,1,54,277.6,Karnataka,Healthcare,1985,0
421.85,5,11,1,0,0,1,17,145.77,Gujarat,Food,1996,0
6543.09,3,15,1,0,0,1,55,2996.19,Maharashtra,Entertainment,1990,0
856.46,6,18,1,0,0,0,376,204.58,Uttar Pradesh,Fuel,1976,0
1003.25,9,6,1,1,0,1,480,367.34,Telangana,Utilities,1980,0
1176.21,6,12,1,0,0,0,79,150.34,Rajasthan,Grocery,1998,0
510.02,2,18,1,1,0,1,122,316.2,Telangana,Food,1994,0
2907.84,6,17,1,1,0,1,515,23.55,West Bengal,Entertainment,1986,0
139.7,6,20,1,0,0,0,565,106.0,West Bengal,Entertainment,1987,0
2910.06,2,18,1,0,0,0,513,4711.22,Telangana,Fuel,1970,0
1641.24,1,17,1,1,0,0,372,454.22,Telangana,Healthcare,1996,0
1441.03,8,8,1,1,0,0,343,35.73,Telangana,Utilities,1995,0
5879.09,9,5,3,1,1,2,51,2585.93,West Bengal,Entertainment,1984,1
975.54,6,19,1,0,0,0,690,1864.91,Uttar Pradesh,Fuel,1986,0
2403.21,7,19,1,0,0,1,266,1013.8,Rajasthan,Grocery,1973,0
961.19,2,9,1,0,0,1,129,465.39,Karnataka,Entertainment,1993,0
1454.08,9,7,1,0,0,0,593,1336.11,Karnataka,Healthcare,1987,0
197.64,7,17,1,1,0,0,394,1871.49,Delhi,Education,1976,0
401.89,2,20,1,1,0,1,434,5420.26,West Bengal,Entertainment,1998,0
2390.06,9,16,1,0,0,1,615,1306.28,West Bengal,Clothing,1980,0
886.07,5,5,2,1,1,0,27,641.14,Telangana,Entertainment,1985,1
2588.93,9,6,1,1,0,1,85,520.84,West Bengal,Clothing,1978,0
840.43,14,22,1,1,1,1,29,1348.25,Uttar Pradesh,Healthcare,1993,1
703.17,9,14,1,1,0,0,181,144.82,Telangana,Fuel,1982,0
751.63,2,14,1,1,0,0,96,75.36,Rajasthan,Grocery,1979,0
942.44,7,13,1,0,0,0,421,26.65,Karnataka,Utilities,1981,0
665.26,9,12,1,1,0,1,156,1524.83,Gujarat,Healthcare,1971,0
517.71,7,13,1,0,0,1,283,890.21,Delhi,Healthcare,1994,0
1955.08,4,21,1,0,0,0,462,1034.82,Kerala,Grocery,1994,0
1250.77,9,18,1,0,0,0,486,2308.1,Rajasthan,Clothing,1988,0
609.09,6,21,1,1,0,0,31,219.03,Karnataka,Entertainment,1978,0
537.26,2,18,1,1,0,0,713,63.63,Gujarat,Entertainment,1991,0
4208.37,29,1,4,1,0,0,41,1214.84,West Bengal,Fuel,1998,1
1627.56,6,20,1,1,0,0,728,171.59,Telangana,Utilities,1993,0
777.06,7,7,1,1,0,0,18,995.28,Delhi,Electronics,1983,0
790.6,5,12,1,1,0,0,706,770.92,Delhi,Clothing,1986,0
726.94,1,20,1,0,0,0,251,2678.68,Uttar Pradesh,Utilities,1972,0
1398.15,1,17,1,0,0,1,73,2287.99,West Bengal,Electronics,1995,0
1307.55,5,20,1,1,0,1,589,4185.0,Tamil Nadu,Utilities,1989,0
2835.25,6,14,1,0,0,0,49,75.23,Gujarat,Travel,1978,0
55.73,6,15,1,0,0,1,642,2250.09,Maharashtra,Electronics,1981,0
859.07,1,20,1,0,0,0,701,2051.3,Gujarat,Clothing,1976,0
1425.53,8,18,1,1,0,1,137,587.19,Telangana,Grocery,1974,0
701.35,7,1,4,2,1,0,47,2821.43,Delhi,Utilities,1977,1
847.39,5,18,1,0,0,0,101,410.71,Gujarat,Electronics,1989,0
1307.9,2,9,1,0,0,1,529,133.61,Delhi,Healthcare,1989,0
3292.98,22,22,2,0,0,2,27,623.49,Kerala,Healthcare,1970,1
729.5,7,6,1,1,0,0,720,471.54,Kerala,Food,1991,0
19644.58,9,22,2,0,0,0,56,1447.26,Uttar Pradesh,Entertainment,1991,1
4945.81,10,23,3,1,1,1,30,146.12,Karnataka,Utilities,1983,1
109.44,5,20,1,1,0,1,270,94.16,Kerala,Clothing,1976,0
740.7,2,8,1,0,0,1,120,73.43,Uttar Pradesh,Healthcare,1989,0
351.95,8,17,1,1,0,1,447,267.97,Tamil Nadu,Healthcare,1989,0
3887.69,2,12,1,1,0,1,269,889.35,Rajasthan,Electronics,1979,0
657.48,2,7,1,0,0,1,503,1349.16,Uttar Pradesh,Clothing,1977,0
32.03,4,11,1,0,0,0,190,736.83,Delhi,Grocery,1997,0
870.0,7,6,1,0,0,1,186,269.01,Delhi,Education,1990,0
10.0,9,18,1,0,0,1,342,822.49,Delhi,Travel,1979,0
1494.64,2,9,1,0,0,0,325,285.59,Telangana,Healthcare,1988,0
341.86,3,12,1,1,0,0,487,139.04,Maharashtra,Education,1988,0
686.95,5,9,1,1,0,1,338,99.79,Uttar Pradesh,Healthcare,1983,0
602.48,4,10,1,0,0,1,284,1192.6,West Bengal,Clothing,1974,0
378.37,2,6,1,0,0,1,22,244.14,Maharashtra,Food,1978,0
93.62,3,18,1,1,0,1,449,1591.72,Karnataka,Utilities,1991,0
1382.27,5,18,1,1,0,0,285,698.19,Uttar Pradesh,Healthcare,1994,0
2025.28,9,18,1,0,0,1,76,1007.31,Telangana,Travel,1998,0
1952.0,7,16,1,0,0,1,488,174.0,West Bengal,Entertainment,1994,0
164.94,3,17,1,1,0,0,695,326.34,Telangana,Electronics,1982,0
7524.7,28,1,4,0,1,0,31,2568.78,Rajasthan,Education,1987,1
2495.1,2,9,1,0,0,0,108,2099.77,Maharashtra,Healthcare,1998,0
2234.36,7,9,1,1,0,0,333,487.37,Tamil Nadu,Clothing,1973,0
256.15,6,21,1,0,0,1,182,1196.74,Telangana,Healthcare,1985,0
106.07,9,19,1,0,0,1,114,2343.25,Karnataka,Electronics,1994,0
913.77,4,7,1,1,0,1,676,72.12,Kerala,Utilities,1972,0
1283.29,1,17,1,0,0,1,699,1601.54,Uttar Pradesh,Electronics,1998,0
103.29,7,9,1,1,0,0,680,967.13,Maharashtra,Electronics,1999,0
1852.19,8,6,1,0,0,0,530,3138.59,Telangana,Utilities,1987,0
4514.44,9,6,1,1,0,0,295,502.81,Gujarat,Food,1991,0
1989.17,2,21,1,0,0,0,529,214.22,Maharashtra,Fuel,1993,0
105.43,8,6,1,0,0,0,371,2175.22,Maharashtra,Fuel,1972,0
1548.63,9,13,1,0,0,1,712,2665.36,Telangana,Utilities,1973,0
653.82,5,6,1,1,0,1,135,2448.33,Delhi,Entertainment,1984,0
82.07,9,16,1,1,0,0,63,944.38,Tamil Nadu,Clothing,1983,0
12.48,3,16,1,1,0,1,398,441.88,West Bengal,Healthcare,1983,0
1278.26,2,14,1,0,0,1,639,288.24,Rajasthan,Education,1984,0
153.86,1,19,1,1,0,0,265,597.57,Uttar Pradesh,Clothing,1985,0
78.84,9,7,1,0,0,1,272,392.67,Uttar Pradesh,Grocery,1991,0
636.74,1,18,1,1,0,0,418,637.09,Tamil Nadu,Clothing,1995,0
317.04,7,12,1,0,0,1,291,2581.99,Karnataka,Travel,1981,0
2508.46,6,10,1,1,0,1,204,1292.17,Telangana,Entertainment,1991,0
754.41,5,18,1,1,0,1,585,178.48,Uttar Pradesh,Food,1978,0
436.37,1,10,1,1,0,0,335,2772.22,Maharashtra,Electronics,1982,0
1335.35,4,17,1,0,0,1,149,46.22,Rajasthan,Travel,1997,0
1096.1,2,14,1,0,0,0,463,79.95,Delhi,Utilities,1974,0
1839.45,4,16,1,1,0,1,526,1830.69,Kerala,Education,1998,0
52.77,5,19,1,1,0,0,293,155.76,Telangana,Education,1975,0
1106.29,8,7,1,0,0,1,164,933.23,Delhi,Healthcare,1971,0
1105.62,9,16,1,0,0,0,238,985.22,Maharashtra,Clothing,1981,0
2517.8,29,22,3,1,0,1,41,5956.4,Rajasthan,Utilities,1981,1
302.13,2,17,1,1,0,0,113,1363.88,Maharashtra,Travel,1999,0
1446.92,5,21,1,0,0,1,152,65.64,Delhi,Education,1995,0
67.94,1,16,1,0,0,0,638,1413.47,West Bengal,Grocery,1987,0
3233.94,7,8,1,0,0,1,50,2266.73,Kerala,Entertainment,1978,0
313.32,8,14,1,0,0,0,7,821.71,Tamil Nadu,Food,1987,0
435.64,5,15,1,1,0,1,641,1486.95,Gujarat,Electronics,1979,0
568.96,4,18,1,1,0,1,469,1397.31,Telangana,Food,1986,0
185.13,5,17,1,0,0,1,587,183.56,West Bengal,Travel,1998,0
352.41,7,15,1,1,0,0,164,1564.3,West Bengal,Grocery,1994,0
27.49,6,11,1,1,0,1,404,385.96,West Bengal,Healthcare,1998,0
476.0,3,21,1,0,0,0,285,715.95,Rajasthan,Fuel,1979,0
366.34,6,13,1,1,0,1,300,976.3,Uttar Pradesh,Travel,1980,0
1567.84,8,21,1,1,0,0,631,1816.27,Maharashtra,Electronics,1983,0
357.89,5,21,1,1,0,1,579,338.58,West Bengal,Education,1972,0
4974.45,1,17,1,1,0,0,563,594.06,Telangana,Electronics,1975,0
966.58,8,12,1,1,0,0,273,1888.17,Kerala,Travel,1986,0
1196.02,7,17,1,1,0,0,594,1050.24,Rajasthan,Grocery,1976,0
63.75,9,12,1,0,0,0,375,664.41,Gujarat,Travel,1985,0
2543.95,8,10,1,1,0,1,351,551.82,Rajasthan,Entertainment,1998,0
390.32,1,18,1,0,0,0,297,389.27,Delhi,Electronics,1992,0
2492.51,2,10,1,1,0,0,154,1058.9,Karnataka,Electronics,1977,0
4018.42,1,9,1,0,0,0,101,167.0,Tamil Nadu,Education,1982,0
15436.15,3,0,4,1,1,0,18,2022.4,Telangana,Clothing,1985,1
383.46,8,15,1,1,0,1,673,122.47,Maharashtra,Electronics,1973,0
432.79,3,20,1,0,0,0,107,1797.55,Delhi,Travel,1989,0
2141.6,8,20,1,1,0,0,456,1714.03,Tamil Nadu,Food,1991,0
480.24,7,18,1,1,0,0,666,125.74,Gujarat,Education,1987,0
828.09,7,13,1,1,0,1,596,3498.62,Kerala,Travel,1998,0
1870.88,6,8,1,1,0,0,682,519.44,Kerala,Grocery,1994,0
400.48,6,12,1,1,0,1,686,931.05,West Bengal,Utilities,1974,0
108.61,7,18,1,1,0,1,522,2506.02,Kerala,Utilities,1995,0
275.44,2,10,1,0,0,1,346,433.62,Maharashtra,Healthcare,1987,0
1043.4,6,18,1,1,0,0,205,240.51,Kerala,Travel,1976,0
2694.32,4,7,1,1,0,1,6,30.11,West Bengal,Entertainment,1993,0
263.27,9,17,1,1,0,1,258,1605.45,Tamil Nadu,Education,1984,0
1051.17,7,13,1,0,0,0,445,1751.04,Karnataka,Entertainment,1978,0
500.28,6,6,1,1,0,0,238,2498.48,Maharashtra,Entertainment,1997,0
158.84,2,10,1,0,0,0,402,644.44,West Bengal,Education,1982,0
1282.74,9,16,1,1,0,0,269,3553.48,Tamil Nadu,Food,1984,0
1390.07,2,10,1,0,0,1,60,1827.27,Rajasthan,Travel,1993,0
482.3,6,10,1,0,0,1,587,693.12,Maharashtra,Grocery,1975,0
2297.66,8,6,1,0,0,1,715,248.12,West Bengal,Food,1991,0
2273.29,3,20,1,0,0,1,439,144.91,Tamil Nadu,Utilities,1993,0
1413.97,9,8,1,1,0,1,295,278.41,Uttar Pradesh,Education,1984,0
1636.32,3,20,1,0,0,0,656,717.03,Uttar Pradesh,Clothing,1970,0
1736.53,5,2,4,1,0,0,31,4877.65,Gujarat,Grocery,1995,1
417.96,8,13,1,0,0,0,557,3369.75,Karnataka,Fuel,1989,0
62.1,3,6,1,1,0,1,485,625.77,West Bengal,Utilities,1984,0
385.57,8,21,1,1,0,1,666,1326.86,West Bengal,Education,1988,0
2690.02,2,7,1,0,0,1,489,526.81,West Bengal,Fuel,1997,0
928.82,2,21,1,0,0,1,163,292.58,Delhi,Grocery,1985,0
292.65,2,21,1,1,0,1,157,44.21,Telangana,Food,1978,0
512.13,2,20,1,1,0,0,618,811.7,Uttar Pradesh,Healthcare,1984,0
1290.45,18,0,3,0,0,0,42,3443.18,Kerala,Utilities,1996,1
420.89,9,16,1,0,0,1,635,440.88,Kerala,Healthcare,1998,0
1025.43,6,18,1,1,0,0,63,1745.61,Tamil Nadu,Electronics,1988,0
1723.21,1,8,1,0,0,1,200,136.53,Delhi,Travel,1980,0
169.86,9,19,1,0,0,1,158,1835.07,Gujarat,Healthcare,1974,0
105.7,8,6,1,0,0,0,482,1583.59,Tamil Nadu,Travel,1988,0
264.09,9,7,1,0,0,0,134,556.63,Karnataka,Fuel,1995,0
749.62,3,18,1,1,0,1,632,62.38,Maharashtra,Travel,1971,0
40.65,3,23,2,1,0,0,12,2311.37,Uttar Pradesh,Utilities,1981,1
10.0,9,17,1,0,0,0,417,177.99,Tamil Nadu,Education,1986,0
1270.63,3,9,1,0,0,0,578,121.06,Tamil Nadu,Food,1989,0
1547.3,4,19,1,1,0,0,11,1400.21,Kerala,Entertainment,1973,0
129.7,5,7,1,0,0,1,359,119.61,Gujarat,Education,1973,0
1946.37,6,15,1,0,0,1,312,595.52,Tamil Nadu,Food,1984,0
515.28,3,20,1,1,0,1,425,128.39,Uttar Pradesh,Healthcare,1976,0
2284.55,7,17,1,1,0,0,482,317.34,Rajasthan,Utilities,1981,0
2311.25,9,11,1,1,0,1,341,2073.31,Karnataka,Fuel,1990,0
698.6,6,14,1,0,0,1,71,91.83,Tamil Nadu,Electronics,1990,0
646.97,6,7,1,0,0,1,102,4216.01,Gujarat,Grocery,1990,0
213.84,4,9,1,1,0,0,478,1129.25,Karnataka,Clothing,1971,0
98.25,1,12,1,1,0,0,657,68.56,Maharashtra,Healthcare,1986,0
3234.06,8,14,1,0,0,1,5,433.68,Karnataka,Education,1975,0
17631.93,10,5,1,2,0,1,53,3575.27,Kerala,Electronics,1987,1
1385.45,5,21,1,1,0,0,150,457.45,Tamil Nadu,Food,1982,0
826.29,4,13,1,1,0,1,557,577.03,Rajasthan,Healthcare,1993,0
508.35,4,17,1,1,0,0,575,1133.32,Tamil Nadu,Entertainment,1976,0
656.46,1,17,1,0,0,0,379,746.2,Gujarat,Travel,1974,0
926.87,5,21,1,0,0,1,115,1103.94,West Bengal,Utilities,1978,0
519.54,8,14,1,1,0,0,437,1004.24,Uttar Pradesh,Food,1978,0
150.49,3,21,1,0,0,1,539,952.78,Karnataka,Food,1983,0
1081.26,1,8,1,0,0,0,251,1542.16,Delhi,Clothing,1988,0
578.56,1,13,1,0,0,1,60,1401.53,Kerala,Fuel,1976,0
263.05,1,11,1,0,0,1,461,10.0,Maharashtra,Entertainment,1980,0
2505.04,2,13,1,1,0,1,67,3658.18,Karnataka,Healthcare,1989,0
414.79,4,7,1,0,0,1,64,376.76,Tamil Nadu,Clothing,1984,0
1637.51,3,11,1,1,0,1,222,240.03,West Bengal,Travel,1986,0
5828.0,4,12,1,0,0,0,727,50.65,Uttar Pradesh,Fuel,1988,0
299.14,2,22,4,2,1,0,48,4201.17,Maharashtra,Grocery,1973,1
1939.22,6,14,1,1,0,1,716,43.4,Delhi,Food,1972,0
2233.28,5,8,1,1,0,0,657,693.73,Uttar Pradesh,Utilities,1979,0
6242.19,6,12,1,0,0,1,419,188.12,Maharashtra,Clothing,1998,0
453.61,5,18,1,1,0,1,91,577.82,Gujarat,Utilities,1971,0
1182.34,5,6,1,0,0,0,132,1126.7,Rajasthan,Education,1981,0
268.27,6,13,1,0,0,0,716,2670.86,West Bengal,Fuel,1998,0
521.5,5,14,1,0,0,1,711,1155.67,Uttar Pradesh,Clothing,1999,0
222.82,2,17,1,1,0,1,698,339.7,Tamil Nadu,Fuel,1978,0
1172.37,4,15,1,1,0,0,599,794.95,Kerala,Grocery,1982,0
1475.0,3,18,1,1,0,1,220,844.77,Maharashtra,Utilities,1996,0
588.41,9,14,1,0,0,1,516,111.96,Delhi,Electronics,1996,0
1810.89,2,19,1,0,0,0,181,118.5,Gujarat,Travel,1979,0
365.86,8,20,1,0,0,0,122,715.35,Delhi,Grocery,1996,0
1884.12,7,20,1,0,0,1,633,850.37,Maharashtra,Healthcare,1980,0
3391.02,8,12,1,0,0,1,245,1421.97,Rajasthan,Education,1970,0
5057.55,9,14,1,1,0,1,559,399.1,West Bengal,Fuel,1970,0
489.29,9,8,1,1,0,1,550,809.9,Uttar Pradesh,Utilities,1998,0
671.26,1,12,1,0,0,1,18,537.73,Kerala,Clothing,1995,0
2020.07,7,16,1,1,0,0,537,912.03,Maharashtra,Grocery,1988,0
1944.27,8,21,1,1,0,1,399,255.46,Telangana,Electronics,1982,0
2841.74,1,7,1,0,0,1,158,1107.65,Telangana,Clothing,1971,0
285.79,7,14,1,1,0,1,454,1553.85,Karnataka,Entertainment,1970,0
34.29,8,7,1,1,0,1,628,913.27,Delhi,Electronics,1995,0
1523.44,4,12,1,0,0,1,476,634.72,Delhi,Food,1981,0
2374.5,8,19,1,0,0,1,371,3370.85,Tamil Nadu,Healthcare,1986,0
1070.3,1,7,1,1,0,0,639,3166.05,Delhi,Clothing,1978,0
206.48,5,13,1,1,0,1,463,70.0,West Bengal,Healthcare,1997,0
1366.44,6,13,1,0,0,1,399,1858.13,Tamil Nadu,Food,1989,0
999.28,7,10,1,1,0,1,521,127.07,Delhi,Food,1981,0
1716.51,3,12,1,1,0,0,295,73.23,Rajasthan,Grocery,1992,0
2030.93,6,14,1,1,0,0,643,790.47,Uttar Pradesh,Electronics,1974,0
3234.46,6,20,1,1,0,0,26,1513.44,Telangana,Travel,1977,0
1406.21,3,10,1,1,0,1,456,10.0,Uttar Pradesh,Fuel,1990,0
779.06,8,10,1,0,0,1,598,1713.9,Gujarat,Electronics,1999,0
486.1,9,8,1,1,0,0,666,1042.3,Rajasthan,Entertainment,1990,0
205.46,8,10,1,1,0,1,338,783.46,Kerala,Utilities,1998,0
309.7,9,7,1,0,0,0,482,1455.88,Uttar Pradesh,Travel,1996,0
1767.01,8,6,1,0,0,0,578,14.35,Uttar Pradesh,Food,1988,0
8185.05,2,16,1,0,0,0,540,1201.8,Karnataka,Education,1997,0
1525.08,7,15,1,0,0,0,188,1254.83,Delhi,Grocery,1975,0
125.38,5,13,1,1,0,0,75,512.54,Kerala,Grocery,1996,0
742.75,9,7,1,1,0,1,251,89.69,Tamil Nadu,Education,1981,0
532.94,4,22,4,1,0,1,6,3462.0,Karnataka,Clothing,1992,1
1122.3,9,8,1,1,0,1,459,177.58,Gujarat,Food,1975,0
364.1,9,8,1,1,0,0,498,10.24,Maharashtra,Electronics,1991,0
2164.22,9,11,1,1,0,0,361,1887.34,Maharashtra,Healthcare,1973,0
333.2,1,13,1,0,0,0,667,916.9,Karnataka,Utilities,1984,0
982.18,10,0,3,0,0,0,41,1894.71,Tamil Nadu,Grocery,1980,1
1676.53,6,19,1,1,0,0,395,2819.41,Uttar Pradesh,Travel,1996,0
1210.3,5,18,1,0,0,0,231,302.52,Uttar Pradesh,Travel,1993,0
2865.87,1,18,1,0,0,0,463,111.7,Tamil Nadu,Fuel,1984,0
2397.57,9,18,1,0,0,1,636,206.17,Gujarat,Grocery,1995,0
3536.19,6,14,1,1,0,1,273,491.57,Kerala,Travel,1993,0
422.9,2,15,1,0,0,0,282,1277.64,Uttar Pradesh,Fuel,1989,0
165.2,2,6,1,1,0,1,609,490.11,Delhi,Healthcare,1999,0
10.0,2,12,1,0,0,1,704,445.72,Karnataka,Travel,1972,0
374.52,1,17,1,0,0,0,379,2338.69,Tamil Nadu,Entertainment,1982,0
349.04,4,18,1,1,0,0,260,491.18,Karnataka,Fuel,1998,0
2406.13,2,11,1,1,0,1,309,2386.6,Delhi,Travel,1995,0
3736.61,1,16,1,1,0,1,396,1519.68,Maharashtra,Education,1978,0
582.93,6,17,1,0,0,0,676,988.58,Tamil Nadu,Education,1983,0
1009.42,7,6,1,0,0,1,223,23.88,Maharashtra,Travel,1992,0
455.24,2,14,1,1,0,1,716,41.64,Kerala,Education,1999,0
2263.53,4,10,1,1,0,0,639,41.34,Rajasthan,Fuel,1987,0
185.93,2,12,1,1,0,0,573,3557.36,Maharashtra,Grocery,1997,0
2899.93,2,17,1,0,0,1,8,320.12,Delhi,Entertainment,1990,0
63.69,14,23,3,0,1,0,51,1781.06,Karnataka,Entertainment,1974,1
32.35,9,19,1,1,0,0,526,545.9,Telangana,Grocery,1994,0
489.19,7,7,1,1,0,0,654,391.62,Rajasthan,Grocery,1971,0
178.41,9,9,1,1,0,0,269,1348.2,Delhi,Food,1985,0
322.27,5,12,1,0,0,0,456,742.68,Tamil Nadu,Healthcare,1994,0
314.13,4,20,1,0,0,1,38,1321.33,Telangana,Healthcare,1991,0
1329.07,4,10,1,1,0,0,727,135.55,West Bengal,Travel,1993,0
690.01,2,19,1,1,0,1,245,323.55,Kerala,Healthcare,1973,0
987.64,5,17,1,1,0,1,636,112.04,Maharashtra,Education,1988,0
1792.35,9,11,1,1,0,1,28,924.72,Telangana,Grocery,1984,0
10533.3,26,23,4,0,0,1,6,321.59,Tamil Nadu,Entertainment,1997,1
673.79,1,19,1,1,0,0,692,631.78,Karnataka,Food,1982,0
1025.07,7,7,1,1,0,1,398,259.5,Kerala,Travel,1987,0
90.16,4,17,1,1,0,1,465,18.55,West Bengal,Healthcare,1995,0
2358.33,5,19,1,0,0,0,515,559.49,Maharashtra,Food,1993,0
389.95,3,10,1,1,0,0,106,321.35,Kerala,Travel,1985,0
2213.14,5,16,1,0,0,1,627,232.29,Rajasthan,Food,1992,0
270.26,7,14,1,0,0,0,340,494.39,Rajasthan,Healthcare,1979,0
1723.94,2,12,1,1,0,0,275,53.81,Gujarat,Entertainment,1996,0
381.92,9,21,1,0,0,1,539,265.96,Telangana,Travel,1988,0
1903.03,3,7,1,0,0,0,282,346.06,Maharashtra,Clothing,1993,0
1427.11,5,17,1,0,0,1,519,2039.96,Karnataka,Electronics,1992,0
125.14,7,8,1,1,0,1,649,2273.29,West Bengal,Entertainment,1981,0
473.67,5,21,1,1,0,1,334,971.22,Uttar Pradesh,Utilities,1976,0
776.47,3,7,1,0,0,1,269,420.5,Telangana,Travel,1984,0
250.69,8,13,1,1,0,0,314,972.45,Rajasthan,Grocery,1993,0
1791.92,3,8,1,1,0,1,285,755.15,Kerala,Entertainment,1995,0
726.24,8,20,1,1,0,1,454,413.13,Gujarat,Grocery,1971,0
750.16,3,11,1,1,0,1,478,37.86,Kerala,Entertainment,1996,0
1090.15,6,10,1,1,0,0,114,148.91,Uttar Pradesh,Fuel,1984,0
756.23,6,17,1,1,0,1,568,460.51,Delhi,Healthcare,1981,0
2950.7,4,14,1,0,0,1,634,863.79,Gujarat,Clothing,1982,0
6712.64,28,22,2,1,0,1,43,1289.53,Rajasthan,Clothing,1974,1
1397.95,6,9,1,0,0,0,269,3560.36,West Bengal,Electronics,1976,0
207.3,5,12,1,0,0,0,178,101.43,Uttar Pradesh,Clothing,1997,0
2934.09,6,10,1,1,0,1,406,335.0,Rajasthan,Food,1995,0
4490.32,9,20,1,1,0,1,304,617.38,Uttar Pradesh,Entertainment,1986,0
810.65,2,19,1,0,0,1,442,1596.55,Delhi,Healthcare,1973,0
908.29,9,14,1,0,0,0,183,2401.35,Maharashtra,Food,1973,0
207.3,5,11,1,0,0,1,186,3233.87,Rajasthan,Healthcare,1974,0
1957.49,6,10,1,1,0,1,360,1812.93,Telangana,Travel,1994,0
1628.41,4,16,1,1,0,1,575,80.97,Telangana,Food,1990,0
513.82,5,19,1,1,0,0,383,1608.83,Telangana,Healthcare,1974,0
165.91,4,6,1,1,0,0,54,3568.28,Rajasthan,Grocery,1974,0
247.74,3,13,1,0,0,1,610,1355.45,West Bengal,Electronics,1978,0
16533.23,24,22,2,2,1,2,20,4345.29,Karnataka,Fuel,1975,1
2661.71,6,6,1,1,0,0,427,499.47,Kerala,Travel,1983,0
10.0,7,8,1,0,0,0,690,240.15,Rajasthan,Electronics,1980,0
149.59,4,21,1,1,0,1,378,3285.34,Tamil Nadu,Grocery,1988,0
341.67,7,8,1,0,0,1,233,21.01,Uttar Pradesh,Entertainment,1987,0
1855.48,6,9,1,1,0,1,125,1171.85,Kerala,Entertainment,1999,0
232.1,9,14,1,0,0,1,549,541.31,Rajasthan,Travel,1970,0
867.95,5,11,1,0,0,0,228,1040.27,Maharashtra,Travel,1982,0
1525.87,3,7,1,1,0,0,109,1623.54,Rajasthan,Food,1994,0
4495.55,5,13,1,0,0,1,245,796.79,Tamil Nadu,Fuel,1988,0
1616.6,6,7,1,1,0,0,174,1197.05,Tamil Nadu,Fuel,1978,0
988.07,3,10,1,1,0,0,237,10.0,Rajasthan,Entertainment,1999,0
72.82,3,18,1,1,0,0,460,1159.61,Karnataka,Education,1975,0
328.28,6,10,1,0,0,0,505,79.62,Uttar Pradesh,Travel,1981,0
4846.09,1,7,1,0,0,1,549,501.84,Karnataka,Travel,1983,0
5197.54,5,6,1,0,0,0,281,1017.89,Maharashtra,Utilities,1978,0
1122.98,1,16,1,1,0,1,228,3447.99,Maharashtra,Healthcare,1976,0
4073.54,9,10,1,1,0,0,212,3165.11,West Bengal,Fuel,1992,0
1251.32,9,21,1,0,0,1,166,572.03,West Bengal,Grocery,1973,0
2207.78,1,16,1,0,0,1,476,193.37,Uttar Pradesh,Education,1972,0
2409.67,1,16,1,0,0,1,172,189.57,Maharashtra,Fuel,1987,0
1202.43,8,20,1,1,0,1,637,673.74,Gujarat,Grocery,1985,0
5222.37,9,5,3,0,1,0,6,29255.17,Delhi,Healthcare,1994,1
1824.55,8,12,1,1,0,1,373,3085.36,Karnataka,Entertainment,1982,0
448.38,6,14,1,1,0,1,562,1685.75,Uttar Pradesh,Food,1976,0
659.4,5,16,1,0,0,1,627,526.77,Maharashtra,Food,1983,0
2685.53,1,9,1,1,0,1,716,341.29,Delhi,Clothing,1984,0
388.99,2,14,1,0,0,1,704,1900.77,Tamil Nadu,Food,1988,0
289.72,7,8,1,1,0,1,644,2894.25,Delhi,Entertainment,1972,0
2691.12,1,12,1,1,0,1,636,124.62,Uttar Pradesh,Utilities,1998,0
1103.93,7,16,1,1,0,0,249,222.76,West Bengal,Clothing,1976,0
344.69,8,8,1,1,0,1,298,495.36,Uttar Pradesh,Clothing,1998,0
373.8,6,14,1,0,0,0,67,530.68,Gujarat,Healthcare,1986,0
695.78,7,14,1,1,0,1,388,2694.0,Maharashtra,Utilities,1979,0
1642.34,3,13,1,0,0,0,670,318.36,Tamil Nadu,Education,1993,0
2755.58,9,16,1,1,0,1,357,23.92,Delhi,Entertainment,1993,0
842.95,3,16,1,0,0,0,116,254.86,Kerala,Entertainment,1987,0
435.95,3,15,1,1,0,1,95,358.27,Uttar Pradesh,Grocery,1987,0
164.37,8,17,1,0,0,0,28,11.64,Karnataka,Travel,1979,0
1712.33,8,3,1,0,0,0,12,1141.02,Rajasthan,Electronics,1971,1
103.9,5,15,1,1,0,1,517,246.73,Gujarat,Healthcare,1978,0
684.03,6,17,1,0,0,1,147,338.08,Kerala,Electronics,1997,0
4752.29,8,19,1,0,0,1,572,1014.92,Uttar Pradesh,Education,1976,0
1004.77,7,9,1,0,0,1,336,690.12,Telangana,Entertainment,1999,0
127.36,22,3,3,2,0,0,12,10601.69,Gujarat,Clothing,1972,1
68.84,1,19,1,0,0,0,37,326.1,Uttar Pradesh,Food,1999,0
828.16,7,7,1,1,0,1,188,106.97,Delhi,Clothing,1973,0
908.67,6,21,1,0,0,1,384,106.38,Karnataka,Education,1988,0
455.7,4,12,1,0,0,1,83,134.72,Karnataka,Clothing,1987,0
633.48,2,12,1,1,0,1,712,365.77,Rajasthan,Food,1988,0
2334.55,6,6,1,1,0,1,190,32.45,Uttar Pradesh,Education,1975,0
